{
	"credit": "Made with Blockbench",
	"ambientocclusion": false,
	"textures": {
		"0": "block/ladder_plain",
		"1": "block/ladder_vine",
		"2": "block/ladder_flower",
		"particle": "block/ladder_plain"
	},
	"elements": [
		{
			"from": [12, 0, 14],
			"to": [14, 16, 16],
			"rotation": {"angle": 0, "axis": "y", "origin": [0, 0, 16]},
			"faces": {
				"north": {"uv": [14, 0, 12, 16], "texture": "#0"},
				"east": {"uv": [14, 0, 12, 16], "texture": "#0"},
				"south": {"uv": [14, 0, 12, 16], "texture": "#0", "cullface": "north"},
				"west": {"uv": [14, 0, 12, 16], "texture": "#0"},
				"up": {"uv": [12, 2, 14, 0], "texture": "#0", "cullface": "up"},
				"down": {"uv": [12, 16, 14, 14], "texture": "#0", "cullface": "down"}
			}
		},
		{
			"from": [2, 0, 14],
			"to": [4, 16, 16],
			"rotation": {"angle": 0, "axis": "y", "origin": [0, 0, 16]},
			"faces": {
				"north": {"uv": [4, 0, 2, 16], "texture": "#0"},
				"east": {"uv": [4, 0, 2, 16], "texture": "#0"},
				"south": {"uv": [4, 0, 2, 16], "texture": "#0", "cullface": "north"},
				"west": {"uv": [4, 0, 2, 16], "texture": "#0"},
				"up": {"uv": [2, 2, 4, 0], "texture": "#0", "cullface": "up"},
				"down": {"uv": [2, 16, 4, 14], "texture": "#0", "cullface": "down"}
			}
		},
		{
			"from": [1, 13, 13],
			"to": [15, 15, 14],
			"rotation": {"angle": 0, "axis": "y", "origin": [0, 0, 16]},
			"faces": {
				"north": {"uv": [15, 1, 1, 3], "texture": "#0"},
				"east": {"uv": [15, 1, 14, 3], "texture": "#0"},
				"south": {"uv": [15, 1, 1, 3], "texture": "#0"},
				"west": {"uv": [2, 1, 1, 3], "texture": "#0"},
				"up": {"uv": [1, 2, 15, 1], "texture": "#0"},
				"down": {"uv": [1, 3, 15, 2], "texture": "#0"}
			}
		},
		{
			"from": [1, 9, 13],
			"to": [15, 11, 14],
			"rotation": {"angle": 0, "axis": "y", "origin": [0, 0, 16]},
			"faces": {
				"north": {"uv": [15, 5, 1, 7], "texture": "#0"},
				"east": {"uv": [15, 5, 14, 7], "texture": "#0"},
				"south": {"uv": [15, 5, 1, 7], "texture": "#0"},
				"west": {"uv": [2, 5, 1, 7], "texture": "#0"},
				"up": {"uv": [1, 6, 15, 5], "texture": "#0"},
				"down": {"uv": [1, 7, 15, 6], "texture": "#0"}
			}
		},
		{
			"from": [1, 5, 13],
			"to": [15, 7, 14],
			"rotation": {"angle": 0, "axis": "y", "origin": [0, 0, 16]},
			"faces": {
				"north": {"uv": [15, 9, 1, 11], "rotation": 180, "texture": "#0"},
				"east": {"uv": [15, 9, 14, 11], "texture": "#0"},
				"south": {"uv": [15, 9, 1, 11], "texture": "#0"},
				"west": {"uv": [2, 9, 1, 11], "texture": "#0"},
				"up": {"uv": [1, 10, 15, 9], "texture": "#0"},
				"down": {"uv": [1, 11, 15, 10], "texture": "#0"}
			}
		},
		{
			"from": [1, 1, 13],
			"to": [15, 3, 14],
			"rotation": {"angle": 0, "axis": "y", "origin": [0, 0, 16]},
			"faces": {
				"north": {"uv": [15, 13, 1, 15], "texture": "#0"},
				"east": {"uv": [15, 13, 14, 15], "texture": "#0"},
				"south": {"uv": [15, 13, 1, 15], "texture": "#0"},
				"west": {"uv": [2, 13, 1, 15], "texture": "#0"},
				"up": {"uv": [1, 14, 15, 13], "texture": "#0"},
				"down": {"uv": [1, 15, 15, 14], "texture": "#0"}
			}
		},
		{
			"from": [2, 2, 12],
			"to": [3, 3, 13],
			"rotation": {"angle": 0, "axis": "y", "origin": [0, 0, 16]},
			"faces": {
				"north": {"uv": [2, 0, 1, 1], "texture": "#1"},
				"east": {"uv": [1, 1, 0, 2], "texture": "#1"},
				"west": {"uv": [2, 1, 1, 2], "texture": "#1"},
				"up": {"uv": [1, 2, 0, 3], "texture": "#1"},
				"down": {"uv": [3, 1, 2, 0], "texture": "#1"}
			}
		},
		{
			"from": [3, 13, 12],
			"to": [4, 14, 13],
			"rotation": {"angle": 0, "axis": "y", "origin": [0, 0, 16]},
			"faces": {
				"north": {"uv": [2, 0, 1, 1], "texture": "#1"},
				"east": {"uv": [1, 1, 0, 2], "texture": "#1"},
				"west": {"uv": [2, 1, 1, 2], "texture": "#1"},
				"down": {"uv": [3, 1, 2, 0], "texture": "#1"}
			}
		},
		{
			"from": [2, 10, 12],
			"to": [3, 11, 13],
			"rotation": {"angle": 0, "axis": "y", "origin": [0, 0, 16]},
			"faces": {
				"north": {"uv": [2, 0, 1, 1], "texture": "#1"},
				"east": {"uv": [1, 1, 0, 2], "texture": "#1"},
				"west": {"uv": [2, 1, 1, 2], "texture": "#1"},
				"up": {"uv": [1, 2, 0, 3], "texture": "#1"},
				"down": {"uv": [3, 1, 2, 0], "texture": "#1"}
			}
		},
		{
			"from": [1, 4, 14],
			"to": [2, 5, 15],
			"rotation": {"angle": 0, "axis": "y", "origin": [0, 0, 16]},
			"faces": {
				"north": {"uv": [2, 0, 1, 1], "texture": "#1"},
				"south": {"uv": [1, 0, 0, 1], "texture": "#1"},
				"west": {"uv": [2, 1, 1, 2], "texture": "#1"},
				"up": {"uv": [1, 2, 0, 3], "texture": "#1"},
				"down": {"uv": [3, 1, 2, 0], "texture": "#1"}
			}
		},
		{
			"from": [4, 6, 14],
			"to": [5, 7, 15],
			"rotation": {"angle": 0, "axis": "y", "origin": [0, 0, 16]},
			"faces": {
				"east": {"uv": [1, 1, 0, 2], "texture": "#1"},
				"south": {"uv": [1, 0, 0, 1], "texture": "#1"},
				"up": {"uv": [1, 2, 0, 3], "texture": "#1"},
				"down": {"uv": [3, 1, 2, 0], "texture": "#1"}
			}
		},
		{
			"from": [3, 1, 12],
			"to": [4, 2, 13],
			"rotation": {"angle": 0, "axis": "y", "origin": [0, 0, 16]},
			"faces": {
				"north": {"uv": [2, 3, 1, 4], "texture": "#1"},
				"east": {"uv": [1, 4, 0, 5], "texture": "#1"},
				"west": {"uv": [2, 4, 1, 5], "texture": "#1"},
				"up": {"uv": [1, 5, 0, 6], "texture": "#1"},
				"down": {"uv": [3, 4, 2, 3], "texture": "#1"}
			}
		},
		{
			"from": [3, 15, 13],
			"to": [4, 16, 14],
			"rotation": {"angle": 0, "axis": "y", "origin": [0, 0, 16]},
			"faces": {
				"north": {"uv": [2, 3, 1, 4], "texture": "#1"},
				"east": {"uv": [1, 4, 0, 5], "texture": "#1"},
				"west": {"uv": [2, 4, 1, 5], "texture": "#1"},
				"up": {"uv": [1, 5, 0, 6], "texture": "#1", "cullface": "up"}
			}
		},
		{
			"from": [4, 12, 14],
			"to": [5, 13, 15],
			"rotation": {"angle": 0, "axis": "y", "origin": [0, 0, 16]},
			"faces": {
				"north": {"uv": [2, 3, 1, 4], "texture": "#1"},
				"east": {"uv": [1, 4, 0, 5], "texture": "#1"},
				"south": {"uv": [1, 3, 0, 4], "texture": "#1"},
				"up": {"uv": [1, 5, 0, 6], "texture": "#1"},
				"down": {"uv": [3, 4, 2, 3], "texture": "#1"}
			}
		},
		{
			"from": [1, 8, 12],
			"to": [2, 9, 13],
			"rotation": {"angle": 0, "axis": "y", "origin": [0, 0, 16]},
			"faces": {
				"north": {"uv": [2, 3, 1, 4], "texture": "#1"},
				"east": {"uv": [1, 4, 0, 5], "texture": "#1"},
				"south": {"uv": [1, 3, 0, 4], "texture": "#1"},
				"west": {"uv": [2, 4, 1, 5], "texture": "#1"},
				"down": {"uv": [3, 4, 2, 3], "texture": "#1"}
			}
		},
		{
			"from": [3, 0, 13],
			"to": [4, 1, 14],
			"rotation": {"angle": 0, "axis": "y", "origin": [0, 0, 16]},
			"faces": {
				"north": {"uv": [2, 3, 1, 4], "texture": "#1"},
				"east": {"uv": [1, 4, 0, 5], "texture": "#1"},
				"west": {"uv": [2, 4, 1, 5], "texture": "#1"},
				"down": {"uv": [3, 4, 2, 3], "texture": "#1", "cullface": "down"}
			}
		},
		{
			"from": [2, 3, 13],
			"to": [3, 4, 14],
			"rotation": {"angle": 0, "axis": "y", "origin": [0, 0, 16]},
			"faces": {
				"north": {"uv": [2, 6, 1, 7], "texture": "#1"},
				"east": {"uv": [1, 7, 0, 8], "texture": "#1"},
				"up": {"uv": [1, 8, 0, 9], "texture": "#1"}
			}
		},
		{
			"from": [1, 11, 14],
			"to": [2, 12, 15],
			"rotation": {"angle": 0, "axis": "y", "origin": [0, 0, 16]},
			"faces": {
				"north": {"uv": [2, 6, 1, 7], "texture": "#1"},
				"south": {"uv": [1, 6, 0, 7], "texture": "#1"},
				"west": {"uv": [2, 7, 1, 8], "texture": "#1"},
				"up": {"uv": [1, 8, 0, 9], "texture": "#1"},
				"down": {"uv": [3, 7, 2, 6], "texture": "#1"}
			}
		},
		{
			"from": [0, 10, 13],
			"to": [1, 11, 14],
			"rotation": {"angle": 0, "axis": "y", "origin": [0, 0, 16]},
			"faces": {
				"north": {"uv": [2, 6, 1, 7], "texture": "#1"},
				"south": {"uv": [1, 6, 0, 7], "texture": "#1"},
				"west": {"uv": [2, 7, 1, 8], "texture": "#1"},
				"up": {"uv": [1, 8, 0, 9], "texture": "#1"},
				"down": {"uv": [3, 7, 2, 6], "texture": "#1"}
			}
		},
		{
			"from": [1, 9, 12],
			"to": [2, 10, 13],
			"rotation": {"angle": 0, "axis": "y", "origin": [0, 0, 16]},
			"faces": {
				"north": {"uv": [2, 6, 1, 7], "texture": "#1"},
				"east": {"uv": [1, 7, 0, 8], "texture": "#1"},
				"west": {"uv": [2, 7, 1, 8], "texture": "#1"},
				"up": {"uv": [1, 8, 0, 9], "texture": "#1"}
			}
		},
		{
			"from": [3, 7, 13],
			"to": [4, 8, 14],
			"rotation": {"angle": 0, "axis": "y", "origin": [0, 0, 16]},
			"faces": {
				"north": {"uv": [2, 6, 1, 7], "texture": "#1"},
				"east": {"uv": [1, 7, 0, 8], "texture": "#1"},
				"up": {"uv": [1, 8, 0, 9], "texture": "#1"}
			}
		},
		{
			"from": [3, 14, 12],
			"to": [4, 15, 13],
			"rotation": {"angle": 0, "axis": "y", "origin": [0, 0, 16]},
			"faces": {
				"north": {"uv": [2, 6, 1, 7], "texture": "#1"},
				"east": {"uv": [1, 7, 0, 8], "texture": "#1"},
				"west": {"uv": [2, 7, 1, 8], "texture": "#1"},
				"up": {"uv": [1, 8, 0, 9], "texture": "#1"}
			}
		},
		{
			"from": [2, 11, 13],
			"to": [3, 12, 14],
			"rotation": {"angle": 0, "axis": "y", "origin": [0, 0, 16]},
			"faces": {
				"north": {"uv": [2, 6, 1, 7], "texture": "#1"},
				"east": {"uv": [1, 7, 0, 8], "texture": "#1"},
				"west": {"uv": [2, 7, 1, 8], "texture": "#1"},
				"up": {"uv": [1, 8, 0, 9], "texture": "#1"}
			}
		},
		{
			"from": [1, 3, 13],
			"to": [2, 4, 14],
			"rotation": {"angle": 0, "axis": "y", "origin": [0, 0, 16]},
			"faces": {
				"north": {"uv": [2, 9, 1, 10], "texture": "#1"},
				"south": {"uv": [1, 9, 0, 10], "texture": "#1"},
				"west": {"uv": [2, 10, 1, 11], "texture": "#1"},
				"up": {"uv": [1, 11, 0, 12], "texture": "#1"}
			}
		},
		{
			"from": [4, 15, 14],
			"to": [5, 16, 15],
			"rotation": {"angle": 0, "axis": "y", "origin": [0, 0, 16]},
			"faces": {
				"north": {"uv": [2, 9, 1, 10], "texture": "#1"},
				"east": {"uv": [1, 10, 0, 11], "texture": "#1"},
				"south": {"uv": [1, 9, 0, 10], "texture": "#1"},
				"up": {"uv": [1, 11, 0, 12], "texture": "#1", "cullface": "up"},
				"down": {"uv": [3, 10, 2, 9], "texture": "#1", "cullface": "up"}
			}
		},
		{
			"from": [2, 7, 13],
			"to": [3, 8, 14],
			"rotation": {"angle": 0, "axis": "y", "origin": [0, 0, 16]},
			"faces": {
				"north": {"uv": [2, 9, 1, 10], "texture": "#1"},
				"west": {"uv": [2, 10, 1, 11], "texture": "#1"},
				"up": {"uv": [1, 11, 0, 12], "texture": "#1"}
			}
		},
		{
			"from": [-1, 8, 8.7],
			"to": [0, 9, 8.7],
			"rotation": {"angle": 22.5, "axis": "x", "origin": [0, 0, 16]},
			"faces": {
				"north": {"uv": [1, 1, 0, 2], "texture": "#2"},
				"south": {"uv": [1, 0, 0, 1], "texture": "#2"}
			}
		},
		{
			"from": [0, 9, 8.7],
			"to": [1, 10, 8.7],
			"rotation": {"angle": 22.5, "axis": "x", "origin": [0, 0, 16]},
			"faces": {
				"north": {"uv": [2, 1, 1, 2], "texture": "#2"},
				"south": {"uv": [2, 0, 1, 1], "texture": "#2"}
			}
		},
		{
			"from": [1, 8, 8.7],
			"to": [2, 9, 8.7],
			"rotation": {"angle": 22.5, "axis": "x", "origin": [0, 0, 16]},
			"faces": {
				"north": {"uv": [3, 0, 2, 1], "texture": "#2"},
				"south": {"uv": [1, 2, 0, 3], "texture": "#2"}
			}
		},
		{
			"from": [0, 7, 8.7],
			"to": [1, 8, 8.7],
			"rotation": {"angle": 22.5, "axis": "x", "origin": [0, 0, 16]},
			"faces": {
				"north": {"uv": [3, 1, 2, 2], "texture": "#2"},
				"south": {"uv": [2, 2, 1, 3], "texture": "#2"}
			}
		},
		{
			"from": [0, 8, 8.4],
			"to": [1, 9, 8.7],
			"rotation": {"angle": 22.5, "axis": "x", "origin": [0, 0, 16]},
			"faces": {
				"north": {"uv": [3, 5, 2, 6], "texture": "#2"},
				"east": {"uv": [2.3, 4, 2, 5], "texture": "#2"},
				"south": {"uv": [4, 5, 3, 6], "texture": "#2"},
				"west": {"uv": [3.3, 4, 3, 5], "texture": "#2"},
				"up": {"uv": [2, 4.3, 3, 4], "texture": "#2"},
				"down": {"uv": [3, 4.3, 4, 4], "texture": "#2"}
			}
		},
		{
			"from": [1, 14, 10.7],
			"to": [2, 15, 10.7],
			"rotation": {"angle": -22.5, "axis": "y", "origin": [0, 0, 16]},
			"faces": {
				"north": {"uv": [1, 1, 0, 2], "texture": "#2"},
				"south": {"uv": [1, 0, 0, 1], "texture": "#2"}
			}
		},
		{
			"from": [2, 15, 10.7],
			"to": [3, 16, 10.7],
			"rotation": {"angle": -22.5, "axis": "y", "origin": [0, 0, 16]},
			"faces": {
				"north": {"uv": [2, 1, 1, 2], "texture": "#2"},
				"south": {"uv": [2, 0, 1, 1], "texture": "#2"}
			}
		},
		{
			"from": [3, 14, 10.7],
			"to": [4, 15, 10.7],
			"rotation": {"angle": -22.5, "axis": "y", "origin": [0, 0, 16]},
			"faces": {
				"north": {"uv": [3, 0, 2, 1], "texture": "#2"},
				"south": {"uv": [1, 2, 0, 3], "texture": "#2"}
			}
		},
		{
			"from": [2, 13, 10.7],
			"to": [3, 14, 10.7],
			"rotation": {"angle": -22.5, "axis": "y", "origin": [0, 0, 16]},
			"faces": {
				"north": {"uv": [3, 1, 2, 2], "texture": "#2"},
				"south": {"uv": [2, 2, 1, 3], "texture": "#2"}
			}
		},
		{
			"from": [2, 14, 10.4],
			"to": [3, 15, 10.7],
			"rotation": {"angle": -22.5, "axis": "y", "origin": [0, 0, 16]},
			"faces": {
				"north": {"uv": [3, 5, 2, 6], "texture": "#2"},
				"east": {"uv": [2.3, 4, 2, 5], "texture": "#2"},
				"south": {"uv": [4, 5, 3, 6], "texture": "#2"},
				"west": {"uv": [3.3, 4, 3, 5], "texture": "#2"},
				"up": {"uv": [2, 4.3, 3, 4], "texture": "#2"},
				"down": {"uv": [3, 4.3, 4, 4], "texture": "#2"}
			}
		},
		{
			"from": [2, 4, 14.7],
			"to": [3, 5, 14.7],
			"rotation": {"angle": 45, "axis": "y", "origin": [0, 0, 16]},
			"faces": {
				"north": {"uv": [1, 1, 0, 2], "texture": "#2"},
				"south": {"uv": [1, 0, 0, 1], "texture": "#2"}
			}
		},
		{
			"from": [3, 5, 14.7],
			"to": [4, 6, 14.7],
			"rotation": {"angle": 45, "axis": "y", "origin": [0, 0, 16]},
			"faces": {
				"north": {"uv": [2, 1, 1, 2], "texture": "#2"},
				"south": {"uv": [2, 0, 1, 1], "texture": "#2"}
			}
		},
		{
			"from": [4, 4, 14.7],
			"to": [5, 5, 14.7],
			"rotation": {"angle": 45, "axis": "y", "origin": [0, 0, 16]},
			"faces": {
				"north": {"uv": [3, 0, 2, 1], "texture": "#2"},
				"south": {"uv": [1, 2, 0, 3], "texture": "#2"}
			}
		},
		{
			"from": [3, 3, 14.7],
			"to": [4, 4, 14.7],
			"rotation": {"angle": 45, "axis": "y", "origin": [0, 0, 16]},
			"faces": {
				"north": {"uv": [3, 1, 2, 2], "texture": "#2"},
				"south": {"uv": [2, 2, 1, 3], "texture": "#2"}
			}
		},
		{
			"from": [3, 4, 14.4],
			"to": [4, 5, 14.7],
			"rotation": {"angle": 45, "axis": "y", "origin": [0, 0, 16]},
			"faces": {
				"north": {"uv": [3, 5, 2, 6], "texture": "#2"},
				"east": {"uv": [2.3, 4, 2, 5], "texture": "#2"},
				"south": {"uv": [4, 5, 3, 6], "texture": "#2"},
				"west": {"uv": [3.3, 4, 3, 5], "texture": "#2"},
				"up": {"uv": [3, 4, 2, 4.3], "rotation": 180, "texture": "#2"},
				"down": {"uv": [4, 4, 3, 4.3], "rotation": 180, "texture": "#2"}
			}
		},
		{
			"from": [13, 2, 12],
			"to": [14, 3, 13],
			"rotation": {"angle": 0, "axis": "y", "origin": [16, 0, 16]},
			"faces": {
				"north": {"uv": [1, 0, 2, 1], "texture": "#1"},
				"east": {"uv": [1, 1, 2, 2], "texture": "#1"},
				"west": {"uv": [0, 1, 1, 2], "texture": "#1"},
				"up": {"uv": [0, 2, 1, 3], "texture": "#1"},
				"down": {"uv": [2, 1, 3, 0], "texture": "#1"}
			}
		},
		{
			"from": [12, 13, 12],
			"to": [13, 14, 13],
			"rotation": {"angle": 0, "axis": "y", "origin": [16, 0, 16]},
			"faces": {
				"north": {"uv": [1, 0, 2, 1], "texture": "#1"},
				"east": {"uv": [1, 1, 2, 2], "texture": "#1"},
				"west": {"uv": [0, 1, 1, 2], "texture": "#1"},
				"down": {"uv": [2, 1, 3, 0], "texture": "#1"}
			}
		},
		{
			"from": [13, 10, 12],
			"to": [14, 11, 13],
			"rotation": {"angle": 0, "axis": "y", "origin": [16, 0, 16]},
			"faces": {
				"north": {"uv": [1, 0, 2, 1], "texture": "#1"},
				"east": {"uv": [1, 1, 2, 2], "texture": "#1"},
				"west": {"uv": [0, 1, 1, 2], "texture": "#1"},
				"up": {"uv": [0, 2, 1, 3], "texture": "#1"},
				"down": {"uv": [2, 1, 3, 0], "texture": "#1"}
			}
		},
		{
			"from": [14, 4, 14],
			"to": [15, 5, 15],
			"rotation": {"angle": 0, "axis": "y", "origin": [16, 0, 16]},
			"faces": {
				"north": {"uv": [1, 0, 2, 1], "texture": "#1"},
				"east": {"uv": [1, 1, 2, 2], "texture": "#1"},
				"south": {"uv": [0, 0, 1, 1], "texture": "#1"},
				"up": {"uv": [0, 2, 1, 3], "texture": "#1"},
				"down": {"uv": [2, 1, 3, 0], "texture": "#1"}
			}
		},
		{
			"from": [11, 6, 14],
			"to": [12, 7, 15],
			"rotation": {"angle": 0, "axis": "y", "origin": [16, 0, 16]},
			"faces": {
				"south": {"uv": [0, 0, 1, 1], "texture": "#1"},
				"west": {"uv": [0, 1, 1, 2], "texture": "#1"},
				"up": {"uv": [0, 2, 1, 3], "texture": "#1"},
				"down": {"uv": [2, 1, 3, 0], "texture": "#1"}
			}
		},
		{
			"from": [12, 1, 12],
			"to": [13, 2, 13],
			"rotation": {"angle": 0, "axis": "y", "origin": [16, 0, 16]},
			"faces": {
				"north": {"uv": [1, 3, 2, 4], "texture": "#1"},
				"east": {"uv": [1, 4, 2, 5], "texture": "#1"},
				"west": {"uv": [0, 4, 1, 5], "texture": "#1"},
				"up": {"uv": [0, 5, 1, 6], "texture": "#1"},
				"down": {"uv": [2, 4, 3, 3], "texture": "#1"}
			}
		},
		{
			"from": [12, 15, 13],
			"to": [13, 16, 14],
			"rotation": {"angle": 0, "axis": "y", "origin": [16, 0, 16]},
			"faces": {
				"north": {"uv": [1, 3, 2, 4], "texture": "#1"},
				"east": {"uv": [1, 4, 2, 5], "texture": "#1"},
				"west": {"uv": [0, 4, 1, 5], "texture": "#1"},
				"up": {"uv": [0, 5, 1, 6], "texture": "#1", "cullface": "up"}
			}
		},
		{
			"from": [11, 12, 14],
			"to": [12, 13, 15],
			"rotation": {"angle": 0, "axis": "y", "origin": [16, 0, 16]},
			"faces": {
				"north": {"uv": [1, 3, 2, 4], "texture": "#1"},
				"south": {"uv": [0, 3, 1, 4], "texture": "#1"},
				"west": {"uv": [0, 4, 1, 5], "texture": "#1"},
				"up": {"uv": [0, 5, 1, 6], "texture": "#1"},
				"down": {"uv": [2, 4, 3, 3], "texture": "#1"}
			}
		},
		{
			"from": [14, 8, 12],
			"to": [15, 9, 13],
			"rotation": {"angle": 0, "axis": "y", "origin": [16, 0, 16]},
			"faces": {
				"north": {"uv": [1, 3, 2, 4], "texture": "#1"},
				"east": {"uv": [1, 4, 2, 5], "texture": "#1"},
				"south": {"uv": [0, 3, 1, 4], "texture": "#1"},
				"west": {"uv": [0, 4, 1, 5], "texture": "#1"},
				"down": {"uv": [2, 4, 3, 3], "texture": "#1"}
			}
		},
		{
			"from": [12, 0, 13],
			"to": [13, 1, 14],
			"rotation": {"angle": 0, "axis": "y", "origin": [16, 0, 16]},
			"faces": {
				"north": {"uv": [1, 3, 2, 4], "texture": "#1"},
				"east": {"uv": [1, 4, 2, 5], "texture": "#1"},
				"west": {"uv": [0, 4, 1, 5], "texture": "#1"},
				"down": {"uv": [2, 4, 3, 3], "texture": "#1", "cullface": "down"}
			}
		},
		{
			"from": [13, 3, 13],
			"to": [14, 4, 14],
			"rotation": {"angle": 0, "axis": "y", "origin": [16, 0, 16]},
			"faces": {
				"north": {"uv": [1, 6, 2, 7], "texture": "#1"},
				"west": {"uv": [0, 7, 1, 8], "texture": "#1"},
				"up": {"uv": [0, 8, 1, 9], "texture": "#1"}
			}
		},
		{
			"from": [14, 11, 14],
			"to": [15, 12, 15],
			"rotation": {"angle": 0, "axis": "y", "origin": [16, 0, 16]},
			"faces": {
				"north": {"uv": [1, 6, 2, 7], "texture": "#1"},
				"east": {"uv": [1, 7, 2, 8], "texture": "#1"},
				"south": {"uv": [0, 6, 1, 7], "texture": "#1"},
				"up": {"uv": [0, 8, 1, 9], "texture": "#1"},
				"down": {"uv": [2, 7, 3, 6], "texture": "#1"}
			}
		},
		{
			"from": [14, 9, 12],
			"to": [15, 10, 13],
			"rotation": {"angle": 0, "axis": "y", "origin": [16, 0, 16]},
			"faces": {
				"north": {"uv": [1, 6, 2, 7], "texture": "#1"},
				"east": {"uv": [1, 7, 2, 8], "texture": "#1"},
				"west": {"uv": [0, 7, 1, 8], "texture": "#1"},
				"up": {"uv": [0, 8, 1, 9], "texture": "#1"}
			}
		},
		{
			"from": [12, 7, 13],
			"to": [13, 8, 14],
			"rotation": {"angle": 0, "axis": "y", "origin": [16, 0, 16]},
			"faces": {
				"north": {"uv": [1, 6, 2, 7], "texture": "#1"},
				"west": {"uv": [0, 7, 1, 8], "texture": "#1"},
				"up": {"uv": [0, 8, 1, 9], "texture": "#1"}
			}
		},
		{
			"from": [12, 14, 12],
			"to": [13, 15, 13],
			"rotation": {"angle": 0, "axis": "y", "origin": [16, 0, 16]},
			"faces": {
				"north": {"uv": [1, 6, 2, 7], "texture": "#1"},
				"east": {"uv": [1, 7, 2, 8], "texture": "#1"},
				"west": {"uv": [0, 7, 1, 8], "texture": "#1"},
				"up": {"uv": [0, 8, 1, 9], "texture": "#1"}
			}
		},
		{
			"from": [13, 11, 13],
			"to": [14, 12, 14],
			"rotation": {"angle": 0, "axis": "y", "origin": [16, 0, 16]},
			"faces": {
				"north": {"uv": [1, 6, 2, 7], "texture": "#1"},
				"east": {"uv": [1, 7, 2, 8], "texture": "#1"},
				"west": {"uv": [0, 7, 1, 8], "texture": "#1"},
				"up": {"uv": [0, 8, 1, 9], "texture": "#1"}
			}
		},
		{
			"from": [14, 3, 13],
			"to": [15, 4, 14],
			"rotation": {"angle": 0, "axis": "y", "origin": [16, 0, 16]},
			"faces": {
				"north": {"uv": [1, 9, 2, 10], "texture": "#1"},
				"east": {"uv": [1, 10, 2, 11], "texture": "#1"},
				"south": {"uv": [0, 9, 1, 10], "texture": "#1"},
				"up": {"uv": [0, 11, 1, 12], "texture": "#1"}
			}
		},
		{
			"from": [11, 15, 14],
			"to": [12, 16, 15],
			"rotation": {"angle": 0, "axis": "y", "origin": [16, 0, 16]},
			"faces": {
				"north": {"uv": [1, 9, 2, 10], "texture": "#1"},
				"south": {"uv": [0, 9, 1, 10], "texture": "#1"},
				"west": {"uv": [0, 10, 1, 11], "texture": "#1"},
				"up": {"uv": [0, 11, 1, 12], "texture": "#1", "cullface": "up"},
				"down": {"uv": [2, 10, 3, 9], "texture": "#1", "cullface": "up"}
			}
		},
		{
			"from": [13, 7, 13],
			"to": [14, 8, 14],
			"rotation": {"angle": 0, "axis": "y", "origin": [16, 0, 16]},
			"faces": {
				"north": {"uv": [1, 9, 2, 10], "texture": "#1"},
				"east": {"uv": [1, 10, 2, 11], "texture": "#1"},
				"up": {"uv": [0, 11, 1, 12], "texture": "#1"}
			}
		},
		{
			"from": [10, 7, 6.7],
			"to": [11, 8, 6.7],
			"rotation": {"angle": -22.5, "axis": "y", "origin": [0, 0, 16]},
			"faces": {
				"north": {"uv": [1, 1, 0, 2], "texture": "#2"},
				"south": {"uv": [1, 0, 0, 1], "texture": "#2"}
			}
		},
		{
			"from": [11, 8, 6.7],
			"to": [12, 9, 6.7],
			"rotation": {"angle": -22.5, "axis": "y", "origin": [0, 0, 16]},
			"faces": {
				"north": {"uv": [2, 1, 1, 2], "texture": "#2"},
				"south": {"uv": [2, 0, 1, 1], "texture": "#2"}
			}
		},
		{
			"from": [12, 7, 6.7],
			"to": [13, 8, 6.7],
			"rotation": {"angle": -22.5, "axis": "y", "origin": [0, 0, 16]},
			"faces": {
				"north": {"uv": [3, 0, 2, 1], "texture": "#2"},
				"south": {"uv": [1, 2, 0, 3], "texture": "#2"}
			}
		},
		{
			"from": [11, 6, 6.7],
			"to": [12, 7, 6.7],
			"rotation": {"angle": -22.5, "axis": "y", "origin": [0, 0, 16]},
			"faces": {
				"north": {"uv": [3, 1, 2, 2], "texture": "#2"},
				"south": {"uv": [2, 2, 1, 3], "texture": "#2"}
			}
		},
		{
			"from": [11, 7, 6.4],
			"to": [12, 8, 6.7],
			"rotation": {"angle": -22.5, "axis": "y", "origin": [0, 0, 16]},
			"faces": {
				"north": {"uv": [3, 5, 2, 6], "texture": "#2"},
				"east": {"uv": [2.3, 4, 2, 5], "texture": "#2"},
				"south": {"uv": [4, 5, 3, 6], "texture": "#2"},
				"west": {"uv": [3.3, 4, 3, 5], "texture": "#2"},
				"up": {"uv": [2, 4.3, 3, 4], "texture": "#2"},
				"down": {"uv": [3, 4.3, 4, 4], "texture": "#2"}
			}
		},
		{
			"from": [6.7, 11, 5],
			"to": [6.7, 12, 6],
			"rotation": {"angle": -45, "axis": "y", "origin": [0, 0, 16]},
			"faces": {
				"east": {"uv": [1, 0, 0, 1], "texture": "#2"},
				"west": {"uv": [1, 1, 0, 2], "texture": "#2"}
			}
		},
		{
			"from": [6.7, 12, 4],
			"to": [6.7, 13, 5],
			"rotation": {"angle": -45, "axis": "y", "origin": [0, 0, 16]},
			"faces": {
				"east": {"uv": [2, 0, 1, 1], "texture": "#2"},
				"west": {"uv": [2, 1, 1, 2], "texture": "#2"}
			}
		},
		{
			"from": [6.7, 11, 3],
			"to": [6.7, 12, 4],
			"rotation": {"angle": -45, "axis": "y", "origin": [0, 0, 16]},
			"faces": {
				"east": {"uv": [1, 2, 0, 3], "texture": "#2"},
				"west": {"uv": [3, 0, 2, 1], "texture": "#2"}
			}
		},
		{
			"from": [6.7, 10, 4],
			"to": [6.7, 11, 5],
			"rotation": {"angle": -45, "axis": "y", "origin": [0, 0, 16]},
			"faces": {
				"east": {"uv": [2, 2, 1, 3], "texture": "#2"},
				"west": {"uv": [3, 1, 2, 2], "texture": "#2"}
			}
		},
		{
			"from": [6.4, 11, 4],
			"to": [6.7, 12, 5],
			"rotation": {"angle": -45, "axis": "y", "origin": [0, 0, 16]},
			"faces": {
				"north": {"uv": [2.3, 4, 2, 5], "texture": "#2"},
				"east": {"uv": [4, 5, 3, 6], "texture": "#2"},
				"south": {"uv": [3.3, 4, 3, 5], "texture": "#2"},
				"west": {"uv": [3, 5, 2, 6], "texture": "#2"},
				"up": {"uv": [3, 4, 2, 4.3], "rotation": 90, "texture": "#2"},
				"down": {"uv": [4, 4, 3, 4.3], "rotation": 270, "texture": "#2"}
			}
		}
	],
	"display": {
		"thirdperson_righthand": {
			"rotation": [75, 45, 0],
			"translation": [0, 2.5, 0],
			"scale": [0.375, 0.375, 0.375]
		},
		"thirdperson_lefthand": {
			"rotation": [75, 45, 0],
			"translation": [0, 2.5, 0],
			"scale": [0.375, 0.375, 0.375]
		},
		"firstperson_righthand": {
			"rotation": [0, 45, 0],
			"scale": [0.4, 0.4, 0.4]
		},
		"firstperson_lefthand": {
			"rotation": [0, 225, 0],
			"scale": [0.4, 0.4, 0.4]
		},
		"ground": {
			"translation": [0, 3, 0],
			"scale": [0.25, 0.25, 0.25]
		},
		"gui": {
			"rotation": [30, 225, 0],
			"scale": [0.625, 0.625, 0.625]
		},
		"fixed": {
			"scale": [0.5, 0.5, 0.5]
		}
	},
	"groups": [
		{
			"name": "Sides",
			"origin": [0, 0, 0],
			"color": 0,
			"children": [0, 1]
		},
		{
			"name": "Rungs",
			"origin": [0, 0, 0],
			"color": 0,
			"children": [2, 3, 4, 5]
		},
		{
			"name": "Vine L",
			"origin": [0, 0, 0],
			"color": 0,
			"children": [6, 7, 8, 9, 10, 11, 12, 13, 14, 15, 16, 17, 18, 19, 20, 21, 22, 23, 24, 25]
		},
		{
			"name": "Flower",
			"origin": [0, 0, 0],
			"color": 0,
			"children": [
				{
					"name": "Petals",
					"origin": [0, 0, 0],
					"color": 0,
					"children": [26, 27, 28, 29]
				},
				{
					"name": "Center",
					"origin": [0, 0, 0],
					"color": 0,
					"children": [30]
				}
			]
		},
		{
			"name": "Flower",
			"origin": [0, 0, 0],
			"color": 0,
			"children": [
				{
					"name": "Petals",
					"origin": [0, 0, 0],
					"color": 0,
					"children": [31, 32, 33, 34]
				},
				{
					"name": "Center",
					"origin": [0, 0, 0],
					"color": 0,
					"children": [35]
				}
			]
		},
		{
			"name": "Flower",
			"origin": [0, 0, 0],
			"color": 0,
			"children": [
				{
					"name": "Petals",
					"origin": [0, 0, 0],
					"color": 0,
					"children": [36, 37, 38, 39]
				},
				{
					"name": "Center",
					"origin": [0, 0, 0],
					"color": 0,
					"children": [40]
				}
			]
		},
		{
			"name": "Vine R",
			"origin": [0, 0, 0],
			"color": 0,
			"children": [41, 42, 43, 44, 45, 46, 47, 48, 49, 50, 51, 52, 53, 54, 55, 56, 57, 58, 59]
		},
		{
			"name": "Flower",
			"origin": [0, 0, 0],
			"color": 0,
			"children": [
				{
					"name": "Petals",
					"origin": [0, 0, 0],
					"color": 0,
					"children": [60, 61, 62, 63]
				},
				{
					"name": "Center",
					"origin": [0, 0, 0],
					"color": 0,
					"children": [64]
				}
			]
		},
		{
			"name": "Flower",
			"origin": [0, 0, 0],
			"color": 0,
			"children": [
				{
					"name": "Petals",
					"origin": [0, 0, 0],
					"color": 0,
					"children": [65, 66, 67, 68]
				},
				{
					"name": "Center",
					"origin": [0, 0, 0],
					"color": 0,
					"children": [69]
				}
			]
		}
	]
}