{
	"credit": "Made with blockbench",
	"ambientocclusion": false,
	"textures": {
		"0": "block/potbig",
		"1": "block/potbig_bottom",
		"2": "block/potbig_top",
		"3": "block/rooted_dirt",
		"4": "block/acacia_sapling",
		"particle": "block/potbig"
	},
	"elements": [
		{
			"from": [2, 0, 2],
			"to": [14, 2, 14],
			"faces": {
				"north": {"uv": [2, 14, 14, 16], "texture": "#0"},
				"east": {"uv": [2, 14, 14, 16], "texture": "#0"},
				"south": {"uv": [2, 14, 14, 16], "texture": "#0"},
				"west": {"uv": [2, 14, 14, 16], "texture": "#0"},
				"up": {"uv": [0, 0, 13, 13], "texture": "#missing"},
				"down": {"uv": [2, 2, 14, 14], "texture": "#1"}
			}
		},
		{
			"from": [1, 2, 1],
			"to": [15, 12, 15],
			"faces": {
				"north": {"uv": [1, 5, 15, 14], "texture": "#0"},
				"east": {"uv": [1, 5, 15, 14], "texture": "#0"},
				"south": {"uv": [1, 5, 15, 14], "texture": "#0"},
				"west": {"uv": [1, 5, 15, 14], "texture": "#0"},
				"up": {"uv": [1, 1, 15, 15], "texture": "#2"},
				"down": {"uv": [1, 1, 15, 15], "texture": "#1"}
			}
		},
		{
			"from": [2, 12, 2],
			"to": [14, 14, 14],
			"faces": {
				"north": {"uv": [2, 3, 14, 5], "texture": "#0"},
				"east": {"uv": [2, 3, 14, 5], "texture": "#0"},
				"south": {"uv": [2, 3, 14, 5], "texture": "#0"},
				"west": {"uv": [2, 3, 14, 5], "texture": "#0"},
				"up": {"uv": [2, 2, 14, 14], "texture": "#3"},
				"down": {"uv": [0, 0, 13, 13], "texture": "#missing"}
			}
		},
		{
			"from": [1, 14, 13],
			"to": [15, 16, 15],
			"faces": {
				"north": {"uv": [1, 4, 15, 6], "texture": "#1"},
				"east": {"uv": [1, 1, 3, 3], "texture": "#0"},
				"south": {"uv": [1, 1, 15, 3], "texture": "#0"},
				"west": {"uv": [13, 1, 15, 3], "texture": "#0"},
				"up": {"uv": [1, 13, 15, 15], "texture": "#2"},
				"down": {"uv": [1, 13, 15, 15], "texture": "#1"}
			}
		},
		{
			"from": [1, 14, 1],
			"to": [15, 16, 3],
			"faces": {
				"north": {"uv": [1, 1, 15, 3], "texture": "#0"},
				"east": {"uv": [13, 1, 15, 3], "texture": "#0"},
				"south": {"uv": [1, 1, 15, 3], "texture": "#1"},
				"west": {"uv": [1, 1, 3, 3], "texture": "#0"},
				"up": {"uv": [1, 1, 15, 3], "texture": "#2"},
				"down": {"uv": [1, 1, 15, 3], "texture": "#1"}
			}
		},
		{
			"from": [13, 14, 3],
			"to": [15, 16, 13],
			"faces": {
				"north": {"uv": [0, 0, 2, 2], "texture": "#missing"},
				"east": {"uv": [3, 1, 13, 3], "texture": "#0"},
				"south": {"uv": [0, 0, 2, 2], "texture": "#missing"},
				"west": {"uv": [3, 1, 13, 3], "texture": "#1"},
				"up": {"uv": [13, 3, 15, 13], "texture": "#2"},
				"down": {"uv": [13, 3, 15, 13], "texture": "#1"}
			}
		},
		{
			"from": [1, 14, 3],
			"to": [3, 16, 13],
			"faces": {
				"north": {"uv": [0, 0, 2, 2], "texture": "#missing"},
				"east": {"uv": [3, 1, 13, 3], "texture": "#1"},
				"south": {"uv": [0, 0, 2, 2], "texture": "#missing"},
				"west": {"uv": [3, 1, 13, 3], "texture": "#0"},
				"up": {"uv": [1, 3, 3, 13], "texture": "#2"},
				"down": {"uv": [1, 3, 3, 13], "texture": "#1"}
			}
		},
		{
			"from": [8, 14, 0],
			"to": [8, 30, 16],
			"rotation": {"angle": -45, "axis": "y", "origin": [8, 22, 8], "rescale": true},
			"faces": {
				"north": {"uv": [0, 0, 0, 16], "texture": "#missing"},
				"east": {"uv": [0, 0, 16, 16], "texture": "#4"},
				"south": {"uv": [0, 0, 0, 16], "texture": "#missing"},
				"west": {"uv": [0, 0, 16, 16], "texture": "#4"},
				"up": {"uv": [0, 0, 16, 0], "rotation": 270, "texture": "#missing"},
				"down": {"uv": [0, 0, 16, 0], "rotation": 90, "texture": "#missing"}
			}
		},
		{
			"from": [0, 14, 8],
			"to": [16, 30, 8],
			"rotation": {"angle": -45, "axis": "y", "origin": [8, 22, 8], "rescale": true},
			"faces": {
				"north": {"uv": [0, 0, 16, 16], "texture": "#4"},
				"east": {"uv": [0, 0, 0, 16], "texture": "#missing"},
				"south": {"uv": [0, 0, 16, 16], "texture": "#4"},
				"west": {"uv": [0, 0, 0, 16], "texture": "#missing"},
				"up": {"uv": [0, 0, 16, 0], "texture": "#missing"},
				"down": {"uv": [0, 0, 16, 0], "texture": "#missing"}
			}
		}
	]
}