{
	"credit": "Made with Blockbench",
	"ambientocclusion": false,
	"textures": {
		"2": "blocks/dandelion_3",
		"3": "blocks/dandelion_3m",
		"4": "blocks/dandelion_top",
		"2_0": "blocks/dandelion_0",
		"particle": "blocks/dandelion_0m",
		"2_1": "blocks/dandelion_0m"
	},
	"elements": [
		{
			"from": [7.72049, 0, -0.12961],
			"to": [7.72049, 16, 15.87039],
			"rotation": {"angle": -45, "axis": "y", "origin": [7.70379, 10.37727, 8.27259], "rescale": true},
			"faces": {
				"north": {"uv": [0, 0, 0, 16], "texture": "#missing"},
				"east": {"uv": [0, 0, 16, 16], "texture": "#2"},
				"south": {"uv": [0, 0, 0, 16], "texture": "#missing"},
				"west": {"uv": [0, 0, 16, 16], "texture": "#3"},
				"up": {"uv": [0, 0, 16, 0], "rotation": 90, "texture": "#missing"},
				"down": {"uv": [0, 0, 16, 0], "rotation": 270, "texture": "#missing"}
			}
		},
		{
			"from": [6.6, 5, -0.5],
			"to": [9.6, 5, 2.5],
			"rotation": {"angle": -45, "axis": "y", "origin": [4.5, 0, 4.5], "rescale": true},
			"faces": {
				"north": {"uv": [0, 0, 3, 0], "texture": "#missing"},
				"east": {"uv": [0, 0, 3, 0], "texture": "#missing"},
				"south": {"uv": [0, 0, 3, 0], "texture": "#missing"},
				"west": {"uv": [0, 0, 3, 0], "texture": "#missing"},
				"up": {"uv": [5, 5, 8, 8], "texture": "#4"},
				"down": {"uv": [5, 5, 8, 8], "texture": "#4"}
			}
		},
		{
			"from": [11.54962, 4, 1.37145],
			"to": [14.54962, 4, 4.37145],
			"rotation": {"angle": 0, "axis": "y", "origin": [11.92462, 4, 4.14645], "rescale": true},
			"faces": {
				"north": {"uv": [0, 0, 3, 0], "texture": "#missing"},
				"east": {"uv": [0, 0, 3, 0], "texture": "#missing"},
				"south": {"uv": [0, 0, 3, 0], "texture": "#missing"},
				"west": {"uv": [0, 0, 3, 0], "texture": "#missing"},
				"up": {"uv": [1, 1, 4, 4], "texture": "#4"},
				"down": {"uv": [1, 1, 4, 4], "texture": "#4"}
			}
		},
		{
			"from": [8.34295, 4.6747, 4.76066],
			"to": [11.34295, 4.6747, 7.76066],
			"rotation": {"angle": -45, "axis": "x", "origin": [9.76795, 3.9747, 6.73566]},
			"faces": {
				"north": {"uv": [0, 0, 3, 0], "texture": "#missing"},
				"east": {"uv": [0, 0, 3, 0], "texture": "#missing"},
				"south": {"uv": [0, 0, 3, 0], "texture": "#missing"},
				"west": {"uv": [0, 0, 3, 0], "texture": "#missing"},
				"up": {"uv": [5, 1, 8, 4], "texture": "#4"},
				"down": {"uv": [5, 1, 8, 4], "texture": "#4"}
			}
		},
		{
			"from": [4.36777, 6, 9.0783],
			"to": [7.36777, 6, 12.0783],
			"rotation": {"angle": -22.5, "axis": "y", "origin": [6.26777, 6, 9.8033], "rescale": true},
			"faces": {
				"north": {"uv": [0, 0, 3, 0], "texture": "#missing"},
				"east": {"uv": [0, 0, 3, 0], "texture": "#missing"},
				"south": {"uv": [0, 0, 3, 0], "texture": "#missing"},
				"west": {"uv": [0, 0, 3, 0], "texture": "#missing"},
				"up": {"uv": [9, 1, 12, 4], "texture": "#4"},
				"down": {"uv": [9, 1, 12, 4], "texture": "#4"}
			}
		},
		{
			"from": [0.87145, 4, 11.14962],
			"to": [3.87145, 4, 14.14962],
			"rotation": {"angle": 22.5, "axis": "y", "origin": [4.14645, 4, 11.92462], "rescale": true},
			"faces": {
				"north": {"uv": [0, 0, 3, 0], "texture": "#missing"},
				"east": {"uv": [0, 0, 3, 0], "texture": "#missing"},
				"south": {"uv": [0, 0, 3, 0], "texture": "#missing"},
				"west": {"uv": [0, 0, 3, 0], "texture": "#missing"},
				"up": {"uv": [1, 5, 4, 8], "rotation": 90, "texture": "#4"},
				"down": {"uv": [1, 5, 4, 8], "rotation": 270, "texture": "#4"}
			}
		},
		{
			"from": [0.78431, 4.675, 0.43431],
			"to": [3.78431, 4.675, 3.43431],
			"rotation": {"angle": 22.5, "axis": "z", "origin": [3.93431, 4, 3.93431]},
			"faces": {
				"north": {"uv": [0, 0, 3, 0], "texture": "#missing"},
				"east": {"uv": [0, 0, 3, 0], "texture": "#missing"},
				"south": {"uv": [0, 0, 3, 0], "texture": "#missing"},
				"west": {"uv": [0, 0, 3, 0], "texture": "#missing"},
				"up": {"uv": [5, 5, 8, 8], "texture": "#4"},
				"down": {"uv": [5, 5, 8, 8], "texture": "#4"}
			}
		},
		{
			"from": [4, 6, 3],
			"to": [7, 6, 6],
			"rotation": {"angle": -45, "axis": "y", "origin": [4.5, 0, 4.5], "rescale": true},
			"faces": {
				"north": {"uv": [0, 0, 3, 0], "texture": "#missing"},
				"east": {"uv": [0, 0, 3, 0], "texture": "#missing"},
				"south": {"uv": [0, 0, 3, 0], "texture": "#missing"},
				"west": {"uv": [0, 0, 3, 0], "texture": "#missing"},
				"up": {"uv": [5, 5, 8, 8], "texture": "#4"},
				"down": {"uv": [5, 5, 8, 8], "texture": "#4"}
			}
		},
		{
			"from": [9, 6, 3],
			"to": [12, 6, 6],
			"rotation": {"angle": -45, "axis": "y", "origin": [4.5, 0, 4.5], "rescale": true},
			"faces": {
				"north": {"uv": [0, 0, 3, 0], "texture": "#missing"},
				"east": {"uv": [0, 0, 3, 0], "texture": "#missing"},
				"south": {"uv": [0, 0, 3, 0], "texture": "#missing"},
				"west": {"uv": [0, 0, 3, 0], "texture": "#missing"},
				"up": {"uv": [1, 1, 4, 4], "texture": "#4"},
				"down": {"uv": [1, 1, 4, 4], "texture": "#4"}
			}
		},
		{
			"from": [11.9764, 4.425, 12.3264],
			"to": [14.9764, 4.425, 15.3264],
			"rotation": {"angle": -45, "axis": "z", "origin": [12.1014, 3, 12.1014]},
			"faces": {
				"north": {"uv": [0, 0, 3, 0], "texture": "#missing"},
				"east": {"uv": [0, 0, 3, 0], "texture": "#missing"},
				"south": {"uv": [0, 0, 3, 0], "texture": "#missing"},
				"west": {"uv": [0, 0, 3, 0], "texture": "#missing"},
				"up": {"uv": [5, 1, 8, 4], "texture": "#4"},
				"down": {"uv": [5, 1, 8, 4], "texture": "#4"}
			}
		},
		{
			"from": [-0.27951, 0, 7.87039],
			"to": [15.72049, 16, 7.87039],
			"rotation": {"angle": -45, "axis": "y", "origin": [7.70379, 10.37727, 8.27259], "rescale": true},
			"faces": {
				"north": {"uv": [0, 0, 16, 16], "texture": "#2_1"},
				"east": {"uv": [0, 0, 0, 16], "texture": "#missing"},
				"south": {"uv": [0, 0, 16, 16], "texture": "#2_0"},
				"west": {"uv": [0, 0, 0, 16], "texture": "#missing"},
				"up": {"uv": [0, 0, 16, 0], "texture": "#missing"},
				"down": {"uv": [0, 0, 16, 0], "texture": "#missing"}
			}
		}
	]
}