{
	"credit": "Made with blockbench",
	"ambientocclusion": false,
	"textures": {
		"0": "block/potamphora",
		"1": "block/potbig_bottom",
		"2": "block/dirt",
		"4": "blocks/red_tulip_1",
		"5": "block/pottulippink1",
		"particle": "block/potamphora"
	},
	"elements": [
		{
			"from": [6, 0, 5],
			"to": [11, 1, 10],
			"faces": {
				"north": {"uv": [5, 15, 10, 16], "texture": "#0"},
				"east": {"uv": [5, 15, 10, 16], "texture": "#0"},
				"south": {"uv": [5, 15, 10, 16], "texture": "#0"},
				"west": {"uv": [5, 15, 10, 16], "texture": "#0"},
				"up": {"uv": [0, 0, 5, 5], "texture": "#missing"},
				"down": {"uv": [5, 5, 10, 10], "texture": "#1"}
			}
		},
		{
			"from": [5, 1, 4],
			"to": [12, 7, 11],
			"faces": {
				"north": {"uv": [4, 9, 11, 15], "texture": "#0"},
				"east": {"uv": [4, 9, 11, 15], "texture": "#0"},
				"south": {"uv": [4, 9, 11, 15], "texture": "#0"},
				"west": {"uv": [4, 9, 11, 15], "texture": "#0"},
				"up": {"uv": [4, 4, 11, 11], "texture": "#1"},
				"down": {"uv": [4, 5, 11, 12], "texture": "#1"}
			}
		},
		{
			"from": [7, 7, 6],
			"to": [10, 12, 9],
			"faces": {
				"north": {"uv": [6, 4, 9, 9], "texture": "#0"},
				"east": {"uv": [6, 4, 9, 9], "texture": "#0"},
				"south": {"uv": [6, 4, 9, 9], "texture": "#0"},
				"west": {"uv": [6, 4, 9, 9], "texture": "#0"},
				"up": {"uv": [3, 6, 6, 9], "texture": "#2"},
				"down": {"uv": [0, 0, 3, 3], "texture": "#missing"}
			}
		},
		{
			"from": [6.35, 7, 8.425],
			"to": [6.35, 11, 11.425],
			"rotation": {"angle": -45, "axis": "y", "origin": [6, 9, 9.5]},
			"faces": {
				"north": {"uv": [0, 0, 0, 4], "texture": "#missing"},
				"east": {"uv": [3, 5, 6, 9], "texture": "#0"},
				"south": {"uv": [0, 0, 0, 4], "texture": "#missing"},
				"west": {"uv": [9, 5, 12, 9], "texture": "#0"},
				"up": {"uv": [0, 0, 0, 3], "texture": "#missing"},
				"down": {"uv": [0, 0, 0, 3], "texture": "#missing"}
			}
		},
		{
			"from": [6.35, 7, 1.225],
			"to": [6.35, 11, 4.225],
			"rotation": {"angle": -45, "axis": "y", "origin": [6, 9, 9.5]},
			"faces": {
				"north": {"uv": [0, 0, 0, 4], "texture": "#missing"},
				"east": {"uv": [9, 5, 12, 9], "texture": "#0"},
				"south": {"uv": [0, 0, 0, 4], "texture": "#missing"},
				"west": {"uv": [3, 5, 6, 9], "texture": "#0"},
				"up": {"uv": [0, 0, 0, 3], "texture": "#missing"},
				"down": {"uv": [0, 0, 0, 3], "texture": "#missing"}
			}
		},
		{
			"from": [7, 12, 5],
			"to": [10, 13, 6],
			"faces": {
				"north": {"uv": [6, 3, 9, 4], "texture": "#0"},
				"east": {"uv": [0, 0, 1, 1], "texture": "#missing"},
				"south": {"uv": [6, 4, 9, 5], "texture": "#0"},
				"west": {"uv": [0, 0, 1, 1], "texture": "#missing"},
				"up": {"uv": [7, 3, 10, 4], "texture": "#0"},
				"down": {"uv": [7, 3, 10, 4], "texture": "#0"}
			}
		},
		{
			"from": [7, 12, 9],
			"to": [10, 13, 10],
			"faces": {
				"north": {"uv": [6, 15, 9, 16], "texture": "#0"},
				"east": {"uv": [0, 0, 1, 1], "texture": "#missing"},
				"south": {"uv": [6, 3, 9, 4], "texture": "#0"},
				"west": {"uv": [0, 0, 1, 1], "texture": "#missing"},
				"up": {"uv": [4, 9, 7, 10], "texture": "#0"},
				"down": {"uv": [4, 9, 7, 10], "texture": "#0"}
			}
		},
		{
			"from": [10, 12, 5],
			"to": [11, 13, 10],
			"faces": {
				"north": {"uv": [5, 3, 6, 4], "texture": "#0"},
				"east": {"uv": [5, 3, 10, 4], "texture": "#0"},
				"south": {"uv": [9, 3, 10, 4], "texture": "#0"},
				"west": {"uv": [5, 15, 8, 16], "texture": "#0"},
				"up": {"uv": [6, 13, 11, 14], "rotation": 90, "texture": "#0"},
				"down": {"uv": [6, 13, 11, 14], "rotation": 90, "texture": "#0"}
			}
		},
		{
			"from": [6, 12, 5],
			"to": [7, 13, 10],
			"faces": {
				"north": {"uv": [9, 3, 10, 4], "texture": "#0"},
				"east": {"uv": [6, 4, 9, 5], "texture": "#0"},
				"south": {"uv": [5, 3, 6, 4], "texture": "#0"},
				"west": {"uv": [5, 3, 10, 4], "texture": "#0"},
				"up": {"uv": [4, 9, 9, 10], "rotation": 90, "texture": "#0"},
				"down": {"uv": [4, 9, 9, 10], "rotation": 90, "texture": "#0"}
			}
		},
		{
			"from": [0.4, 12, 7.6],
			"to": [16.4, 28, 7.6],
			"faces": {
				"north": {"uv": [16, 0, 0, 16], "texture": "#4"},
				"east": {"uv": [0, 0, 0, 16], "texture": "#missing"},
				"south": {"uv": [0, 0, 16, 16], "texture": "#4"},
				"west": {"uv": [0, 0, 0, 16], "texture": "#missing"},
				"up": {"uv": [0, 0, 16, 0], "texture": "#missing"},
				"down": {"uv": [0, 0, 16, 0], "texture": "#missing"}
			}
		},
		{
			"from": [8.4, 12, -0.4],
			"to": [8.4, 28, 15.6],
			"rotation": {"angle": 0, "axis": "y", "origin": [8, 20, 7]},
			"faces": {
				"north": {"uv": [0, 0, 0, 16], "texture": "#missing"},
				"east": {"uv": [8, 8, 16, 16], "texture": "#5"},
				"south": {"uv": [0, 0, 0, 16], "texture": "#missing"},
				"west": {"uv": [0, 8, 8, 16], "texture": "#5"},
				"up": {"uv": [0, 0, 16, 0], "rotation": 90, "texture": "#missing"},
				"down": {"uv": [0, 0, 16, 0], "rotation": 270, "texture": "#missing"}
			}
		},
		{
			"from": [9.9, 23, 6],
			"to": [9.9, 27, 9],
			"rotation": {"angle": 0, "axis": "y", "origin": [8.4, 24, 6.9]},
			"faces": {
				"north": {"uv": [0, 0, 0, 4], "texture": "#missing"},
				"east": {"uv": [8, 1, 11, 5], "texture": "#4"},
				"south": {"uv": [8, 1, 11, 5], "texture": "#4"},
				"west": {"uv": [8, 1, 11, 5], "texture": "#4"},
				"up": {"uv": [0, 0, 3, 0], "rotation": 90, "texture": "#missing"},
				"down": {"uv": [0, 0, 3, 0], "rotation": 270, "texture": "#missing"}
			}
		}
	]
}