{
	"credit": "Made with blockbench",
	"ambientocclusion": false,
	"textures": {
		"0": "block/dirt",
		"1": "block/potbig_bottom",
		"2": "block/potbowl_top",
		"3": "block/potbowl2",
		"4": "blocks/cornflower_top",
		"10_1": "blocks/cornflower_0m",
		"10_2": "blocks/cornflower_1",
		"10_3": "blocks/cornflower_1m",
		"particle": "blocks/cornflower_0",
		"1_0": "blocks/cornflower_0"
	},
	"elements": [
		{
			"from": [4, 0, 4],
			"to": [12, 1, 12],
			"faces": {
				"north": {"uv": [4, 15, 12, 16], "texture": "#3"},
				"east": {"uv": [4, 15, 12, 16], "texture": "#3"},
				"south": {"uv": [4, 15, 12, 16], "texture": "#3"},
				"west": {"uv": [4, 15, 12, 16], "texture": "#3"},
				"up": {"uv": [0, 0, 10, 10], "texture": "#missing"},
				"down": {"uv": [4, 4, 12, 12], "texture": "#1"}
			}
		},
		{
			"from": [2, 1, 2],
			"to": [14, 4, 14],
			"faces": {
				"north": {"uv": [2, 12, 14, 15], "texture": "#3"},
				"east": {"uv": [2, 12, 14, 15], "texture": "#3"},
				"south": {"uv": [2, 12, 14, 15], "texture": "#3"},
				"west": {"uv": [2, 12, 14, 15], "texture": "#3"},
				"up": {"uv": [1, 1, 15, 15], "texture": "#0"},
				"down": {"uv": [2, 2, 14, 14], "texture": "#1"}
			}
		},
		{
			"from": [2, 4, 2],
			"to": [14, 6, 4],
			"faces": {
				"north": {"uv": [2, 10, 14, 12], "texture": "#3"},
				"east": {"uv": [12, 10, 14, 12], "texture": "#3"},
				"south": {"uv": [2, 1, 14, 3], "texture": "#1"},
				"west": {"uv": [2, 10, 4, 12], "texture": "#3"},
				"up": {"uv": [2, 2, 14, 4], "texture": "#2"},
				"down": {"uv": [0, 0, 14, 2], "texture": "#missing"}
			}
		},
		{
			"from": [2, 4, 4],
			"to": [4, 6, 12],
			"faces": {
				"north": {"uv": [0, 0, 2, 2], "texture": "#missing"},
				"east": {"uv": [1, 3, 3, 13], "rotation": 90, "texture": "#1"},
				"south": {"uv": [0, 0, 2, 2], "texture": "#missing"},
				"west": {"uv": [4, 10, 12, 12], "texture": "#3"},
				"up": {"uv": [2, 4, 4, 12], "texture": "#2"},
				"down": {"uv": [0, 0, 2, 8], "texture": "#missing"}
			}
		},
		{
			"from": [2, 4, 12],
			"to": [14, 6, 14],
			"faces": {
				"north": {"uv": [2, 1, 14, 3], "texture": "#1"},
				"east": {"uv": [2, 10, 4, 12], "texture": "#3"},
				"south": {"uv": [2, 10, 14, 12], "texture": "#3"},
				"west": {"uv": [12, 10, 14, 12], "texture": "#3"},
				"up": {"uv": [2, 12, 14, 14], "texture": "#2"},
				"down": {"uv": [0, 0, 14, 2], "texture": "#missing"}
			}
		},
		{
			"from": [12, 4, 4],
			"to": [14, 6, 12],
			"faces": {
				"north": {"uv": [0, 0, 2, 2], "texture": "#missing"},
				"east": {"uv": [4, 10, 12, 12], "texture": "#3"},
				"south": {"uv": [0, 0, 2, 2], "texture": "#missing"},
				"west": {"uv": [2, 13, 14, 15], "rotation": 180, "texture": "#1"},
				"up": {"uv": [4, 2, 12, 4], "rotation": 90, "texture": "#2"},
				"down": {"uv": [0, 0, 2, 8], "texture": "#missing"}
			}
		},
		{
			"from": [7.72049, 4, -0.12961],
			"to": [7.72049, 20, 15.87039],
			"rotation": {"angle": -45, "axis": "y", "origin": [7.70379, 14.37727, 8.27259], "rescale": true},
			"faces": {
				"north": {"uv": [0, 0, 0, 16], "texture": "#missing"},
				"east": {"uv": [0, 0, 16, 16], "texture": "#1_0"},
				"south": {"uv": [0, 0, 0, 16], "texture": "#missing"},
				"west": {"uv": [0, 0, 16, 16], "texture": "#10_1"},
				"up": {"uv": [0, 0, 16, 0], "rotation": 90, "texture": "#missing"},
				"down": {"uv": [0, 0, 16, 0], "rotation": 270, "texture": "#missing"}
			}
		},
		{
			"from": [-0.27951, 4, 7.87039],
			"to": [15.72049, 20, 7.87039],
			"rotation": {"angle": -45, "axis": "y", "origin": [7.70379, 14.37727, 8.27259], "rescale": true},
			"faces": {
				"north": {"uv": [0, 0, 16, 16], "texture": "#10_3"},
				"east": {"uv": [0, 0, 0, 16], "texture": "#missing"},
				"south": {"uv": [0, 0, 16, 16], "texture": "#10_2"},
				"west": {"uv": [0, 0, 0, 16], "texture": "#missing"},
				"up": {"uv": [0, 0, 16, 0], "texture": "#missing"},
				"down": {"uv": [0, 0, 16, 0], "texture": "#missing"}
			}
		},
		{
			"from": [12.45, 15.2, 2.5],
			"to": [12.45, 18.2, 5.5],
			"rotation": {"angle": 45, "axis": "z", "origin": [12, 16.5, 4]},
			"faces": {
				"north": {"uv": [0, 0, 0, 3], "texture": "#missing"},
				"east": {"uv": [1, 5, 4, 8], "texture": "#4"},
				"south": {"uv": [0, 0, 0, 3], "texture": "#missing"},
				"west": {"uv": [1, 1, 4, 4], "texture": "#4"},
				"up": {"uv": [0, 0, 0, 3], "texture": "#missing"},
				"down": {"uv": [0, 0, 0, 3], "texture": "#missing"}
			}
		},
		{
			"from": [11.70208, 12.41906, 12.85],
			"to": [14.70208, 15.41906, 12.85],
			"rotation": {"angle": -45, "axis": "x", "origin": [13.20208, 13.91906, 12.85]},
			"faces": {
				"north": {"uv": [1, 1, 4, 4], "rotation": 90, "texture": "#4"},
				"east": {"uv": [0, 0, 0, 3], "rotation": 180, "texture": "#missing"},
				"south": {"uv": [1, 5, 4, 8], "rotation": 270, "texture": "#4"},
				"west": {"uv": [0, 0, 0, 3], "texture": "#missing"},
				"up": {"uv": [0, 0, 0, 3], "rotation": 270, "texture": "#missing"},
				"down": {"uv": [0, 0, 0, 3], "rotation": 270, "texture": "#missing"}
			}
		},
		{
			"from": [2.66073, 8.39609, 3.55],
			"to": [5.66073, 11.39609, 3.55],
			"rotation": {"angle": 22.5, "axis": "x", "origin": [4.61073, 9.14609, 3.8]},
			"faces": {
				"north": {"uv": [1, 5, 4, 8], "texture": "#4"},
				"east": {"uv": [0, 0, 0, 3], "texture": "#missing"},
				"south": {"uv": [1, 1, 4, 4], "texture": "#4"},
				"west": {"uv": [0, 0, 0, 3], "texture": "#missing"},
				"up": {"uv": [0, 0, 0, 3], "rotation": 270, "texture": "#missing"},
				"down": {"uv": [0, 0, 0, 3], "rotation": 90, "texture": "#missing"}
			}
		}
	],
	"groups": [
		0,
		1,
		2,
		3,
		4,
		5,
		{
			"name": "cornflower_0",
			"origin": [8, 8, 8],
			"color": 0,
			"children": [6, 7, 8, 9, 10]
		}
	]
}