{
	"credit": "Made with blockbench",
	"ambientocclusion": false,
	"textures": {
		"0": "block/dirt",
		"1": "block/potbig_bottom",
		"2": "block/potbowl_top",
		"3": "block/potbowl",
		"4": "blocks/dandelion_top",
		"3_0": "blocks/dandelion_0",
		"particle": "blocks/dandelion_0m",
		"3_1": "blocks/dandelion_0m",
		"5_2": "blocks/dandelion_3",
		"5_3": "blocks/dandelion_3m"
	},
	"elements": [
		{
			"from": [4, 0, 4],
			"to": [12, 1, 12],
			"faces": {
				"north": {"uv": [4, 15, 12, 16], "texture": "#3"},
				"east": {"uv": [4, 15, 12, 16], "texture": "#3"},
				"south": {"uv": [4, 15, 12, 16], "texture": "#3"},
				"west": {"uv": [4, 15, 12, 16], "texture": "#3"},
				"up": {"uv": [0, 0, 10, 10], "texture": "#missing"},
				"down": {"uv": [4, 4, 12, 12], "texture": "#1"}
			}
		},
		{
			"from": [2, 1, 2],
			"to": [14, 4, 14],
			"faces": {
				"north": {"uv": [2, 12, 14, 15], "texture": "#3"},
				"east": {"uv": [2, 12, 14, 15], "texture": "#3"},
				"south": {"uv": [2, 12, 14, 15], "texture": "#3"},
				"west": {"uv": [2, 12, 14, 15], "texture": "#3"},
				"up": {"uv": [1, 1, 15, 15], "texture": "#0"},
				"down": {"uv": [2, 2, 14, 14], "texture": "#1"}
			}
		},
		{
			"from": [2, 4, 2],
			"to": [14, 6, 4],
			"faces": {
				"north": {"uv": [2, 10, 14, 12], "texture": "#3"},
				"east": {"uv": [12, 10, 14, 12], "texture": "#3"},
				"south": {"uv": [2, 1, 14, 3], "texture": "#1"},
				"west": {"uv": [2, 10, 4, 12], "texture": "#3"},
				"up": {"uv": [2, 2, 14, 4], "texture": "#2"},
				"down": {"uv": [0, 0, 14, 2], "texture": "#missing"}
			}
		},
		{
			"from": [2, 4, 4],
			"to": [4, 6, 12],
			"faces": {
				"north": {"uv": [0, 0, 2, 2], "texture": "#missing"},
				"east": {"uv": [1, 3, 3, 13], "rotation": 90, "texture": "#1"},
				"south": {"uv": [0, 0, 2, 2], "texture": "#missing"},
				"west": {"uv": [4, 10, 12, 12], "texture": "#3"},
				"up": {"uv": [2, 4, 4, 12], "texture": "#2"},
				"down": {"uv": [0, 0, 2, 8], "texture": "#missing"}
			}
		},
		{
			"from": [2, 4, 12],
			"to": [14, 6, 14],
			"faces": {
				"north": {"uv": [2, 1, 14, 3], "texture": "#1"},
				"east": {"uv": [2, 10, 4, 12], "texture": "#3"},
				"south": {"uv": [2, 10, 14, 12], "texture": "#3"},
				"west": {"uv": [12, 10, 14, 12], "texture": "#3"},
				"up": {"uv": [2, 12, 14, 14], "texture": "#2"},
				"down": {"uv": [0, 0, 14, 2], "texture": "#missing"}
			}
		},
		{
			"from": [12, 4, 4],
			"to": [14, 6, 12],
			"faces": {
				"north": {"uv": [0, 0, 2, 2], "texture": "#missing"},
				"east": {"uv": [4, 10, 12, 12], "texture": "#3"},
				"south": {"uv": [0, 0, 2, 2], "texture": "#missing"},
				"west": {"uv": [2, 13, 14, 15], "rotation": 180, "texture": "#1"},
				"up": {"uv": [4, 2, 12, 4], "rotation": 90, "texture": "#2"},
				"down": {"uv": [0, 0, 2, 8], "texture": "#missing"}
			}
		},
		{
			"from": [7.72049, 4, -0.12961],
			"to": [7.72049, 20, 15.87039],
			"rotation": {"angle": -45, "axis": "y", "origin": [7.70379, 14.37727, 8.27259], "rescale": true},
			"faces": {
				"north": {"uv": [0, 0, 0, 16], "texture": "#missing"},
				"east": {"uv": [0, 0, 16, 16], "texture": "#5_2"},
				"south": {"uv": [0, 0, 0, 16], "texture": "#missing"},
				"west": {"uv": [0, 0, 16, 16], "texture": "#5_3"},
				"up": {"uv": [0, 0, 16, 0], "rotation": 90, "texture": "#missing"},
				"down": {"uv": [0, 0, 16, 0], "rotation": 270, "texture": "#missing"}
			}
		},
		{
			"from": [6.6, 9, -0.5],
			"to": [9.6, 9, 2.5],
			"rotation": {"angle": -45, "axis": "y", "origin": [4.5, 4, 4.5], "rescale": true},
			"faces": {
				"north": {"uv": [0, 0, 3, 0], "texture": "#missing"},
				"east": {"uv": [0, 0, 3, 0], "texture": "#missing"},
				"south": {"uv": [0, 0, 3, 0], "texture": "#missing"},
				"west": {"uv": [0, 0, 3, 0], "texture": "#missing"},
				"up": {"uv": [5, 5, 8, 8], "texture": "#4"},
				"down": {"uv": [5, 5, 8, 8], "texture": "#4"}
			}
		},
		{
			"from": [11.54962, 8, 1.37145],
			"to": [14.54962, 8, 4.37145],
			"rotation": {"angle": 0, "axis": "y", "origin": [11.92462, 8, 4.14645], "rescale": true},
			"faces": {
				"north": {"uv": [0, 0, 3, 0], "texture": "#missing"},
				"east": {"uv": [0, 0, 3, 0], "texture": "#missing"},
				"south": {"uv": [0, 0, 3, 0], "texture": "#missing"},
				"west": {"uv": [0, 0, 3, 0], "texture": "#missing"},
				"up": {"uv": [1, 1, 4, 4], "texture": "#4"},
				"down": {"uv": [1, 1, 4, 4], "texture": "#4"}
			}
		},
		{
			"from": [8.34295, 8.6747, 4.76066],
			"to": [11.34295, 8.6747, 7.76066],
			"rotation": {"angle": -45, "axis": "x", "origin": [9.76795, 7.9747, 6.73566]},
			"faces": {
				"north": {"uv": [0, 0, 3, 0], "texture": "#missing"},
				"east": {"uv": [0, 0, 3, 0], "texture": "#missing"},
				"south": {"uv": [0, 0, 3, 0], "texture": "#missing"},
				"west": {"uv": [0, 0, 3, 0], "texture": "#missing"},
				"up": {"uv": [5, 1, 8, 4], "texture": "#4"},
				"down": {"uv": [5, 1, 8, 4], "texture": "#4"}
			}
		},
		{
			"from": [4.36777, 10, 9.0783],
			"to": [7.36777, 10, 12.0783],
			"rotation": {"angle": -22.5, "axis": "y", "origin": [6.26777, 10, 9.8033], "rescale": true},
			"faces": {
				"north": {"uv": [0, 0, 3, 0], "texture": "#missing"},
				"east": {"uv": [0, 0, 3, 0], "texture": "#missing"},
				"south": {"uv": [0, 0, 3, 0], "texture": "#missing"},
				"west": {"uv": [0, 0, 3, 0], "texture": "#missing"},
				"up": {"uv": [9, 1, 12, 4], "texture": "#4"},
				"down": {"uv": [9, 1, 12, 4], "texture": "#4"}
			}
		},
		{
			"from": [0.87145, 8, 11.14962],
			"to": [3.87145, 8, 14.14962],
			"rotation": {"angle": 22.5, "axis": "y", "origin": [4.14645, 8, 11.92462], "rescale": true},
			"faces": {
				"north": {"uv": [0, 0, 3, 0], "texture": "#missing"},
				"east": {"uv": [0, 0, 3, 0], "texture": "#missing"},
				"south": {"uv": [0, 0, 3, 0], "texture": "#missing"},
				"west": {"uv": [0, 0, 3, 0], "texture": "#missing"},
				"up": {"uv": [1, 5, 4, 8], "rotation": 90, "texture": "#4"},
				"down": {"uv": [1, 5, 4, 8], "rotation": 270, "texture": "#4"}
			}
		},
		{
			"from": [0.78431, 8.675, 0.43431],
			"to": [3.78431, 8.675, 3.43431],
			"rotation": {"angle": 22.5, "axis": "z", "origin": [3.93431, 8, 3.93431]},
			"faces": {
				"north": {"uv": [0, 0, 3, 0], "texture": "#missing"},
				"east": {"uv": [0, 0, 3, 0], "texture": "#missing"},
				"south": {"uv": [0, 0, 3, 0], "texture": "#missing"},
				"west": {"uv": [0, 0, 3, 0], "texture": "#missing"},
				"up": {"uv": [5, 5, 8, 8], "texture": "#4"},
				"down": {"uv": [5, 5, 8, 8], "texture": "#4"}
			}
		},
		{
			"from": [4, 10, 3],
			"to": [7, 10, 6],
			"rotation": {"angle": -45, "axis": "y", "origin": [4.5, 4, 4.5], "rescale": true},
			"faces": {
				"north": {"uv": [0, 0, 3, 0], "texture": "#missing"},
				"east": {"uv": [0, 0, 3, 0], "texture": "#missing"},
				"south": {"uv": [0, 0, 3, 0], "texture": "#missing"},
				"west": {"uv": [0, 0, 3, 0], "texture": "#missing"},
				"up": {"uv": [5, 5, 8, 8], "texture": "#4"},
				"down": {"uv": [5, 5, 8, 8], "texture": "#4"}
			}
		},
		{
			"from": [9, 10, 3],
			"to": [12, 10, 6],
			"rotation": {"angle": -45, "axis": "y", "origin": [4.5, 4, 4.5], "rescale": true},
			"faces": {
				"north": {"uv": [0, 0, 3, 0], "texture": "#missing"},
				"east": {"uv": [0, 0, 3, 0], "texture": "#missing"},
				"south": {"uv": [0, 0, 3, 0], "texture": "#missing"},
				"west": {"uv": [0, 0, 3, 0], "texture": "#missing"},
				"up": {"uv": [1, 1, 4, 4], "texture": "#4"},
				"down": {"uv": [1, 1, 4, 4], "texture": "#4"}
			}
		},
		{
			"from": [11.9764, 8.425, 12.3264],
			"to": [14.9764, 8.425, 15.3264],
			"rotation": {"angle": -45, "axis": "z", "origin": [12.1014, 7, 12.1014]},
			"faces": {
				"north": {"uv": [0, 0, 3, 0], "texture": "#missing"},
				"east": {"uv": [0, 0, 3, 0], "texture": "#missing"},
				"south": {"uv": [0, 0, 3, 0], "texture": "#missing"},
				"west": {"uv": [0, 0, 3, 0], "texture": "#missing"},
				"up": {"uv": [5, 1, 8, 4], "texture": "#4"},
				"down": {"uv": [5, 1, 8, 4], "texture": "#4"}
			}
		},
		{
			"from": [-0.27951, 4, 7.87039],
			"to": [15.72049, 20, 7.87039],
			"rotation": {"angle": -45, "axis": "y", "origin": [7.70379, 14.37727, 8.27259], "rescale": true},
			"faces": {
				"north": {"uv": [0, 0, 16, 16], "texture": "#3_1"},
				"east": {"uv": [0, 0, 0, 16], "texture": "#missing"},
				"south": {"uv": [0, 0, 16, 16], "texture": "#3_0"},
				"west": {"uv": [0, 0, 0, 16], "texture": "#missing"},
				"up": {"uv": [0, 0, 16, 0], "texture": "#missing"},
				"down": {"uv": [0, 0, 16, 0], "texture": "#missing"}
			}
		}
	],
	"groups": [
		0,
		1,
		2,
		3,
		4,
		5,
		{
			"name": "dandelion_4",
			"origin": [8, 8, 8],
			"color": 0,
			"children": [6, 7, 8, 9, 10, 11, 12, 13, 14, 15, 16]
		}
	]
}