{
	"credit": "Made with blockbench",
	"ambientocclusion": false,
	"textures": {
		"0": "block/dirt",
		"1": "block/potbag",
		"2": "block/potbag_bottom",
		"3": "block/potcacti",
		"4": "block/pottulippink1",
		"particle": "block/dirt"
	},
	"elements": [
		{
			"from": [5, 8, 4],
			"to": [12, 10, 4],
			"faces": {
				"north": {"uv": [5, 6, 12, 8], "texture": "#1"},
				"east": {"uv": [0, 0, 0, 2], "texture": "#missing"},
				"south": {"uv": [5, 6, 12, 8], "texture": "#1"},
				"west": {"uv": [0, 0, 0, 2], "texture": "#missing"},
				"up": {"uv": [0, 0, 7, 0], "texture": "#missing"},
				"down": {"uv": [0, 0, 7, 0], "texture": "#missing"}
			}
		},
		{
			"from": [4, 0, 4],
			"to": [12, 4, 12],
			"faces": {
				"north": {"uv": [4, 12, 12, 16], "texture": "#1"},
				"east": {"uv": [4, 12, 12, 16], "texture": "#1"},
				"south": {"uv": [4, 12, 12, 16], "texture": "#1"},
				"west": {"uv": [4, 12, 12, 16], "texture": "#1"},
				"up": {"uv": [0, 8, 8, 16], "texture": "#2"},
				"down": {"uv": [0, 8, 8, 16], "texture": "#2"}
			}
		},
		{
			"from": [5, 4, 5],
			"to": [12, 6, 11],
			"faces": {
				"north": {"uv": [5, 10, 12, 12], "texture": "#1"},
				"east": {"uv": [5, 10, 11, 12], "texture": "#1"},
				"south": {"uv": [5, 10, 12, 12], "texture": "#1"},
				"west": {"uv": [6, 10, 12, 12], "texture": "#1"},
				"up": {"uv": [8, 10, 15, 16], "texture": "#2"},
				"down": {"uv": [0, 0, 7, 6], "texture": "#missing"}
			}
		},
		{
			"from": [6, 6, 5],
			"to": [11, 8, 10],
			"faces": {
				"north": {"uv": [6, 8, 11, 10], "texture": "#1"},
				"east": {"uv": [6, 8, 11, 10], "texture": "#1"},
				"south": {"uv": [6, 8, 11, 10], "texture": "#1"},
				"west": {"uv": [6, 8, 11, 10], "texture": "#1"},
				"up": {"uv": [5, 5, 10, 10], "texture": "#0"},
				"down": {"uv": [0, 0, 5, 5], "texture": "#missing"}
			}
		},
		{
			"from": [5, 8, 4],
			"to": [12, 8, 11],
			"faces": {
				"north": {"uv": [0, 0, 7, 0], "texture": "#missing"},
				"east": {"uv": [0, 0, 7, 0], "texture": "#missing"},
				"south": {"uv": [0, 0, 7, 0], "texture": "#missing"},
				"west": {"uv": [0, 0, 7, 0], "texture": "#missing"},
				"up": {"uv": [8, 9, 15, 16], "texture": "#2"},
				"down": {"uv": [8, 9, 15, 16], "texture": "#2"}
			}
		},
		{
			"from": [11, 5, 8],
			"to": [14, 9, 8],
			"rotation": {"angle": 0, "axis": "x", "origin": [13.5, 6, 8]},
			"faces": {
				"north": {"uv": [8, 1, 12, 4], "rotation": 270, "texture": "#1"},
				"east": {"uv": [0, 0, 4, 0], "rotation": 270, "texture": "#missing"},
				"south": {"uv": [8, 1, 12, 4], "rotation": 90, "texture": "#1"},
				"west": {"uv": [0, 0, 4, 0], "rotation": 90, "texture": "#missing"},
				"up": {"uv": [0, 0, 3, 0], "rotation": 180, "texture": "#missing"},
				"down": {"uv": [0, 0, 3, 0], "texture": "#missing"}
			}
		},
		{
			"from": [5, 8, 11],
			"to": [12, 10, 11],
			"faces": {
				"north": {"uv": [5, 6, 12, 8], "texture": "#1"},
				"east": {"uv": [0, 0, 0, 2], "texture": "#missing"},
				"south": {"uv": [5, 6, 12, 8], "texture": "#1"},
				"west": {"uv": [0, 0, 0, 2], "texture": "#missing"},
				"up": {"uv": [0, 0, 7, 0], "texture": "#missing"},
				"down": {"uv": [0, 0, 7, 0], "texture": "#missing"}
			}
		},
		{
			"from": [5, 8, 4],
			"to": [5, 10, 11],
			"faces": {
				"north": {"uv": [0, 0, 0, 2], "texture": "#missing"},
				"east": {"uv": [5, 6, 12, 8], "texture": "#1"},
				"south": {"uv": [0, 0, 0, 2], "texture": "#missing"},
				"west": {"uv": [5, 6, 12, 8], "texture": "#1"},
				"up": {"uv": [0, 0, 0, 7], "texture": "#missing"},
				"down": {"uv": [0, 0, 0, 7], "texture": "#missing"}
			}
		},
		{
			"from": [12, 8, 4],
			"to": [12, 10, 11],
			"faces": {
				"north": {"uv": [0, 0, 0, 2], "texture": "#missing"},
				"east": {"uv": [5, 6, 12, 8], "texture": "#1"},
				"south": {"uv": [0, 0, 0, 2], "texture": "#missing"},
				"west": {"uv": [5, 6, 12, 8], "texture": "#1"},
				"up": {"uv": [0, 0, 0, 7], "texture": "#missing"},
				"down": {"uv": [0, 0, 0, 7], "texture": "#missing"}
			}
		},
		{
			"from": [7, 8, 7],
			"to": [10, 14, 8],
			"rotation": {"angle": 0, "axis": "y", "origin": [8.5, 11, 7.5]},
			"faces": {
				"north": {"uv": [13, 13, 14.5, 16], "texture": "#3"},
				"east": {"uv": [6, 13.5, 6.5, 14], "texture": "#3"},
				"south": {"uv": [6.5, 13, 8, 16], "texture": "#3"},
				"west": {"uv": [6, 13.5, 6.5, 14], "texture": "#3"},
				"up": {"uv": [6, 13.5, 6.5, 14], "texture": "#3"},
				"down": {"uv": [0, 0, 1, 3], "rotation": 90, "texture": "#missing"}
			}
		},
		{
			"from": [6, 9, 7],
			"to": [7, 13, 8],
			"rotation": {"angle": 0, "axis": "y", "origin": [8.5, 11, 5.5]},
			"faces": {
				"north": {"uv": [14.5, 13.5, 15, 15.5], "texture": "#3"},
				"east": {"uv": [0, 0, 1, 6], "texture": "#missing"},
				"south": {"uv": [6, 13.5, 6.5, 15.5], "texture": "#3"},
				"west": {"uv": [6, 13.5, 6.5, 15.5], "texture": "#3"},
				"up": {"uv": [6, 13.5, 6.5, 14], "texture": "#3"},
				"down": {"uv": [6, 13.5, 6.5, 14], "texture": "#3"}
			}
		},
		{
			"from": [10, 10, 7],
			"to": [11, 14, 8],
			"rotation": {"angle": 0, "axis": "y", "origin": [8.5, 12, 9.5]},
			"faces": {
				"north": {"uv": [12.5, 13, 13, 15], "texture": "#3"},
				"east": {"uv": [8, 13, 8.5, 15], "texture": "#3"},
				"south": {"uv": [8, 13, 8.5, 15], "texture": "#3"},
				"west": {"uv": [0, 0, 1, 6], "texture": "#missing"},
				"up": {"uv": [0, 0, 1, 3], "rotation": 270, "texture": "#missing"},
				"down": {"uv": [6, 13.5, 6.5, 14], "texture": "#3"}
			}
		},
		{
			"from": [11, 11, 7],
			"to": [12, 14, 8],
			"rotation": {"angle": 0, "axis": "y", "origin": [8.5, 12, 9.5]},
			"faces": {
				"north": {"uv": [12, 13, 12.5, 14.5], "texture": "#3"},
				"east": {"uv": [8.5, 13, 9, 14.5], "texture": "#3"},
				"south": {"uv": [8.5, 13, 9, 14.5], "texture": "#3"},
				"west": {"uv": [0, 0, 1, 6], "texture": "#missing"},
				"up": {"uv": [6, 13.5, 6.5, 14], "texture": "#3"},
				"down": {"uv": [6, 13.5, 6.5, 14], "texture": "#3"}
			}
		},
		{
			"from": [8, 14, 7],
			"to": [11, 15, 8],
			"rotation": {"angle": 0, "axis": "y", "origin": [8.5, 11, 7.5]},
			"faces": {
				"north": {"uv": [12.5, 12.5, 14, 13], "texture": "#3"},
				"east": {"uv": [6, 13.5, 6.5, 14], "texture": "#3"},
				"south": {"uv": [7, 12.5, 8.5, 13], "texture": "#3"},
				"west": {"uv": [6, 13.5, 6.5, 14], "texture": "#3"},
				"up": {"uv": [6, 13.5, 6.5, 14], "texture": "#3"},
				"down": {"uv": [0, 0, 1, 3], "rotation": 90, "texture": "#missing"}
			}
		},
		{
			"from": [8.5, 15, 7],
			"to": [10.5, 23, 8],
			"rotation": {"angle": -45, "axis": "y", "origin": [9.5, 19, 7.5]},
			"faces": {
				"north": {"uv": [12, 8.5, 13, 12.5], "texture": "#3"},
				"east": {"uv": [6, 13.5, 6.5, 14], "texture": "#3"},
				"south": {"uv": [8, 8.5, 9, 12.5], "texture": "#3"},
				"west": {"uv": [6, 13.5, 6.5, 14], "texture": "#3"},
				"up": {"uv": [6, 13.5, 6.5, 14], "texture": "#3"},
				"down": {"uv": [6, 13.5, 6.5, 14], "texture": "#3"}
			}
		},
		{
			"from": [10.5, 17, 7],
			"to": [11.5, 22, 8],
			"rotation": {"angle": -45, "axis": "y", "origin": [9.5, 19, 7.5]},
			"faces": {
				"north": {"uv": [11.5, 9, 12, 11.5], "texture": "#3"},
				"east": {"uv": [6, 13.5, 6.5, 14], "texture": "#3"},
				"south": {"uv": [9, 9, 9.5, 11.5], "texture": "#3"},
				"west": {"uv": [0, 0, 1, 6], "texture": "#missing"},
				"up": {"uv": [6, 13.5, 6.5, 14], "texture": "#3"},
				"down": {"uv": [6, 13.5, 6.5, 14], "texture": "#3"}
			}
		},
		{
			"from": [12, 14, 6],
			"to": [16, 14, 9],
			"rotation": {"angle": 45, "axis": "z", "origin": [12, 14, 7.5]},
			"faces": {
				"north": {"uv": [12.5, 12.5, 14, 13], "texture": "#missing"},
				"east": {"uv": [6, 13.5, 6.5, 14], "texture": "#missing"},
				"south": {"uv": [7, 12.5, 8.5, 13], "texture": "#missing"},
				"west": {"uv": [6, 13.5, 6.5, 14], "texture": "#missing"},
				"up": {"uv": [2.5, 14, 4, 16], "rotation": 90, "texture": "#3"},
				"down": {"uv": [2.5, 14, 4, 16], "rotation": 90, "texture": "#3"}
			}
		},
		{
			"from": [7.5, 16, 7],
			"to": [8.5, 22, 8],
			"rotation": {"angle": -45, "axis": "y", "origin": [9.5, 19, 7.5]},
			"faces": {
				"north": {"uv": [13, 9, 13.5, 12], "texture": "#3"},
				"east": {"uv": [0, 0, 1, 6], "texture": "#missing"},
				"south": {"uv": [7.5, 9, 8, 12], "texture": "#3"},
				"west": {"uv": [6, 13.5, 6.5, 14], "texture": "#3"},
				"up": {"uv": [6, 13.5, 6.5, 14], "texture": "#3"},
				"down": {"uv": [6, 13.5, 6.5, 14], "texture": "#3"}
			}
		},
		{
			"from": [6.5, 18, 7],
			"to": [7.5, 20, 8],
			"rotation": {"angle": -45, "axis": "y", "origin": [9.5, 19, 7.5]},
			"faces": {
				"north": {"uv": [13.5, 10, 14, 11], "texture": "#3"},
				"east": {"uv": [0, 0, 1, 2], "texture": "#missing"},
				"south": {"uv": [7, 10, 7.5, 11], "texture": "#3"},
				"west": {"uv": [6, 13.5, 6.5, 14], "texture": "#3"},
				"up": {"uv": [6, 13.5, 6.5, 14], "texture": "#3"},
				"down": {"uv": [6, 13.5, 6.5, 14], "texture": "#3"}
			}
		},
		{
			"from": [5.10025, 14.15711, 6],
			"to": [5.10025, 18.15711, 9],
			"rotation": {"angle": 45, "axis": "z", "origin": [7.05025, 14.70711, 7.5]},
			"faces": {
				"north": {"uv": [12.5, 12.5, 14, 13], "rotation": 90, "texture": "#missing"},
				"east": {"uv": [2.5, 14, 4, 16], "texture": "#3"},
				"south": {"uv": [7, 12.5, 8.5, 13], "rotation": 270, "texture": "#missing"},
				"west": {"uv": [2.5, 14, 4, 16], "texture": "#3"},
				"up": {"uv": [6, 13.5, 6.5, 14], "rotation": 270, "texture": "#missing"},
				"down": {"uv": [6, 13.5, 6.5, 14], "rotation": 270, "texture": "#missing"}
			}
		},
		{
			"from": [11.5, 19, 7],
			"to": [12.5, 21, 8],
			"rotation": {"angle": -45, "axis": "y", "origin": [9.5, 19, 7.5]},
			"faces": {
				"north": {"uv": [11, 9.5, 11.5, 10.5], "texture": "#3"},
				"east": {"uv": [6, 13.5, 6.5, 14], "texture": "#3"},
				"south": {"uv": [9.5, 9.5, 10, 10.5], "texture": "#3"},
				"west": {"uv": [0, 0, 1, 2], "texture": "#missing"},
				"up": {"uv": [6, 13.5, 6.5, 14], "texture": "#3"},
				"down": {"uv": [6, 13.5, 6.5, 14], "texture": "#3"}
			}
		},
		{
			"from": [6.18236, 19.275, 2.04289],
			"to": [9.18236, 19.275, 6.04289],
			"rotation": {"angle": 45, "axis": "x", "origin": [5.25736, 20, 6.79289]},
			"faces": {
				"north": {"uv": [13.5, 10, 14, 11], "texture": "#3"},
				"east": {"uv": [0, 0, 1, 2], "texture": "#missing"},
				"south": {"uv": [7, 10, 7.5, 11], "texture": "#3"},
				"west": {"uv": [6, 13.5, 6.5, 14], "texture": "#3"},
				"up": {"uv": [2.5, 14, 4, 16], "texture": "#3"},
				"down": {"uv": [2.5, 14, 4, 16], "rotation": 180, "texture": "#3"}
			}
		},
		{
			"from": [7.79289, 23, 6.29289],
			"to": [9.79289, 30, 7.29289],
			"rotation": {"angle": 22.5, "axis": "y", "origin": [8.79289, 27, 6.79289]},
			"faces": {
				"north": {"uv": [13, 5, 14, 8.5], "texture": "#3"},
				"east": {"uv": [6, 13.5, 6.5, 14], "texture": "#3"},
				"south": {"uv": [7, 5, 8, 8.5], "texture": "#3"},
				"west": {"uv": [6, 13.5, 6.5, 14], "texture": "#3"},
				"up": {"uv": [6, 13.5, 6.5, 14], "texture": "#3"},
				"down": {"uv": [6, 13.5, 6.5, 14], "texture": "#3"}
			}
		},
		{
			"from": [6.79289, 25, 6.29289],
			"to": [7.79289, 29, 7.29289],
			"rotation": {"angle": 22.5, "axis": "y", "origin": [8.79289, 27, 6.79289]},
			"faces": {
				"north": {"uv": [14, 5.5, 14.5, 7.5], "texture": "#3"},
				"east": {"uv": [0, 0, 1, 4], "texture": "#missing"},
				"south": {"uv": [6.5, 5.5, 7, 7.5], "texture": "#3"},
				"west": {"uv": [6, 13.5, 6.5, 14], "texture": "#3"},
				"up": {"uv": [6, 13.5, 6.5, 14], "texture": "#3"},
				"down": {"uv": [6, 13.5, 6.5, 14], "texture": "#3"}
			}
		},
		{
			"from": [5.79289, 26, 6.29289],
			"to": [6.79289, 27, 7.29289],
			"rotation": {"angle": 22.5, "axis": "y", "origin": [8.79289, 27, 6.79289]},
			"faces": {
				"north": {"uv": [14.5, 6.5, 15, 7], "texture": "#3"},
				"east": {"uv": [0, 0, 1, 1], "texture": "#missing"},
				"south": {"uv": [6, 6.5, 6.5, 7], "texture": "#3"},
				"west": {"uv": [6, 13.5, 6.5, 14], "texture": "#3"},
				"up": {"uv": [6, 13.5, 6.5, 14], "texture": "#3"},
				"down": {"uv": [6, 13.5, 6.5, 14], "texture": "#3"}
			}
		},
		{
			"from": [9.79289, 24, 6.29289],
			"to": [10.79289, 30, 7.29289],
			"rotation": {"angle": 22.5, "axis": "y", "origin": [8.79289, 27, 6.79289]},
			"faces": {
				"north": {"uv": [12.5, 5, 13, 8], "texture": "#3"},
				"east": {"uv": [6, 13.5, 6.5, 14], "texture": "#3"},
				"south": {"uv": [8, 5, 8.5, 8], "texture": "#3"},
				"west": {"uv": [0, 0, 1, 6], "texture": "#missing"},
				"up": {"uv": [6, 13.5, 6.5, 14], "texture": "#3"},
				"down": {"uv": [6, 13.5, 6.5, 14], "texture": "#3"}
			}
		},
		{
			"from": [6.79289, 24, 6.79289],
			"to": [7.79289, 25, 6.79289],
			"rotation": {"angle": 22.5, "axis": "y", "origin": [8.79289, 27, 6.79289]},
			"faces": {
				"north": {"uv": [0, 2, 0.5, 2.5], "texture": "#3"},
				"east": {"uv": [0, 0, 0, 1], "texture": "#missing"},
				"south": {"uv": [0, 2, 0.5, 2.5], "texture": "#3"},
				"west": {"uv": [0, 0, 0, 1], "texture": "#missing"},
				"up": {"uv": [0, 0, 0, 1], "rotation": 270, "texture": "#missing"},
				"down": {"uv": [0, 0, 0, 1], "rotation": 90, "texture": "#missing"}
			}
		},
		{
			"from": [5.79289, 23, 6.79289],
			"to": [6.79289, 24, 6.79289],
			"rotation": {"angle": 22.5, "axis": "y", "origin": [8.79289, 27, 6.79289]},
			"faces": {
				"north": {"uv": [0, 2, 0.5, 2.5], "texture": "#3"},
				"east": {"uv": [0, 0, 0, 1], "texture": "#missing"},
				"south": {"uv": [0, 2, 0.5, 2.5], "texture": "#3"},
				"west": {"uv": [0, 0, 0, 1], "texture": "#missing"},
				"up": {"uv": [0, 0, 0, 1], "rotation": 270, "texture": "#missing"},
				"down": {"uv": [0, 0, 0, 1], "rotation": 90, "texture": "#missing"}
			}
		},
		{
			"from": [10.79289, 26, 6.29289],
			"to": [11.79289, 30, 7.29289],
			"rotation": {"angle": 22.5, "axis": "y", "origin": [8.79289, 27, 6.79289]},
			"faces": {
				"north": {"uv": [12, 5, 12.5, 7], "texture": "#3"},
				"east": {"uv": [6, 13.5, 6.5, 14], "texture": "#3"},
				"south": {"uv": [8.5, 5, 9, 7], "texture": "#3"},
				"west": {"uv": [0, 0, 1, 4], "texture": "#missing"},
				"up": {"uv": [6, 13.5, 6.5, 14], "texture": "#3"},
				"down": {"uv": [6, 13.5, 6.5, 14], "texture": "#3"}
			}
		},
		{
			"from": [11.79289, 28, 6.29289],
			"to": [12.79289, 29, 7.29289],
			"rotation": {"angle": 22.5, "axis": "y", "origin": [8.79289, 27, 6.79289]},
			"faces": {
				"north": {"uv": [9, 5.5, 9.5, 6], "texture": "#3"},
				"east": {"uv": [6, 13.5, 6.5, 14], "texture": "#3"},
				"south": {"uv": [9, 5.5, 9.5, 6], "texture": "#3"},
				"west": {"uv": [6, 13.5, 6.5, 14], "texture": "#3"},
				"up": {"uv": [6, 13.5, 6.5, 14], "texture": "#3"},
				"down": {"uv": [6, 13.5, 6.5, 14], "texture": "#3"}
			}
		},
		{
			"from": [11.79289, 25, 6.79289],
			"to": [12.79289, 26, 6.79289],
			"rotation": {"angle": 22.5, "axis": "y", "origin": [8.79289, 27, 6.79289]},
			"faces": {
				"north": {"uv": [0, 2, 0.5, 2.5], "texture": "#3"},
				"east": {"uv": [0, 0, 0, 1], "texture": "#missing"},
				"south": {"uv": [0, 2, 0.5, 2.5], "texture": "#3"},
				"west": {"uv": [0, 0, 0, 1], "texture": "#missing"},
				"up": {"uv": [0, 0, 0, 1], "rotation": 270, "texture": "#missing"},
				"down": {"uv": [0, 0, 0, 1], "rotation": 90, "texture": "#missing"}
			}
		},
		{
			"from": [10.79289, 21, 10.26789],
			"to": [11.79289, 22, 10.26789],
			"rotation": {"angle": 22.5, "axis": "y", "origin": [8.79289, 27, 6.79289]},
			"faces": {
				"north": {"uv": [0, 2, 0.5, 2.5], "texture": "#3"},
				"east": {"uv": [0, 0, 0, 1], "texture": "#missing"},
				"south": {"uv": [0, 2, 0.5, 2.5], "texture": "#3"},
				"west": {"uv": [0, 0, 0, 1], "texture": "#missing"},
				"up": {"uv": [0, 0, 0, 1], "rotation": 270, "texture": "#missing"},
				"down": {"uv": [0, 0, 0, 1], "rotation": 90, "texture": "#missing"}
			}
		},
		{
			"from": [5.79289, 27, 6.79289],
			"to": [6.79289, 28, 6.79289],
			"rotation": {"angle": 22.5, "axis": "y", "origin": [8.79289, 27, 6.79289]},
			"faces": {
				"north": {"uv": [0, 2, 0.5, 2.5], "texture": "#3"},
				"east": {"uv": [0, 0, 0, 1], "texture": "#missing"},
				"south": {"uv": [0, 2, 0.5, 2.5], "texture": "#3"},
				"west": {"uv": [0, 0, 0, 1], "texture": "#missing"},
				"up": {"uv": [0, 0, 0, 1], "rotation": 270, "texture": "#missing"},
				"down": {"uv": [0, 0, 0, 1], "rotation": 90, "texture": "#missing"}
			}
		},
		{
			"from": [6.59289, 19, 5.14289],
			"to": [7.59289, 20, 5.14289],
			"rotation": {"angle": 22.5, "axis": "y", "origin": [8.79289, 27, 6.79289]},
			"faces": {
				"north": {"uv": [0, 2, 0.5, 2.5], "texture": "#3"},
				"east": {"uv": [0, 0, 0, 1], "texture": "#missing"},
				"south": {"uv": [0, 2, 0.5, 2.5], "texture": "#3"},
				"west": {"uv": [0, 0, 0, 1], "texture": "#missing"},
				"up": {"uv": [0, 0, 0, 1], "rotation": 270, "texture": "#missing"},
				"down": {"uv": [0, 0, 0, 1], "rotation": 90, "texture": "#missing"}
			}
		},
		{
			"from": [6.79289, 30, 6.79289],
			"to": [7.79289, 31, 6.79289],
			"rotation": {"angle": 22.5, "axis": "y", "origin": [8.79289, 27, 6.79289]},
			"faces": {
				"north": {"uv": [0, 2, 0.5, 2.5], "texture": "#3"},
				"east": {"uv": [0, 0, 0, 1], "texture": "#missing"},
				"south": {"uv": [0, 2, 0.5, 2.5], "texture": "#3"},
				"west": {"uv": [0, 0, 0, 1], "texture": "#missing"},
				"up": {"uv": [0, 0, 0, 1], "rotation": 270, "texture": "#missing"},
				"down": {"uv": [0, 0, 0, 1], "rotation": 90, "texture": "#missing"}
			}
		},
		{
			"from": [8.98502, 17, 8.50897],
			"to": [9.98502, 18, 8.50897],
			"rotation": {"angle": -22.5, "axis": "y", "origin": [10.03502, 19.5, 14.23397]},
			"faces": {
				"north": {"uv": [0, 2, 0.5, 2.5], "texture": "#3"},
				"east": {"uv": [0, 0, 0, 1], "texture": "#missing"},
				"south": {"uv": [0, 2, 0.5, 2.5], "texture": "#3"},
				"west": {"uv": [0, 0, 0, 1], "texture": "#missing"},
				"up": {"uv": [0, 0, 0, 1], "rotation": 270, "texture": "#missing"},
				"down": {"uv": [0, 0, 0, 1], "rotation": 90, "texture": "#missing"}
			}
		},
		{
			"from": [12.31028, 27.48186, 5.21272],
			"to": [12.31028, 30.48186, 6.21272],
			"rotation": {"angle": 22.5, "axis": "z", "origin": [12.48528, 29.93186, 6.23772]},
			"faces": {
				"north": {"uv": [0, 0, 0, 1], "texture": "#missing"},
				"east": {"uv": [1, 14, 1.5, 15.5], "texture": "#3"},
				"south": {"uv": [0, 0, 0, 1], "texture": "#missing"},
				"west": {"uv": [1, 14, 1.5, 15.5], "texture": "#3"},
				"up": {"uv": [0, 0, 0, 1], "rotation": 180, "texture": "#missing"},
				"down": {"uv": [0, 0, 0, 1], "rotation": 180, "texture": "#missing"}
			}
		},
		{
			"from": [12.31028, 28.48186, 6.21272],
			"to": [12.31028, 29.48186, 7.21272],
			"rotation": {"angle": 22.5, "axis": "z", "origin": [12.48528, 29.93186, 6.23772]},
			"faces": {
				"north": {"uv": [0, 0, 0, 1], "texture": "#missing"},
				"east": {"uv": [0.5, 14.5, 1, 15], "texture": "#3"},
				"south": {"uv": [0, 0, 0, 1], "texture": "#missing"},
				"west": {"uv": [0.5, 14.5, 1, 15], "texture": "#3"},
				"up": {"uv": [0, 0, 0, 1], "rotation": 180, "texture": "#missing"},
				"down": {"uv": [0, 0, 0, 1], "rotation": 180, "texture": "#missing"}
			}
		},
		{
			"from": [9.98502, 18, 8.50897],
			"to": [10.98502, 19, 8.50897],
			"rotation": {"angle": -22.5, "axis": "y", "origin": [10.03502, 19.5, 14.23397]},
			"faces": {
				"north": {"uv": [0, 2, 0.5, 2.5], "texture": "#3"},
				"east": {"uv": [0, 0, 0, 1], "texture": "#missing"},
				"south": {"uv": [0, 2, 0.5, 2.5], "texture": "#3"},
				"west": {"uv": [0, 0, 0, 1], "texture": "#missing"},
				"up": {"uv": [0, 0, 0, 1], "rotation": 270, "texture": "#missing"},
				"down": {"uv": [0, 0, 0, 1], "rotation": 90, "texture": "#missing"}
			}
		},
		{
			"from": [12.31028, 28.48186, 4.21272],
			"to": [12.31028, 29.48186, 5.21272],
			"rotation": {"angle": 22.5, "axis": "z", "origin": [12.48528, 29.93186, 6.23772]},
			"faces": {
				"north": {"uv": [0, 0, 0, 1], "texture": "#missing"},
				"east": {"uv": [1.5, 15, 2, 15.5], "texture": "#3"},
				"south": {"uv": [0, 0, 0, 1], "texture": "#missing"},
				"west": {"uv": [1.5, 15, 2, 15.5], "texture": "#3"},
				"up": {"uv": [0, 0, 0, 1], "rotation": 180, "texture": "#missing"},
				"down": {"uv": [0, 0, 0, 1], "rotation": 180, "texture": "#missing"}
			}
		},
		{
			"from": [11.99764, 11, 7.51966],
			"to": [12.99764, 12, 7.51966],
			"rotation": {"angle": 0, "axis": "y", "origin": [12.27264, 12.925, 7.39466]},
			"faces": {
				"north": {"uv": [0, 2, 0.5, 2.5], "texture": "#3"},
				"east": {"uv": [0, 0, 0, 1], "texture": "#missing"},
				"south": {"uv": [0, 2, 0.5, 2.5], "texture": "#3"},
				"west": {"uv": [0, 0, 0, 1], "texture": "#missing"},
				"up": {"uv": [0, 0, 0, 1], "rotation": 270, "texture": "#missing"},
				"down": {"uv": [0, 0, 0, 1], "rotation": 90, "texture": "#missing"}
			}
		},
		{
			"from": [8.28263, 22.8, 2.43184],
			"to": [8.28263, 23.8, 3.43184],
			"rotation": {"angle": 22.5, "axis": "y", "origin": [8.28263, 23.375, 2.98184]},
			"faces": {
				"north": {"uv": [0, 0, 0, 1], "texture": "#missing"},
				"east": {"uv": [0, 2, 0.5, 2.5], "texture": "#3"},
				"south": {"uv": [0, 0, 0, 1], "texture": "#missing"},
				"west": {"uv": [0, 2, 0.5, 2.5], "texture": "#3"},
				"up": {"uv": [0, 0, 0, 1], "rotation": 180, "texture": "#missing"},
				"down": {"uv": [0, 0, 0, 1], "rotation": 180, "texture": "#missing"}
			}
		},
		{
			"from": [12.99764, 12, 7.51966],
			"to": [13.99764, 13, 7.51966],
			"rotation": {"angle": 0, "axis": "y", "origin": [12.27264, 12.925, 7.39466]},
			"faces": {
				"north": {"uv": [0, 2, 0.5, 2.5], "texture": "#3"},
				"east": {"uv": [0, 0, 0, 1], "texture": "#missing"},
				"south": {"uv": [0, 2, 0.5, 2.5], "texture": "#3"},
				"west": {"uv": [0, 0, 0, 1], "texture": "#missing"},
				"up": {"uv": [0, 0, 0, 1], "rotation": 270, "texture": "#missing"},
				"down": {"uv": [0, 0, 0, 1], "rotation": 90, "texture": "#missing"}
			}
		},
		{
			"from": [5.99764, 14, 7.51966],
			"to": [6.99764, 15, 7.51966],
			"rotation": {"angle": 0, "axis": "y", "origin": [12.27264, 12.925, 7.39466]},
			"faces": {
				"north": {"uv": [0, 2, 0.5, 2.5], "texture": "#3"},
				"east": {"uv": [0, 0, 0, 1], "texture": "#missing"},
				"south": {"uv": [0, 2, 0.5, 2.5], "texture": "#3"},
				"west": {"uv": [0, 0, 0, 1], "texture": "#missing"},
				"up": {"uv": [0, 0, 0, 1], "rotation": 270, "texture": "#missing"},
				"down": {"uv": [0, 0, 0, 1], "rotation": 90, "texture": "#missing"}
			}
		},
		{
			"from": [14.79764, 16.775, 7.51966],
			"to": [15.79764, 17.775, 7.51966],
			"rotation": {"angle": 0, "axis": "y", "origin": [12.27264, 12.925, 7.39466]},
			"faces": {
				"north": {"uv": [0, 2, 0.5, 2.5], "texture": "#3"},
				"east": {"uv": [0, 0, 0, 1], "texture": "#missing"},
				"south": {"uv": [0, 2, 0.5, 2.5], "texture": "#3"},
				"west": {"uv": [0, 0, 0, 1], "texture": "#missing"},
				"up": {"uv": [0, 0, 0, 1], "rotation": 270, "texture": "#missing"},
				"down": {"uv": [0, 0, 0, 1], "rotation": 90, "texture": "#missing"}
			}
		},
		{
			"from": [10.97361, 21.64617, 9.51272],
			"to": [11.97361, 22.64617, 9.51272],
			"rotation": {"angle": -22.5, "axis": "x", "origin": [15.74861, 21.59617, 9.71272]},
			"faces": {
				"north": {"uv": [1.5, 15, 2, 15.5], "texture": "#3"},
				"east": {"uv": [0, 0, 0, 1], "texture": "#missing"},
				"south": {"uv": [1.5, 15, 2, 15.5], "texture": "#3"},
				"west": {"uv": [0, 0, 0, 1], "texture": "#missing"},
				"up": {"uv": [0, 0, 0, 1], "rotation": 270, "texture": "#missing"},
				"down": {"uv": [0, 0, 0, 1], "rotation": 90, "texture": "#missing"}
			}
		},
		{
			"from": [9.97361, 20.64617, 9.51272],
			"to": [10.97361, 23.64617, 9.51272],
			"rotation": {"angle": -22.5, "axis": "x", "origin": [15.74861, 21.59617, 9.71272]},
			"faces": {
				"north": {"uv": [1, 14, 1.5, 15.5], "texture": "#3"},
				"east": {"uv": [0, 0, 0, 1], "texture": "#missing"},
				"south": {"uv": [1, 14, 1.5, 15.5], "texture": "#3"},
				"west": {"uv": [0, 0, 0, 1], "texture": "#missing"},
				"up": {"uv": [0, 0, 0, 1], "rotation": 270, "texture": "#missing"},
				"down": {"uv": [0, 0, 0, 1], "rotation": 90, "texture": "#missing"}
			}
		},
		{
			"from": [8.97361, 21.64617, 9.51272],
			"to": [9.97361, 22.64617, 9.51272],
			"rotation": {"angle": -22.5, "axis": "x", "origin": [15.74861, 21.59617, 9.71272]},
			"faces": {
				"north": {"uv": [0.5, 14.5, 1, 15], "texture": "#3"},
				"east": {"uv": [0, 0, 0, 1], "texture": "#missing"},
				"south": {"uv": [0.5, 14.5, 1, 15], "texture": "#3"},
				"west": {"uv": [0, 0, 0, 1], "texture": "#missing"},
				"up": {"uv": [0, 0, 0, 1], "rotation": 270, "texture": "#missing"},
				"down": {"uv": [0, 0, 0, 1], "rotation": 90, "texture": "#missing"}
			}
		},
		{
			"from": [0, 6, 9.1],
			"to": [16, 22, 9.1],
			"rotation": {"angle": -22.5, "axis": "y", "origin": [8, 13, 9.5]},
			"faces": {
				"north": {"uv": [0, 8, 8, 16], "texture": "#4"},
				"east": {"uv": [0, 0, 0, 16], "texture": "#missing"},
				"south": {"uv": [8, 8, 16, 16], "texture": "#4"},
				"west": {"uv": [0, 0, 0, 16], "texture": "#missing"},
				"up": {"uv": [0, 0, 16, 0], "texture": "#missing"},
				"down": {"uv": [0, 0, 16, 0], "texture": "#missing"}
			}
		}
	],
	"groups": [
		{
			"name": "bag",
			"origin": [0, 0, 0],
			"color": 0,
			"children": [0, 1, 2, 3, 4, 5, 6, 7, 8]
		},
		9,
		10,
		11,
		12,
		13,
		14,
		15,
		16,
		17,
		18,
		19,
		20,
		21,
		22,
		23,
		24,
		25,
		26,
		27,
		28,
		29,
		30,
		31,
		32,
		33,
		34,
		35,
		36,
		37,
		38,
		39,
		40,
		41,
		42,
		43,
		44,
		45,
		46,
		47,
		48
	]
}