{
	"credit": "Made by Ensis",
	"textures": {
		"0": "block/bonsai_pot",
		"particle": "block/bonsai_pot"
	},
	"elements": [
		{
			"from": [4.5, 0, 4.5],
			"to": [11.5, 0.5, 11.5],
			"rotation": {"angle": 0, "axis": "y", "origin": [0.5, 7.5, 2.5]},
			"faces": {
				"north": {"uv": [1, 2.5, 6, 2], "texture": "#0"},
				"east": {"uv": [1, 2, 6, 2.5], "texture": "#0"},
				"south": {"uv": [1, 2.5, 6, 2], "texture": "#0"},
				"west": {"uv": [1, 2, 6, 2.5], "texture": "#0"},
				"up": {"uv": [0, 0, 5, 5], "texture": "#missing"},
				"down": {"uv": [1, 2.5, 6, 7.5], "texture": "#0"}
			}
		},
		{
			"from": [4, 0.5, 4],
			"to": [12, 4, 12],
			"rotation": {"angle": 0, "axis": "y", "origin": [0.5, 7.5, 2.5]},
			"faces": {
				"north": {"uv": [0.5, 0.5, 6.5, 2], "texture": "#0"},
				"east": {"uv": [0.5, 0.5, 6.5, 2], "texture": "#0"},
				"south": {"uv": [0.5, 0.5, 6.5, 2], "texture": "#0"},
				"west": {"uv": [0.5, 0.5, 6.5, 2], "texture": "#0"},
				"up": {"uv": [0.5, 7.5, 6.5, 13.5], "texture": "#0"},
				"down": {"uv": [9.5, 7.5, 15.5, 13.5], "texture": "#0"}
			}
		},
		{
			"from": [11.25, 4, 3.5],
			"to": [12.5, 4.5, 12.5],
			"rotation": {"angle": 0, "axis": "y", "origin": [0.5, 7.5, 2.5]},
			"faces": {
				"north": {"uv": [0, 0, 1, 0.5], "texture": "#0"},
				"east": {"uv": [0, 0, 7, 0.5], "texture": "#0"},
				"south": {"uv": [6, 0, 7, 0.5], "texture": "#0"},
				"west": {"uv": [0, 0, 7, 0.5], "texture": "#0"},
				"up": {"uv": [15, 0, 16, 7], "texture": "#0"},
				"down": {"uv": [9, 7, 10, 14], "texture": "#0"}
			}
		},
		{
			"from": [3.5, 4, 3.5],
			"to": [4.75, 4.5, 12.5],
			"rotation": {"angle": 0, "axis": "y", "origin": [0.5, 7.5, 2.5]},
			"faces": {
				"north": {"uv": [6, 0, 7, 0.5], "texture": "#0"},
				"east": {"uv": [0, 0, 7, 0.5], "texture": "#0"},
				"south": {"uv": [0, 0, 1, 0.5], "texture": "#0"},
				"west": {"uv": [0, 0, 7, 0.5], "texture": "#0"},
				"up": {"uv": [9, 0, 10, 7], "texture": "#0"},
				"down": {"uv": [15, 7, 16, 14], "texture": "#0"}
			}
		},
		{
			"from": [4.75, 4, 3.5],
			"to": [11.25, 4.5, 4.75],
			"rotation": {"angle": 0, "axis": "y", "origin": [0.5, 7.5, 2.5]},
			"faces": {
				"north": {"uv": [1, 0, 6, 0.5], "texture": "#0"},
				"east": {"uv": [0, 0, 1, 0.5], "texture": "#missing"},
				"south": {"uv": [1, 0, 6, 0.5], "texture": "#0"},
				"west": {"uv": [0, 0, 1, 0.5], "texture": "#missing"},
				"up": {"uv": [10, 0, 15, 1], "texture": "#0"},
				"down": {"uv": [10, 7, 15, 8], "texture": "#0"}
			}
		},
		{
			"from": [4.75, 4, 11.25],
			"to": [11.25, 4.5, 12.5],
			"rotation": {"angle": 0, "axis": "y", "origin": [0.5, 7.5, 2.5]},
			"faces": {
				"north": {"uv": [1, 0, 6, 0.5], "texture": "#0"},
				"east": {"uv": [0, 0, 1, 0.5], "texture": "#missing"},
				"south": {"uv": [1, 0, 6, 0.5], "texture": "#0"},
				"west": {"uv": [0, 0, 1, 0.5], "texture": "#missing"},
				"up": {"uv": [10, 0, 15, 1], "texture": "#0"},
				"down": {"uv": [10, 13, 15, 14], "texture": "#0"}
			}
		}
	]
}
