{
  "variants": {
    "half=lower": [ {
      "model": "minecraft:block/pitcher_plant_bottom" }, { "model": "block/pitcher_plant/pitcher_plant_bottom1" }, { "model": "block/pitcher_plant/pitcher_plant_bottom2" }, { "model": "block/pitcher_plant/pitcher_plant_bottom3" } ]
    ,
    "half=upper": [ {
      "model": "minecraft:block/pitcher_plant_top" }, { "model": "block/pitcher_plant/pitcher_plant_top1" }, { "model": "block/pitcher_plant/pitcher_plant_top2" }, { "model": "block/pitcher_plant/pitcher_plant_top3" } ]
    }
  }
}