{
	"credit": "Made by coolbot100s with Blockbench",
	"textures": {
		"0": "block/dripstone_block",
		"particle": "block/dripstone_block"
	},
	"elements": [
		{
			"from": [5, 10, 5],
			"to": [11, 16, 11],
			"faces": {
				"north": {"uv": [5, 4, 11, 10], "rotation": 180, "texture": "#0"},
				"east": {"uv": [5, 4, 11, 10], "rotation": 180, "texture": "#0"},
				"south": {"uv": [5, 4, 11, 10], "rotation": 180, "texture": "#0"},
				"west": {"uv": [5, 4, 11, 10], "rotation": 180, "texture": "#0"},
				"up": {"uv": [0, 0, 4, 4], "rotation": 180, "texture": "#0"},
				"down": {"uv": [0, 0, 4, 4], "rotation": 180, "texture": "#0"}
			}
		},
		{
			"from": [6, 7, 6],
			"to": [10, 10, 10],
			"faces": {
				"north": {"uv": [6, 2, 10, 5], "rotation": 180, "texture": "#0"},
				"east": {"uv": [6, 2, 10, 5], "rotation": 180, "texture": "#0"},
				"south": {"uv": [6, 2, 10, 5], "rotation": 180, "texture": "#0"},
				"west": {"uv": [6, 2, 10, 5], "rotation": 180, "texture": "#0"},
				"down": {"uv": [6, 2, 10, 6], "rotation": 180, "texture": "#0"}
			}
		},
		{
			"from": [7, 4, 7],
			"to": [9, 7, 9],
			"faces": {
				"north": {"uv": [0, 0, 2, 3], "rotation": 180, "texture": "#0"},
				"east": {"uv": [0, 0, 2, 3], "rotation": 180, "texture": "#0"},
				"south": {"uv": [0, 0, 2, 3], "rotation": 180, "texture": "#0"},
				"west": {"uv": [0, 0, 2, 3], "rotation": 180, "texture": "#0"},
				"down": {"uv": [0, 0, 2, 2], "rotation": 180, "texture": "#0"}
			}
		},
		{
			"from": [6, 14, 4],
			"to": [10, 16, 5],
			"faces": {
				"north": {"uv": [0, 0, 4, 2], "rotation": 180, "texture": "#0"},
				"east": {"uv": [0, 0, 1, 2], "rotation": 180, "texture": "#0"},
				"west": {"uv": [0, 0, 1, 2], "rotation": 180, "texture": "#0"},
				"up": {"uv": [0, 0, 4, 1], "rotation": 180, "texture": "#0"},
				"down": {"uv": [0, 0, 4, 1], "rotation": 180, "texture": "#0"}
			}
		},
		{
			"from": [6, 14, 11],
			"to": [10, 16, 12],
			"faces": {
				"east": {"uv": [0, 0, 1, 2], "rotation": 180, "texture": "#0"},
				"south": {"uv": [0, 0, 4, 2], "rotation": 180, "texture": "#0"},
				"west": {"uv": [0, 0, 1, 2], "rotation": 180, "texture": "#0"},
				"up": {"uv": [0, 0, 4, 1], "rotation": 180, "texture": "#0"},
				"down": {"uv": [0, 0, 4, 1], "rotation": 180, "texture": "#0"}
			}
		},
		{
			"from": [11, 14, 6],
			"to": [12, 16, 10],
			"faces": {
				"north": {"uv": [0, 0, 1, 2], "rotation": 180, "texture": "#0"},
				"east": {"uv": [0, 0, 4, 2], "rotation": 180, "texture": "#0"},
				"south": {"uv": [0, 0, 1, 2], "rotation": 180, "texture": "#0"},
				"up": {"uv": [0, 0, 1, 4], "rotation": 180, "texture": "#0"},
				"down": {"uv": [0, 0, 1, 4], "rotation": 180, "texture": "#0"}
			}
		},
		{
			"from": [4, 14, 6],
			"to": [5, 16, 10],
			"faces": {
				"north": {"uv": [0, 0, 1, 2], "rotation": 180, "texture": "#0"},
				"south": {"uv": [0, 0, 1, 2], "rotation": 180, "texture": "#0"},
				"west": {"uv": [0, 0, 4, 2], "rotation": 180, "texture": "#0"},
				"up": {"uv": [0, 0, 1, 4], "rotation": 180, "texture": "#0"},
				"down": {"uv": [0, 0, 1, 4], "rotation": 180, "texture": "#0"}
			}
		}
	]
}