{
	"credit": "Made with Blockbench",
	"textures": {
		"0": "block/dripstone_block",
		"particle": "block/dripstone_block"
	},
	"elements": [
		{
			"from": [4, 4, 4],
			"to": [12, 16, 12],
			"faces": {
				"north": {"uv": [4, 3, 12, 15], "rotation": 180, "texture": "#0"},
				"east": {"uv": [4, 3, 12, 15], "rotation": 180, "texture": "#0"},
				"south": {"uv": [4, 3, 12, 15], "rotation": 180, "texture": "#0"},
				"west": {"uv": [4, 3, 12, 15], "rotation": 180, "texture": "#0"},
				"up": {"uv": [4, 3, 12, 11], "texture": "#0"},
				"down": {"uv": [4, 3, 12, 11], "rotation": 180, "texture": "#0"}
			}
		},
		{
			"from": [4, 0, 5],
			"to": [5, 4, 11],
			"faces": {
				"north": {"uv": [4, 3, 5, 7], "rotation": 180, "texture": "#0"},
				"south": {"uv": [4, 3, 5, 7], "rotation": 180, "texture": "#0"},
				"west": {"uv": [4, 3, 10, 7], "rotation": 180, "texture": "#0"},
				"down": {"uv": [4, 3, 5, 9], "rotation": 180, "texture": "#0", "cullface": "up"}
			}
		},
		{
			"from": [11, 0, 5],
			"to": [12, 4, 11],
			"faces": {
				"north": {"uv": [4, 3, 5, 7], "rotation": 180, "texture": "#0"},
				"east": {"uv": [4, 3, 10, 7], "rotation": 180, "texture": "#0"},
				"south": {"uv": [4, 3, 5, 7], "rotation": 180, "texture": "#0"},
				"down": {"uv": [4, 3, 5, 9], "rotation": 180, "texture": "#0", "cullface": "up"}
			}
		},
		{
			"from": [5, 0, 4],
			"to": [11, 4, 12],
			"faces": {
				"north": {"uv": [4, 3, 10, 7], "rotation": 180, "texture": "#0"},
				"east": {"uv": [4, 3, 12, 7], "rotation": 180, "texture": "#0"},
				"south": {"uv": [4, 3, 10, 7], "rotation": 180, "texture": "#0"},
				"west": {"uv": [4, 3, 12, 7], "rotation": 180, "texture": "#0"},
				"down": {"uv": [4, 3, 10, 11], "rotation": 180, "texture": "#0", "cullface": "up"}
			}
		},
		{
			"from": [5.02, 12, 3],
			"to": [11.02, 16, 4],
			"faces": {
				"north": {"uv": [4, 3, 10, 7], "rotation": 180, "texture": "#0"},
				"east": {"uv": [4, 3, 5, 7], "rotation": 180, "texture": "#0"},
				"west": {"uv": [4, 3, 5, 7], "rotation": 180, "texture": "#0"},
				"up": {"uv": [4, 3, 10, 4], "texture": "#0"},
				"down": {"uv": [4, 3, 10, 4], "rotation": 180, "texture": "#0"}
			}
		},
		{
			"from": [5.02, 12, 12],
			"to": [11.02, 16, 13],
			"faces": {
				"east": {"uv": [4, 3, 5, 7], "rotation": 180, "texture": "#0"},
				"south": {"uv": [4, 3, 10, 7], "rotation": 180, "texture": "#0"},
				"west": {"uv": [4, 3, 5, 7], "rotation": 180, "texture": "#0"},
				"up": {"uv": [4, 3, 10, 4], "texture": "#0"},
				"down": {"uv": [4, 3, 10, 4], "rotation": 180, "texture": "#0"}
			}
		},
		{
			"from": [3, 12, 4.98],
			"to": [4, 16, 10.98],
			"faces": {
				"north": {"uv": [4, 3, 5, 7], "rotation": 180, "texture": "#0"},
				"south": {"uv": [4, 3, 5, 7], "rotation": 180, "texture": "#0"},
				"west": {"uv": [4, 3, 10, 7], "rotation": 180, "texture": "#0"},
				"up": {"uv": [4, 3, 5, 9], "texture": "#0"},
				"down": {"uv": [4, 3, 10, 4], "rotation": 90, "texture": "#0"}
			}
		},
		{
			"from": [12, 12, 4.98],
			"to": [13, 16, 10.98],
			"faces": {
				"north": {"uv": [4, 3, 5, 7], "rotation": 180, "texture": "#0"},
				"east": {"uv": [4, 3, 10, 7], "rotation": 180, "texture": "#0"},
				"south": {"uv": [4, 3, 5, 7], "rotation": 180, "texture": "#0"},
				"up": {"uv": [4, 3, 5, 9], "texture": "#0"},
				"down": {"uv": [4, 3, 10, 4], "rotation": 90, "texture": "#0"}
			}
		}
	]
}