{
	"credit": "Made with Blockbench",
	"textures": {
		"0": "block/dripstone_block",
		"particle": "block/dripstone_block"
	},
	"elements": [
		{
			"from": [5, 0, 5],
			"to": [11, 6, 11],
			"faces": {
				"north": {"uv": [5, 5, 11, 11], "texture": "#0"},
				"east": {"uv": [5, 5, 11, 11], "texture": "#0"},
				"south": {"uv": [5, 5, 11, 11], "texture": "#0"},
				"west": {"uv": [5, 5, 11, 11], "texture": "#0"},
				"up": {"uv": [5, 5, 11, 11], "texture": "#0"}
			}
		},
		{
			"from": [6, 6, 6],
			"to": [10, 11, 10],
			"faces": {
				"north": {"uv": [5, 1, 10, 6], "texture": "#0"},
				"east": {"uv": [5, 1, 10, 6], "texture": "#0"},
				"south": {"uv": [5, 1, 10, 6], "texture": "#0"},
				"west": {"uv": [5, 1, 10, 6], "texture": "#0"},
				"up": {"uv": [6, 6, 10, 10], "texture": "#0"}
			}
		},
		{
			"from": [7, 9, 7],
			"to": [9, 14, 9],
			"faces": {
				"north": {"uv": [7, 0, 9, 5], "texture": "#0"},
				"east": {"uv": [7, 0, 9, 5], "texture": "#0"},
				"south": {"uv": [7, 0, 9, 5], "texture": "#0"},
				"west": {"uv": [7, 0, 9, 5], "texture": "#0"},
				"up": {"uv": [7, 6, 9, 8], "texture": "#0"}
			}
		},
		{
			"from": [7, 14, 7],
			"to": [8, 17, 8],
			"faces": {
				"north": {"uv": [9, 0, 10, 3], "texture": "#0"},
				"east": {"uv": [9, 0, 10, 3], "texture": "#0"},
				"south": {"uv": [9, 0, 10, 3], "texture": "#0"},
				"west": {"uv": [9, 0, 10, 3], "texture": "#0"},
				"up": {"uv": [0, 0, 1, 1], "texture": "#0"}
			}
		},
		{
			"from": [6, 0, 4],
			"to": [10, 2, 5],
			"faces": {
				"north": {"uv": [6, 6, 10, 8], "texture": "#0"},
				"east": {"uv": [6, 6, 7, 8], "texture": "#0"},
				"south": {"uv": [6, 6, 6, 6], "texture": "#0"},
				"west": {"uv": [6, 6, 7, 8], "texture": "#0"},
				"up": {"uv": [6, 6, 10, 7], "texture": "#0"}
			}
		},
		{
			"from": [6, 0, 11],
			"to": [10, 2, 12],
			"faces": {
				"north": {"uv": [6, 6, 6, 6], "texture": "#0"},
				"east": {"uv": [6, 6, 7, 8], "texture": "#0"},
				"south": {"uv": [6, 6, 10, 8], "texture": "#0"},
				"west": {"uv": [6, 6, 7, 8], "texture": "#0"},
				"up": {"uv": [6, 6, 10, 7], "texture": "#0"}
			}
		},
		{
			"from": [4, 0, 6],
			"to": [5, 2, 10],
			"faces": {
				"north": {"uv": [6, 6, 7, 8], "texture": "#0"},
				"east": {"uv": [6, 6, 6, 6], "texture": "#0"},
				"south": {"uv": [6, 6, 7, 8], "texture": "#0"},
				"west": {"uv": [6, 6, 10, 8], "texture": "#0"},
				"up": {"uv": [6, 6, 7, 10], "texture": "#0"}
			}
		},
		{
			"from": [11, 0, 6],
			"to": [12, 2, 10],
			"faces": {
				"north": {"uv": [6, 6, 7, 8], "texture": "#0"},
				"east": {"uv": [6, 6, 10, 8], "texture": "#0"},
				"south": {"uv": [6, 6, 7, 8], "texture": "#0"},
				"west": {"uv": [6, 6, 6, 6], "texture": "#0"},
				"up": {"uv": [6, 6, 7, 10], "texture": "#0"}
			}
		},
		{
			"from": [7, 14, 8],
			"to": [8, 15, 9],
			"faces": {
				"north": {"uv": [5, 9, 6, 10], "texture": "#0"},
				"east": {"uv": [5, 9, 6, 10], "texture": "#0"},
				"south": {"uv": [5, 9, 6, 10], "texture": "#0"},
				"west": {"uv": [5, 9, 6, 10], "texture": "#0"},
				"up": {"uv": [5, 9, 6, 10], "texture": "#0"}
			}
		},
		{
			"from": [8, 14, 7],
			"to": [9, 15, 8],
			"faces": {
				"north": {"uv": [7, 6, 8, 7], "texture": "#0"},
				"east": {"uv": [7, 6, 8, 7], "texture": "#0"},
				"south": {"uv": [7, 6, 8, 7], "texture": "#0"},
				"west": {"uv": [7, 6, 8, 7], "texture": "#0"},
				"up": {"uv": [7, 6, 8, 7], "texture": "#0"}
			}
		}
	]
}