{
	"credit": "Made with Blockbench",
	"textures": {
		"0": "block/dripstone_block",
		"particle": "block/dripstone_block"
	},
	"elements": [
		{
			"from": [5, 10, 5],
			"to": [11, 16, 11],
			"faces": {
				"north": {"uv": [5, 5, 11, 11], "rotation": 180, "texture": "#0"},
				"east": {"uv": [5, 5, 11, 11], "rotation": 180, "texture": "#0"},
				"south": {"uv": [5, 5, 11, 11], "rotation": 180, "texture": "#0"},
				"west": {"uv": [5, 5, 11, 11], "rotation": 180, "texture": "#0"},
				"up": {"uv": [5, 5, 11, 11], "texture": "#0"},
				"down": {"uv": [5, 5, 11, 11], "texture": "#0"}
			}
		},
		{
			"from": [6, 5, 6],
			"to": [10, 10, 10],
			"faces": {
				"north": {"uv": [5, 1, 10, 6], "rotation": 180, "texture": "#0"},
				"east": {"uv": [5, 1, 10, 6], "rotation": 180, "texture": "#0"},
				"south": {"uv": [5, 1, 10, 6], "rotation": 180, "texture": "#0"},
				"west": {"uv": [5, 1, 10, 6], "rotation": 180, "texture": "#0"},
				"down": {"uv": [6, 6, 10, 10], "texture": "#0"}
			}
		},
		{
			"from": [7, 2, 7],
			"to": [9, 7, 9],
			"faces": {
				"north": {"uv": [7, 0, 9, 5], "rotation": 180, "texture": "#0"},
				"east": {"uv": [7, 0, 9, 5], "rotation": 180, "texture": "#0"},
				"south": {"uv": [7, 0, 9, 5], "rotation": 180, "texture": "#0"},
				"west": {"uv": [7, 0, 9, 5], "rotation": 180, "texture": "#0"},
				"down": {"uv": [7, 6, 9, 8], "texture": "#0"}
			}
		},
		{
			"from": [8, -1, 8],
			"to": [9, 2, 9],
			"faces": {
				"north": {"uv": [9, 0, 10, 3], "rotation": 180, "texture": "#0"},
				"east": {"uv": [9, 0, 10, 3], "rotation": 180, "texture": "#0"},
				"south": {"uv": [9, 0, 10, 3], "rotation": 180, "texture": "#0"},
				"west": {"uv": [9, 0, 10, 3], "rotation": 180, "texture": "#0"},
				"down": {"uv": [0, 0, 1, 1], "texture": "#0"}
			}
		},
		{
			"from": [6, 14, 11],
			"to": [10, 16, 12],
			"faces": {
				"north": {"uv": [6, 6, 6, 6], "rotation": 180, "texture": "#0"},
				"east": {"uv": [6, 6, 7, 8], "rotation": 180, "texture": "#0"},
				"south": {"uv": [6, 6, 10, 8], "rotation": 180, "texture": "#0"},
				"west": {"uv": [6, 6, 7, 8], "rotation": 180, "texture": "#0"},
				"up": {"uv": [5, 5, 9, 6], "texture": "#0"},
				"down": {"uv": [6, 6, 10, 7], "texture": "#0"}
			}
		},
		{
			"from": [6, 14, 4],
			"to": [10, 16, 5],
			"faces": {
				"north": {"uv": [6, 6, 10, 8], "rotation": 180, "texture": "#0"},
				"east": {"uv": [6, 6, 7, 8], "rotation": 180, "texture": "#0"},
				"south": {"uv": [6, 6, 6, 6], "rotation": 180, "texture": "#0"},
				"west": {"uv": [6, 6, 7, 8], "rotation": 180, "texture": "#0"},
				"up": {"uv": [5, 5, 9, 6], "texture": "#0"},
				"down": {"uv": [6, 6, 10, 7], "texture": "#0"}
			}
		},
		{
			"from": [4, 14, 6],
			"to": [5, 16, 10],
			"faces": {
				"north": {"uv": [6, 6, 7, 8], "rotation": 180, "texture": "#0"},
				"east": {"uv": [6, 6, 6, 6], "rotation": 180, "texture": "#0"},
				"south": {"uv": [6, 6, 7, 8], "rotation": 180, "texture": "#0"},
				"west": {"uv": [6, 6, 10, 8], "rotation": 180, "texture": "#0"},
				"up": {"uv": [5, 5, 6, 9], "texture": "#0"},
				"down": {"uv": [6, 6, 7, 10], "texture": "#0"}
			}
		},
		{
			"from": [11, 14, 6],
			"to": [12, 16, 10],
			"faces": {
				"north": {"uv": [6, 6, 7, 8], "rotation": 180, "texture": "#0"},
				"east": {"uv": [6, 6, 10, 8], "rotation": 180, "texture": "#0"},
				"south": {"uv": [6, 6, 7, 8], "rotation": 180, "texture": "#0"},
				"west": {"uv": [6, 6, 6, 6], "rotation": 180, "texture": "#0"},
				"up": {"uv": [5, 5, 6, 9], "texture": "#0"},
				"down": {"uv": [6, 6, 7, 10], "texture": "#0"}
			}
		},
		{
			"from": [8, 1, 7],
			"to": [9, 2, 8],
			"faces": {
				"north": {"uv": [5, 9, 6, 10], "rotation": 180, "texture": "#0"},
				"east": {"uv": [5, 9, 6, 10], "rotation": 180, "texture": "#0"},
				"south": {"uv": [5, 9, 6, 10], "rotation": 180, "texture": "#0"},
				"west": {"uv": [5, 9, 6, 10], "rotation": 180, "texture": "#0"},
				"down": {"uv": [5, 9, 6, 10], "texture": "#0"}
			}
		},
		{
			"from": [7, 1, 8],
			"to": [8, 2, 9],
			"faces": {
				"north": {"uv": [7, 6, 8, 7], "rotation": 180, "texture": "#0"},
				"east": {"uv": [7, 6, 8, 7], "rotation": 180, "texture": "#0"},
				"south": {"uv": [7, 6, 8, 7], "rotation": 180, "texture": "#0"},
				"west": {"uv": [7, 6, 8, 7], "rotation": 180, "texture": "#0"},
				"down": {"uv": [7, 6, 8, 7], "texture": "#0"}
			}
		}
	]
}