{"parent":"display/fence","textures":{"particle":"block/acacia_planks","texture":"block/acacia_planks"},"elements":[{"from":[1,13,14],"to":[5,14,16],"faces":{"north":{"uv":[11,2,15,3],"texture":"#texture"},"east":{"uv":[0,2,2,3],"texture":"#texture"},"south":{"uv":[1,2,5,3],"texture":"#texture"},"west":{"uv":[14,2,16,3],"texture":"#texture"},"up":{"uv":[1,14,5,16],"texture":"#texture"},"down":{"uv":[1,0,5,2],"texture":"#texture"}}},{"from":[2.5,12,14],"to":[7,13,16],"faces":{"north":{"uv":[9,3,13.5,4],"texture":"#texture"},"east":{"uv":[0,3,2,4],"texture":"#texture"},"south":{"uv":[2.5,3,7,4],"texture":"#texture"},"west":{"uv":[14,3,16,4],"texture":"#texture"},"up":{"uv":[2.5,14,7,16],"texture":"#texture"},"down":{"uv":[2.5,0,7,2],"texture":"#texture"}}},{"from":[2.5,2,14],"to":[4.5,12,16],"faces":{"north":{"uv":[11.5,4,13.5,14],"texture":"#texture"},"east":{"uv":[0,4,2,14],"texture":"#texture"},"south":{"uv":[2.5,4,4.5,14],"texture":"#texture"},"west":{"uv":[14,4,16,14],"texture":"#texture"}}},{"from":[6,11,14],"to":[9,12,16],"faces":{"north":{"uv":[7,4,10,5],"texture":"#texture"},"east":{"uv":[0,4,2,5],"texture":"#texture"},"south":{"uv":[6,4,9,5],"texture":"#texture"},"west":{"uv":[14,4,16,5],"texture":"#texture"},"up":{"uv":[6,14,9,16],"texture":"#texture"},"down":{"uv":[6,0,9,2],"texture":"#texture"}}},{"from":[7,2,14],"to":[9,11,16],"faces":{"north":{"uv":[7,5,9,14],"texture":"#texture"},"east":{"uv":[0,5,2,14],"texture":"#texture"},"south":{"uv":[7,5,9,14],"texture":"#texture"},"west":{"uv":[14,5,16,14],"texture":"#texture"}}},{"from":[1,1,14],"to":[9,2,16],"faces":{"north":{"uv":[7,14,15,15],"texture":"#texture"},"east":{"uv":[0,14,2,15],"texture":"#texture"},"south":{"uv":[1,14,9,15],"texture":"#texture"},"west":{"uv":[14,14,16,15],"texture":"#texture"},"up":{"uv":[1,14,9,16],"texture":"#texture"},"down":{"uv":[1,0,9,2],"texture":"#texture"}}},{"from":[1,1,0],"to":[9,2,2],"faces":{"north":{"uv":[7,14,15,15],"texture":"#texture"},"east":{"uv":[14,14,16,15],"texture":"#texture"},"south":{"uv":[1,14,9,15],"texture":"#texture"},"west":{"uv":[0,14,2,15],"texture":"#texture"},"up":{"uv":[1,0,9,2],"texture":"#texture"},"down":{"uv":[1,14,9,16],"texture":"#texture"}}},{"from":[6,11,0],"to":[9,12,2],"faces":{"north":{"uv":[7,4,10,5],"texture":"#texture"},"east":{"uv":[14,4,16,5],"texture":"#texture"},"south":{"uv":[6,4,9,5],"texture":"#texture"},"west":{"uv":[0,4,2,5],"texture":"#texture"},"up":{"uv":[6,0,9,2],"texture":"#texture"},"down":{"uv":[6,14,9,16],"texture":"#texture"}}},{"from":[2.5,12,0],"to":[7,13,2],"faces":{"north":{"uv":[9,3,13.5,4],"texture":"#texture"},"east":{"uv":[14,3,16,4],"texture":"#texture"},"south":{"uv":[2.5,3,7,4],"texture":"#texture"},"west":{"uv":[0,3,2,4],"texture":"#texture"},"up":{"uv":[2.5,0,7,2],"texture":"#texture"},"down":{"uv":[2.5,14,7,16],"texture":"#texture"}}},{"from":[1,13,0],"to":[5,14,2],"faces":{"north":{"uv":[11,2,15,3],"texture":"#texture"},"east":{"uv":[14,2,16,3],"texture":"#texture"},"south":{"uv":[1,2,5,3],"texture":"#texture"},"west":{"uv":[0,2,2,3],"texture":"#texture"},"up":{"uv":[1,0,5,2],"texture":"#texture"},"down":{"uv":[1,14,5,16],"texture":"#texture"}}},{"from":[7,2,0],"to":[9,11,2],"faces":{"north":{"uv":[7,5,9,14],"texture":"#texture"},"east":{"uv":[14,5,16,14],"texture":"#texture"},"south":{"uv":[7,5,9,14],"texture":"#texture"},"west":{"uv":[0,5,2,14],"texture":"#texture"}}},{"from":[2.5,2,0],"to":[4.5,12,2],"faces":{"north":{"uv":[11.5,4,13.5,14],"texture":"#texture"},"east":{"uv":[14,4,16,14],"texture":"#texture"},"south":{"uv":[2.5,4,4.5,14],"texture":"#texture"},"west":{"uv":[0,4,2,14],"texture":"#texture"}}}]}