{"parent":"display/fence","textures":{"particle":"block/acacia_planks","texture":"block/acacia_planks"},"elements":[{"from":[7,1,0],"to":[9,2,16],"faces":{"north":{"uv":[7,14,9,15],"texture":"#texture"},"east":{"uv":[0,14,16,15],"texture":"#texture"},"south":{"uv":[7,14,9,15],"texture":"#texture"},"west":{"uv":[0,14,16,15],"texture":"#texture"},"up":{"uv":[7,0,9,16],"rotation":180,"texture":"#texture"},"down":{"uv":[7,0,9,16],"rotation":180,"texture":"#texture"}}},{"from":[7,11,0],"to":[9,12,3],"faces":{"north":{"uv":[7,4,9,5],"texture":"#texture"},"east":{"uv":[13,4,16,5],"texture":"#texture"},"south":{"uv":[7,4,9,5],"texture":"#texture"},"west":{"uv":[0,4,3,5],"texture":"#texture"},"up":{"uv":[7,0,9,3],"texture":"#texture"},"down":{"uv":[7,13,9,16],"rotation":180,"texture":"#texture"}}},{"from":[7,11,13],"to":[9,12,16],"faces":{"north":{"uv":[7,4,9,5],"texture":"#texture"},"east":{"uv":[0,4,3,5],"texture":"#texture"},"south":{"uv":[7,4,9,5],"texture":"#texture"},"west":{"uv":[13,4,16,5],"texture":"#texture"},"up":{"uv":[7,13,9,16],"texture":"#texture"},"down":{"uv":[7,0,9,3],"rotation":180,"texture":"#texture"}}},{"from":[7,12,2],"to":[9,13,6.5],"faces":{"north":{"uv":[7,3,9,4],"texture":"#texture"},"east":{"uv":[9.5,3,14,4],"texture":"#texture"},"south":{"uv":[7,3,9,4],"texture":"#texture"},"west":{"uv":[2,3,6.5,4],"texture":"#texture"},"up":{"uv":[7,2,9,6.5],"texture":"#texture"},"down":{"uv":[7,9.5,9,14],"rotation":180,"texture":"#texture"}}},{"from":[7,12,9.5],"to":[9,13,14],"faces":{"north":{"uv":[7,3,9,4],"texture":"#texture"},"east":{"uv":[2,3,6.5,4],"texture":"#texture"},"south":{"uv":[7,3,9,4],"texture":"#texture"},"west":{"uv":[9.5,3,14,4],"texture":"#texture"},"up":{"uv":[7,9.5,9,14],"texture":"#texture"},"down":{"uv":[7,2,9,6.5],"rotation":180,"texture":"#texture"}}},{"from":[7,13,4],"to":[9,14,12],"faces":{"north":{"uv":[7,2,9,3],"texture":"#texture"},"east":{"uv":[4,2,12,3],"texture":"#texture"},"south":{"uv":[7,2,9,3],"texture":"#texture"},"west":{"uv":[4,2,12,3],"texture":"#texture"},"up":{"uv":[7,4,9,12],"texture":"#texture"},"down":{"uv":[7,4,9,12],"rotation":180,"texture":"#texture"}}},{"from":[7,2,0],"to":[9,11,2],"faces":{"north":{"uv":[7,5,9,14],"texture":"#texture"},"east":{"uv":[14,5,16,14],"texture":"#texture"},"south":{"uv":[7,5,9,14],"texture":"#texture"},"west":{"uv":[0,5,2,14],"texture":"#texture"}}},{"from":[7,2,14],"to":[9,11,16],"faces":{"north":{"uv":[7,5,9,14],"texture":"#texture"},"east":{"uv":[0,5,2,14],"texture":"#texture"},"south":{"uv":[7,5,9,14],"texture":"#texture"},"west":{"uv":[14,5,16,14],"texture":"#texture"}}},{"from":[7,2,4.5],"to":[9,12,6.5],"faces":{"north":{"uv":[7,4,9,14],"texture":"#texture"},"east":{"uv":[9.5,4,11.5,14],"texture":"#texture"},"south":{"uv":[7,4,9,14],"texture":"#texture"},"west":{"uv":[4.5,4,6.5,14],"texture":"#texture"}}},{"from":[7,2,9.5],"to":[9,12,11.5],"faces":{"north":{"uv":[7,4,9,14],"texture":"#texture"},"east":{"uv":[4.5,4,6.5,14],"texture":"#texture"},"south":{"uv":[7,4,9,14],"texture":"#texture"},"west":{"uv":[9.5,4,11.5,14],"texture":"#texture"}}}]}