{"textures":{"1":"block/birch_fence_paper","texture":"block/birch_planks"},"elements":[{"from":[7,10,0],"to":[9,12,6],"faces":{"north":{"uv":[7,4,9,6],"texture":"#texture"},"east":{"uv":[2,4,8,6],"texture":"#texture"},"west":{"uv":[8,4,14,6],"texture":"#texture"},"up":{"uv":[7,8,9,14],"texture":"#texture"},"down":{"uv":[7,2,9,8],"texture":"#texture"}}},{"from":[7.5,2,3],"to":[8.5,10,6],"faces":{"east":{"uv":[2,6,5,14],"texture":"#1"},"west":{"uv":[11,6,14,14],"texture":"#1"}}},{"from":[7,0,0],"to":[9,2,6],"faces":{"north":{"uv":[7,14,9,16],"texture":"#texture"},"east":{"uv":[2,14,8,16],"texture":"#texture"},"west":{"uv":[8,14,14,16],"texture":"#texture"},"up":{"uv":[7,8,9,14],"texture":"#texture"},"down":{"uv":[7,2,9,8],"texture":"#texture"}}},{"from":[7,2,2],"to":[9,10,3],"faces":{"north":{"uv":[7,6,9,14],"texture":"#texture"},"east":{"uv":[5,6,6,14],"texture":"#texture"},"south":{"uv":[7,6,9,14],"texture":"#texture"},"west":{"uv":[10,6,11,14],"texture":"#texture"}}}]}