{"parent":"minecraft:display/fence","textures":{"0":"block/crimson_planks","1":"block/crimson_fence_bits"},"elements":[{"from":[6,0,-2],"to":[10,16,2],"faces":{"north":{"uv":[6,0,10,16],"texture":"#0"},"east":{"uv":[6,0,10,16],"texture":"#0"},"south":{"uv":[6,0,10,16],"texture":"#0"},"west":{"uv":[6,0,10,16],"texture":"#0"},"up":{"uv":[6,6,10,10],"texture":"#0"},"down":{"uv":[6,6,10,10],"texture":"#0"}}},{"from":[6,0,14],"to":[10,16,18],"faces":{"north":{"uv":[6,0,10,16],"texture":"#0"},"east":{"uv":[6,0,10,16],"texture":"#0"},"south":{"uv":[6,0,10,16],"texture":"#0"},"west":{"uv":[6,0,10,16],"texture":"#0"},"up":{"uv":[6,6,10,10],"texture":"#0"},"down":{"uv":[6,6,10,10],"texture":"#0"}}},{"from":[7,0,2],"to":[9,13,6],"faces":{"east":{"uv":[6,3,2,16],"texture":"#1"},"south":{"uv":[5,3,6,16],"texture":"#1"},"west":{"uv":[2,3,6,16],"texture":"#1"},"up":{"uv":[2,3,6,4],"rotation":90,"texture":"#1"},"down":{"uv":[2,15,6,16],"rotation":270,"texture":"#1"}}},{"from":[7,0,6],"to":[9,10,10],"faces":{"east":{"uv":[10,6,6,16],"texture":"#1"},"west":{"uv":[6,6,10,16],"texture":"#1"},"up":{"uv":[6,6,10,7],"rotation":90,"texture":"#1"},"down":{"uv":[6,15,10,16],"rotation":270,"texture":"#1"}}},{"from":[7,0,10],"to":[9,12,14],"faces":{"north":{"uv":[10,4,11,16],"texture":"#1"},"east":{"uv":[14,4,10,16],"texture":"#1"},"west":{"uv":[10,4,14,16],"texture":"#1"},"up":{"uv":[10,4,14,5],"rotation":90,"texture":"#1"},"down":{"uv":[10,15,14,16],"rotation":270,"texture":"#1"}}}]}