{"parent":"minecraft:display/fence","textures":{"1":"block/warped_fence_bits"},"elements":[{"from":[10,9,0],"to":[11,12,8],"faces":{"north":{"uv":[7,4,8,7],"texture":"#1"},"east":{"uv":[0,4,8,7],"texture":"#1"},"south":{"uv":[0,4,1,7],"texture":"#1","cullface":"south"},"west":{"uv":[8,4,0,7],"texture":"#1"},"up":{"uv":[0,4,8,5],"rotation":270,"texture":"#1"},"down":{"uv":[0,6,8,7],"rotation":90,"texture":"#1"}}},{"from":[5,1,0],"to":[6,4,8],"faces":{"north":{"uv":[8,12,9,15],"texture":"#1"},"east":{"uv":[16,12,8,15],"texture":"#1"},"south":{"uv":[15,12,16,15],"texture":"#1","cullface":"south"},"west":{"uv":[8,12,16,15],"texture":"#1"},"up":{"uv":[8,12,16,13],"rotation":90,"texture":"#1"},"down":{"uv":[8,14,16,15],"rotation":270,"texture":"#1"}}},{"from":[10,1,0],"to":[11,4,8],"faces":{"north":{"uv":[7,12,8,15],"texture":"#1"},"east":{"uv":[0,12,8,15],"texture":"#1"},"south":{"uv":[0,12,1,15],"texture":"#1","cullface":"south"},"west":{"uv":[8,12,0,15],"texture":"#1"},"up":{"uv":[0,12,8,13],"rotation":270,"texture":"#1"},"down":{"uv":[0,14,8,15],"rotation":90,"texture":"#1"}}},{"from":[5,9,0],"to":[6,12,8],"faces":{"north":{"uv":[8,4,9,7],"texture":"#1"},"east":{"uv":[16,4,8,7],"texture":"#1"},"south":{"uv":[15,4,16,7],"texture":"#1","cullface":"south"},"west":{"uv":[8,4,16,7],"texture":"#1"},"up":{"uv":[8,4,16,5],"rotation":90,"texture":"#1"},"down":{"uv":[8,6,16,7],"rotation":270,"texture":"#1"}}}]}