{
	"credit": "Made by Ensis",
	"ambientocclusion": false,
	"texture_size": [32, 32],
	"textures": {
		"0": "block/wither_pot",
		"particle": "block/wither_pot"
	},
	"elements": [
		{
			"from": [4, 0, 4],
			"to": [12, 8, 12],
			"rotation": {"angle": -22.5, "axis": "y", "origin": [8, 4, 8]},
			"faces": {
				"north": {"uv": [12, 4, 16, 8], "texture": "#0"},
				"east": {"uv": [8, 4, 12, 8], "texture": "#0"},
				"south": {"uv": [4, 4, 8, 8], "texture": "#0"},
				"west": {"uv": [0, 4, 4, 8], "texture": "#0"},
				"up": {"uv": [4, 0, 8, 4], "texture": "#0"},
				"down": {"uv": [8, 8, 12, 12], "texture": "#0"}
			}
		}
	],
	"display": {
		"thirdperson_righthand": {
			"translation": [0, 4.75, 0]
		}
	}
}