{
	"credit": "Made by Ensis",
	"ambientocclusion": false,
	"texture_size": [32, 32],
	"textures": {
		"Stem": "block/azure_bluet_3d",
		"Flowers": "block/azure_bluet_flowers",
		"particle": "block/azure_bluet"
	},
	"elements": [
		{
			"from": [8, 4, 3.5],
			"to": [8, 14, 13],
			"rotation": {"angle": 0, "axis": "y", "origin": [8, 9, 8.25]},
			"faces": {
				"north": {"uv": [0, 0, 0, 6], "texture": "#missing"},
				"east": {"uv": [0, 0, 4.75, 5], "texture": "#Stem"},
				"south": {"uv": [0, 0, 0, 6], "texture": "#missing"},
				"west": {"uv": [4.75, 0, 0, 5], "texture": "#Stem"},
				"up": {"uv": [0, 0, 0, 5.5], "texture": "#missing"},
				"down": {"uv": [0, 0, 0, 5.5], "texture": "#missing"}
			}
		},
		{
			"from": [8, 5.5, 3.3],
			"to": [8, 9.5, 7.8],
			"rotation": {"angle": 45, "axis": "y", "origin": [8, 8, 8]},
			"faces": {
				"north": {"uv": [0, 0, 0, 6], "texture": "#missing"},
				"east": {"uv": [11.75, 7, 9.5, 9], "texture": "#Stem"},
				"south": {"uv": [0, 0, 0, 6], "texture": "#missing"},
				"west": {"uv": [9.5, 7, 11.75, 9], "texture": "#Stem"},
				"up": {"uv": [0, 0, 0, 5.5], "texture": "#missing"},
				"down": {"uv": [0, 0, 0, 5.5], "texture": "#missing"}
			}
		},
		{
			"from": [8, 5, 8.7],
			"to": [8, 9, 13.2],
			"rotation": {"angle": 45, "axis": "y", "origin": [8, 9, 8]},
			"faces": {
				"north": {"uv": [0, 0, 0, 6], "texture": "#missing"},
				"east": {"uv": [9.5, 0, 11.75, 2], "texture": "#Stem"},
				"south": {"uv": [0, 0, 0, 6], "texture": "#missing"},
				"west": {"uv": [11.75, 0, 9.5, 2], "texture": "#Stem"},
				"up": {"uv": [0, 0, 0, 5.5], "texture": "#missing"},
				"down": {"uv": [0, 0, 0, 5.5], "texture": "#missing"}
			}
		},
		{
			"from": [3.3, 6.5, 8],
			"to": [7.8, 10.5, 8],
			"rotation": {"angle": 45, "axis": "y", "origin": [8, 10.5, 8]},
			"faces": {
				"north": {"uv": [11.75, 0, 9.5, 2], "texture": "#Stem"},
				"east": {"uv": [0, 0, 0, 6], "texture": "#missing"},
				"south": {"uv": [9.5, 0, 11.75, 2], "texture": "#Stem"},
				"west": {"uv": [0, 0, 0, 6], "texture": "#missing"},
				"up": {"uv": [0, 0, 0, 5.5], "rotation": 270, "texture": "#missing"},
				"down": {"uv": [0, 0, 0, 5.5], "rotation": 90, "texture": "#missing"}
			}
		},
		{
			"from": [8.2, 5, 8],
			"to": [12.7, 9.5, 8],
			"rotation": {"angle": 45, "axis": "y", "origin": [8, 6, 8]},
			"faces": {
				"north": {"uv": [9.5, 2, 11.75, 4.25], "texture": "#Stem"},
				"east": {"uv": [0, 0, 0, 6], "texture": "#missing"},
				"south": {"uv": [11.75, 2, 9.5, 4.25], "texture": "#Stem"},
				"west": {"uv": [0, 0, 0, 6], "texture": "#missing"},
				"up": {"uv": [0, 0, 0, 5.5], "rotation": 90, "texture": "#missing"},
				"down": {"uv": [0, 0, 0, 5.5], "rotation": 270, "texture": "#missing"}
			}
		},
		{
			"from": [3, 4, 8],
			"to": [12.5, 14, 8],
			"rotation": {"angle": 0, "axis": "y", "origin": [7.75, 9, 8]},
			"faces": {
				"north": {"uv": [9.5, 0, 4.75, 5], "texture": "#Stem"},
				"east": {"uv": [0, 0, 0, 6], "texture": "#missing"},
				"south": {"uv": [4.75, 0, 9.5, 5], "texture": "#Stem"},
				"west": {"uv": [0, 0, 0, 6], "texture": "#missing"},
				"up": {"uv": [0, 0, 0, 5.5], "rotation": 90, "texture": "#missing"},
				"down": {"uv": [0, 0, 0, 5.5], "rotation": 270, "texture": "#missing"}
			}
		},
		{
			"from": [7.5, 4, 7.5],
			"to": [8.5, 11.5, 8.5],
			"rotation": {"angle": 0, "axis": "y", "origin": [8, 7.75, 8]},
			"faces": {
				"north": {"uv": [6, 5, 6.5, 8.75], "texture": "#Stem"},
				"east": {"uv": [4.5, 5, 5, 8.75], "texture": "#Stem"},
				"south": {"uv": [5, 5, 5.5, 8.75], "texture": "#Stem"},
				"west": {"uv": [5.5, 5, 6, 8.75], "texture": "#Stem"},
				"up": {"uv": [4.75, 5.25, 5.25, 5.75], "rotation": 270, "texture": "#Stem"},
				"down": {"uv": [5.5, 8.5, 6, 9], "rotation": 90, "texture": "#Stem"}
			}
		},
		{
			"from": [11.825, 9.1, 7.6],
			"to": [12.575, 9.85, 8.35],
			"rotation": {"angle": 22.5, "axis": "z", "origin": [12.2, 9.175, 7.975]},
			"faces": {
				"north": {"uv": [7.5, 6.25, 7, 6.75], "texture": "#Stem"},
				"east": {"uv": [3, 3, 5, 5], "rotation": 270, "texture": "#Flowers"},
				"south": {"uv": [7, 5.5, 7.5, 5], "texture": "#Stem"},
				"west": {"uv": [6.75, 5.75, 7.25, 6.25], "rotation": 90, "texture": "#Stem"},
				"up": {"uv": [6.5, 6, 7, 6.5], "rotation": 180, "texture": "#Stem"},
				"down": {"uv": [7, 5, 7.5, 5.5], "texture": "#Stem"}
			}
		},
		{
			"from": [12.2, 7.975, 6.475],
			"to": [12.2, 10.975, 9.475],
			"rotation": {"angle": 22.5, "axis": "z", "origin": [12.2, 9.175, 7.975]},
			"faces": {
				"north": {"uv": [0, 0, 1.5, 0], "rotation": 270, "texture": "#missing"},
				"east": {"uv": [0, 0, 8, 8], "rotation": 270, "texture": "#Flowers"},
				"south": {"uv": [0, 0, 1.5, 0], "rotation": 270, "texture": "#missing"},
				"west": {"uv": [0, 8, 8, 0], "rotation": 90, "texture": "#Flowers"},
				"up": {"uv": [0, 0, 0, 1.5], "rotation": 180, "texture": "#missing"},
				"down": {"uv": [0, 0, 0, 1.5], "texture": "#missing"}
			}
		},
		{
			"from": [6.5, 11.875, 5.325],
			"to": [9.5, 14.875, 5.325],
			"rotation": {"angle": 22.5, "axis": "x", "origin": [8, 13.275, 5.325]},
			"faces": {
				"north": {"uv": [0, 0, 8, 8], "texture": "#Flowers"},
				"east": {"uv": [0, 0, 0, 1.5], "texture": "#missing"},
				"south": {"uv": [0, 8, 8, 0], "texture": "#Flowers"},
				"west": {"uv": [0, 0, 0, 1.5], "texture": "#missing"},
				"up": {"uv": [0, 0, 1.5, 0], "rotation": 180, "texture": "#missing"},
				"down": {"uv": [0, 0, 1.5, 0], "rotation": 180, "texture": "#missing"}
			}
		},
		{
			"from": [7.625, 13, 4.95],
			"to": [8.375, 13.75, 5.7],
			"rotation": {"angle": 22.5, "axis": "x", "origin": [8, 13.275, 5.325]},
			"faces": {
				"north": {"uv": [3, 3, 5, 5], "texture": "#Flowers"},
				"east": {"uv": [7, 5, 7.5, 5.5], "texture": "#Stem"},
				"south": {"uv": [6.75, 5.75, 7.25, 6.25], "texture": "#Stem"},
				"west": {"uv": [6.5, 6, 7, 6.5], "texture": "#Stem"},
				"up": {"uv": [7, 5.5, 7.5, 5], "rotation": 270, "texture": "#Stem"},
				"down": {"uv": [7.5, 6.25, 7, 6.75], "rotation": 270, "texture": "#Stem"}
			}
		},
		{
			"from": [6.5, 7.775, 3.725],
			"to": [9.5, 10.775, 3.725],
			"rotation": {"angle": 0, "axis": "x", "origin": [8, 13.275, 5.325]},
			"faces": {
				"north": {"uv": [0, 0, 8, 8], "texture": "#Flowers"},
				"east": {"uv": [0, 0, 0, 1.5], "texture": "#missing"},
				"south": {"uv": [0, 8, 8, 0], "texture": "#Flowers"},
				"west": {"uv": [0, 0, 0, 1.5], "texture": "#missing"},
				"up": {"uv": [0, 0, 1.5, 0], "rotation": 180, "texture": "#missing"},
				"down": {"uv": [0, 0, 1.5, 0], "rotation": 180, "texture": "#missing"}
			}
		},
		{
			"from": [7.625, 8.9, 3.35],
			"to": [8.375, 9.65, 4.1],
			"rotation": {"angle": 0, "axis": "x", "origin": [8, 13.275, 5.325]},
			"faces": {
				"north": {"uv": [3, 3, 5, 5], "texture": "#Flowers"},
				"east": {"uv": [7, 5, 7.5, 5.5], "texture": "#Stem"},
				"south": {"uv": [6.75, 5.75, 7.25, 6.25], "texture": "#Stem"},
				"west": {"uv": [6.5, 6, 7, 6.5], "texture": "#Stem"},
				"up": {"uv": [7, 5.5, 7.5, 5], "rotation": 270, "texture": "#Stem"},
				"down": {"uv": [7.5, 6.25, 7, 6.75], "rotation": 270, "texture": "#Stem"}
			}
		},
		{
			"from": [7.375, 8.9, 12.7],
			"to": [8.125, 9.65, 13.45],
			"rotation": {"angle": -22.5, "axis": "y", "origin": [8, 8.275, 13.325]},
			"faces": {
				"north": {"uv": [6.75, 5.75, 7.25, 6.25], "texture": "#Stem"},
				"east": {"uv": [6.5, 6, 7, 6.5], "texture": "#Stem"},
				"south": {"uv": [3, 3, 5, 5], "texture": "#Flowers"},
				"west": {"uv": [7, 5, 7.5, 5.5], "texture": "#Stem"},
				"up": {"uv": [7, 5.5, 7.5, 5], "rotation": 90, "texture": "#Stem"},
				"down": {"uv": [7.5, 6.25, 7, 6.75], "rotation": 90, "texture": "#Stem"}
			}
		},
		{
			"from": [6.25, 7.775, 13.075],
			"to": [9.25, 10.775, 13.075],
			"rotation": {"angle": -22.5, "axis": "y", "origin": [8, 8.275, 13.325]},
			"faces": {
				"north": {"uv": [0, 8, 8, 0], "texture": "#Flowers"},
				"east": {"uv": [0, 0, 0, 1.5], "texture": "#missing"},
				"south": {"uv": [0, 0, 8, 8], "texture": "#Flowers"},
				"west": {"uv": [0, 0, 0, 1.5], "texture": "#missing"},
				"up": {"uv": [0, 0, 1.5, 0], "texture": "#missing"},
				"down": {"uv": [0, 0, 1.5, 0], "texture": "#missing"}
			}
		},
		{
			"from": [10.50637, 7.9, 10.67721],
			"to": [11.25637, 8.65, 11.42721],
			"rotation": {"angle": 22.5, "axis": "y", "origin": [11.13137, 8.275, 11.05221]},
			"faces": {
				"north": {"uv": [6.75, 5.75, 7.25, 6.25], "texture": "#Stem"},
				"east": {"uv": [6.5, 6, 7, 6.5], "texture": "#Stem"},
				"south": {"uv": [3, 3, 5, 5], "texture": "#Flowers"},
				"west": {"uv": [7, 5, 7.5, 5.5], "texture": "#Stem"},
				"up": {"uv": [7, 5.5, 7.5, 5], "rotation": 90, "texture": "#Stem"},
				"down": {"uv": [7.5, 6.25, 7, 6.75], "rotation": 90, "texture": "#Stem"}
			}
		},
		{
			"from": [9.38137, 6.775, 11.05221],
			"to": [12.38137, 9.775, 11.05221],
			"rotation": {"angle": 22.5, "axis": "y", "origin": [11.13137, 8.275, 11.05221]},
			"faces": {
				"north": {"uv": [0, 8, 8, 0], "texture": "#Flowers"},
				"east": {"uv": [0, 0, 0, 1.5], "texture": "#missing"},
				"south": {"uv": [0, 0, 8, 8], "texture": "#Flowers"},
				"west": {"uv": [0, 0, 0, 1.5], "texture": "#missing"},
				"up": {"uv": [0, 0, 1.5, 0], "texture": "#missing"},
				"down": {"uv": [0, 0, 1.5, 0], "texture": "#missing"}
			}
		},
		{
			"from": [4.79176, 8.275, 9.40824],
			"to": [4.79176, 11.275, 12.40824],
			"rotation": {"angle": 22.5, "axis": "y", "origin": [4.94176, 9.775, 11.05824]},
			"faces": {
				"north": {"uv": [0, 0, 0, 1.5], "texture": "#missing"},
				"east": {"uv": [0, 8, 8, 0], "texture": "#Flowers"},
				"south": {"uv": [0, 0, 0, 1.5], "texture": "#missing"},
				"west": {"uv": [0, 0, 8, 8], "texture": "#Flowers"},
				"up": {"uv": [0, 0, 1.5, 0], "rotation": 90, "texture": "#missing"},
				"down": {"uv": [0, 0, 1.5, 0], "rotation": 270, "texture": "#missing"}
			}
		},
		{
			"from": [4.41676, 9.4, 10.53324],
			"to": [5.16676, 10.15, 11.28324],
			"rotation": {"angle": 22.5, "axis": "y", "origin": [4.94176, 9.775, 11.05824]},
			"faces": {
				"north": {"uv": [7, 5, 7.5, 5.5], "texture": "#Stem"},
				"east": {"uv": [6.75, 5.75, 7.25, 6.25], "texture": "#Stem"},
				"south": {"uv": [6.5, 6, 7, 6.5], "texture": "#Stem"},
				"west": {"uv": [3, 3, 5, 5], "texture": "#Flowers"},
				"up": {"uv": [7, 5.5, 7.5, 5], "rotation": 180, "texture": "#Stem"},
				"down": {"uv": [7.5, 6.25, 7, 6.75], "texture": "#Stem"}
			}
		},
		{
			"from": [3.325, 8.275, 6.5],
			"to": [3.325, 11.275, 9.5],
			"rotation": {"angle": -22.5, "axis": "y", "origin": [3.325, 9.775, 8]},
			"faces": {
				"north": {"uv": [0, 0, 0, 1.5], "texture": "#missing"},
				"east": {"uv": [0, 8, 8, 0], "texture": "#Flowers"},
				"south": {"uv": [0, 0, 0, 1.5], "texture": "#missing"},
				"west": {"uv": [0, 0, 8, 8], "texture": "#Flowers"},
				"up": {"uv": [0, 0, 1.5, 0], "rotation": 90, "texture": "#missing"},
				"down": {"uv": [0, 0, 1.5, 0], "rotation": 270, "texture": "#missing"}
			}
		},
		{
			"from": [2.95, 9.4, 7.625],
			"to": [3.7, 10.15, 8.375],
			"rotation": {"angle": -22.5, "axis": "y", "origin": [3.325, 9.775, 8]},
			"faces": {
				"north": {"uv": [7, 5, 7.5, 5.5], "texture": "#Stem"},
				"east": {"uv": [6.75, 5.75, 7.25, 6.25], "texture": "#Stem"},
				"south": {"uv": [6.5, 6, 7, 6.5], "texture": "#Stem"},
				"west": {"uv": [3, 3, 5, 5], "texture": "#Flowers"},
				"up": {"uv": [7, 5.5, 7.5, 5], "rotation": 180, "texture": "#Stem"},
				"down": {"uv": [7.5, 6.25, 7, 6.75], "texture": "#Stem"}
			}
		},
		{
			"from": [3.41599, 7.775, 4.94099],
			"to": [6.41599, 10.775, 4.94099],
			"rotation": {"angle": 22.5, "axis": "y", "origin": [4.91599, 9.275, 4.59099]},
			"faces": {
				"north": {"uv": [0, 0, 8, 8], "texture": "#Flowers"},
				"east": {"uv": [0, 0, 0, 1.5], "texture": "#missing"},
				"south": {"uv": [0, 8, 8, 0], "texture": "#Flowers"},
				"west": {"uv": [0, 0, 0, 1.5], "texture": "#missing"},
				"up": {"uv": [0, 0, 1.5, 0], "rotation": 180, "texture": "#missing"},
				"down": {"uv": [0, 0, 1.5, 0], "rotation": 180, "texture": "#missing"}
			}
		},
		{
			"from": [4.54099, 8.9, 4.56599],
			"to": [5.29099, 9.65, 5.31599],
			"rotation": {"angle": 22.5, "axis": "y", "origin": [4.91599, 9.275, 4.59099]},
			"faces": {
				"north": {"uv": [3, 3, 5, 5], "texture": "#Flowers"},
				"east": {"uv": [7, 5, 7.5, 5.5], "texture": "#Stem"},
				"south": {"uv": [6.75, 5.75, 7.25, 6.25], "texture": "#Stem"},
				"west": {"uv": [6.5, 6, 7, 6.5], "texture": "#Stem"},
				"up": {"uv": [7, 5.5, 7.5, 5], "rotation": 270, "texture": "#Stem"},
				"down": {"uv": [7.5, 6.25, 7, 6.75], "rotation": 270, "texture": "#Stem"}
			}
		},
		{
			"from": [5.45, 6.4, 7.625],
			"to": [6.2, 7.15, 8.375],
			"rotation": {"angle": -22.5, "axis": "z", "origin": [5.825, 6.775, 8]},
			"faces": {
				"north": {"uv": [7, 5, 7.5, 5.5], "texture": "#Stem"},
				"east": {"uv": [6.75, 5.75, 7.25, 6.25], "texture": "#Stem"},
				"south": {"uv": [6.5, 6, 7, 6.5], "texture": "#Stem"},
				"west": {"uv": [3, 3, 5, 5], "texture": "#Flowers"},
				"up": {"uv": [7, 5.5, 7.5, 5], "rotation": 180, "texture": "#Stem"},
				"down": {"uv": [7.5, 6.25, 7, 6.75], "texture": "#Stem"}
			}
		},
		{
			"from": [5.825, 5.525, 6.75],
			"to": [5.825, 8.025, 9.25],
			"rotation": {"angle": -22.5, "axis": "z", "origin": [5.825, 6.775, 8]},
			"faces": {
				"north": {"uv": [0, 0, 0, 1.5], "texture": "#missing"},
				"east": {"uv": [0, 8, 8, 0], "texture": "#Flowers"},
				"south": {"uv": [0, 0, 0, 1.5], "texture": "#missing"},
				"west": {"uv": [8, 0, 15, 7], "texture": "#Flowers"},
				"up": {"uv": [0, 0, 1.5, 0], "rotation": 90, "texture": "#missing"},
				"down": {"uv": [0, 0, 1.5, 0], "rotation": 270, "texture": "#missing"}
			}
		},
		{
			"from": [8.46409, 7.925, 6.13223],
			"to": [10.96409, 10.425, 6.13223],
			"rotation": {"angle": -45, "axis": "y", "origin": [9.71409, 9.175, 6.23223]},
			"faces": {
				"north": {"uv": [8, 0, 15, 7], "texture": "#Flowers"},
				"east": {"uv": [0, 0, 0, 1.5], "texture": "#missing"},
				"south": {"uv": [0, 8, 8, 0], "texture": "#Flowers"},
				"west": {"uv": [0, 0, 0, 1.5], "texture": "#missing"},
				"up": {"uv": [0, 0, 1.5, 0], "rotation": 180, "texture": "#missing"},
				"down": {"uv": [0, 0, 1.5, 0], "rotation": 180, "texture": "#missing"}
			}
		},
		{
			"from": [9.33909, 8.8, 5.75723],
			"to": [10.08909, 9.55, 6.50723],
			"rotation": {"angle": -45, "axis": "y", "origin": [9.71409, 9.175, 6.23223]},
			"faces": {
				"north": {"uv": [3, 3, 5, 5], "texture": "#Flowers"},
				"east": {"uv": [7, 5, 7.5, 5.5], "texture": "#Stem"},
				"south": {"uv": [6.75, 5.75, 7.25, 6.25], "texture": "#Stem"},
				"west": {"uv": [6.5, 6, 7, 6.5], "texture": "#Stem"},
				"up": {"uv": [7, 5.5, 7.5, 5], "rotation": 270, "texture": "#Stem"},
				"down": {"uv": [7.5, 6.25, 7, 6.75], "rotation": 270, "texture": "#Stem"}
			}
		},
		{
			"from": [10.66409, 10.025, 6.75723],
			"to": [10.66409, 12.525, 9.25723],
			"rotation": {"angle": 22.5, "axis": "y", "origin": [10.66409, 11.275, 8.00723]},
			"faces": {
				"north": {"uv": [0, 0, 0, 1.5], "texture": "#missing"},
				"east": {"uv": [8, 0, 15, 7], "texture": "#Flowers"},
				"south": {"uv": [0, 0, 0, 1.5], "texture": "#missing"},
				"west": {"uv": [0, 8, 8, 0], "texture": "#Flowers"},
				"up": {"uv": [0, 0, 1.5, 0], "rotation": 270, "texture": "#missing"},
				"down": {"uv": [0, 0, 1.5, 0], "rotation": 90, "texture": "#missing"}
			}
		},
		{
			"from": [10.28909, 10.9, 7.63223],
			"to": [11.03909, 11.65, 8.38223],
			"rotation": {"angle": 22.5, "axis": "y", "origin": [10.66409, 11.275, 8.00723]},
			"faces": {
				"north": {"uv": [6.5, 6, 7, 6.5], "texture": "#Stem"},
				"east": {"uv": [3, 3, 5, 5], "texture": "#Flowers"},
				"south": {"uv": [7, 5, 7.5, 5.5], "texture": "#Stem"},
				"west": {"uv": [6.75, 5.75, 7.25, 6.25], "texture": "#Stem"},
				"up": {"uv": [7, 5.5, 7.5, 5], "texture": "#Stem"},
				"down": {"uv": [7.5, 6.25, 7, 6.75], "rotation": 180, "texture": "#Stem"}
			}
		},
		{
			"from": [5.2, 13.3, 7.625],
			"to": [5.95, 14.05, 8.375],
			"rotation": {"angle": -45, "axis": "z", "origin": [5.825, 13.775, 8]},
			"faces": {
				"north": {"uv": [7, 5, 7.5, 5.5], "texture": "#Stem"},
				"east": {"uv": [6.75, 5.75, 7.25, 6.25], "texture": "#Stem"},
				"south": {"uv": [6.5, 6, 7, 6.5], "texture": "#Stem"},
				"west": {"uv": [3, 3, 5, 5], "texture": "#Flowers"},
				"up": {"uv": [7, 5.5, 7.5, 5], "rotation": 180, "texture": "#Stem"},
				"down": {"uv": [7.5, 6.25, 7, 6.75], "texture": "#Stem"}
			}
		},
		{
			"from": [5.575, 12.425, 6.75],
			"to": [5.575, 14.925, 9.25],
			"rotation": {"angle": -45, "axis": "z", "origin": [5.825, 13.775, 8]},
			"faces": {
				"north": {"uv": [0, 0, 0, 1.5], "texture": "#missing"},
				"east": {"uv": [0, 8, 8, 0], "texture": "#Flowers"},
				"south": {"uv": [0, 0, 0, 1.5], "texture": "#missing"},
				"west": {"uv": [8, 0, 15, 7], "texture": "#Flowers"},
				"up": {"uv": [0, 0, 1.5, 0], "rotation": 90, "texture": "#missing"},
				"down": {"uv": [0, 0, 1.5, 0], "rotation": 270, "texture": "#missing"}
			}
		},
		{
			"from": [7.625, 13.25, 10.5],
			"to": [8.375, 14, 11.25],
			"rotation": {"angle": -45, "axis": "x", "origin": [8, 13.775, 10.625]},
			"faces": {
				"north": {"uv": [6.75, 5.75, 7.25, 6.25], "texture": "#Stem"},
				"east": {"uv": [6.5, 6, 7, 6.5], "texture": "#Stem"},
				"south": {"uv": [3, 3, 5, 5], "texture": "#Flowers"},
				"west": {"uv": [7, 5, 7.5, 5.5], "texture": "#Stem"},
				"up": {"uv": [7, 5.5, 7.5, 5], "rotation": 90, "texture": "#Stem"},
				"down": {"uv": [7.5, 6.25, 7, 6.75], "rotation": 90, "texture": "#Stem"}
			}
		},
		{
			"from": [6.5, 12.125, 10.875],
			"to": [9.5, 15.125, 10.875],
			"rotation": {"angle": -45, "axis": "x", "origin": [8, 13.775, 10.625]},
			"faces": {
				"north": {"uv": [0, 8, 8, 0], "texture": "#Flowers"},
				"east": {"uv": [0, 0, 0, 1.5], "texture": "#missing"},
				"south": {"uv": [0, 0, 8, 8], "texture": "#Flowers"},
				"west": {"uv": [0, 0, 0, 1.5], "texture": "#missing"},
				"up": {"uv": [0, 0, 1.5, 0], "texture": "#missing"},
				"down": {"uv": [0, 0, 1.5, 0], "texture": "#missing"}
			}
		}
	],
	"display": {
		"gui": {
			"rotation": [35, -45, 0]
		}
	},
	"groups": [
		{
			"name": "Stem",
			"origin": [8, 5.82308, 8],
			"color": 0,
			"children": [0, 1, 2, 3, 4, 5, 6]
		},
		{
			"name": "Flowers",
			"origin": [17.5, 8.625, 4.25],
			"color": 0,
			"children": [7, 8, 9, 10, 11, 12, 13, 14, 15, 16, 17, 18, 19, 20, 21, 22, 23, 24, 25, 26, 27, 28, 29, 30, 31, 32]
		},
		{
			"name": "leaves",
			"origin": [8, 8, 8],
			"color": 0,
			"children": []
		}
	]
}
Made by Ensis
