{
	"credit": "Made by Ensis",
	"ambientocclusion": false,
	"textures": {
		"particle": "block/oxeye_daisy_3d",
		"Oxeye_daisy": "block/oxeye_daisy_3d"
	},
	"elements": [
		{
			"name": "Flower",
			"from": [4, 14, 4],
			"to": [12, 14, 12],
			"rotation": {"angle": 0, "axis": "x", "origin": [8, 14, 8]},
			"faces": {
				"north": {"uv": [0, 0, 7, 0], "texture": "#missing"},
				"east": {"uv": [0, 0, 7, 0], "texture": "#missing"},
				"south": {"uv": [0, 0, 7, 0], "texture": "#missing"},
				"west": {"uv": [0, 0, 7, 0], "texture": "#missing"},
				"up": {"uv": [4.5, 0, 12.5, 8], "texture": "#Oxeye_daisy"},
				"down": {"uv": [4.5, 8, 12.5, 16], "texture": "#Oxeye_daisy"}
			}
		},
		{
			"name": "Down",
			"from": [7, 13.5, 6.5],
			"to": [9, 14, 9.5],
			"rotation": {"angle": 0, "axis": "x", "origin": [8, 14, 8]},
			"faces": {
				"north": {"uv": [7.5, 13.5, 9.5, 14], "texture": "#Oxeye_daisy"},
				"east": {"uv": [10, 10.5, 10.5, 13.5], "rotation": 270, "texture": "#Oxeye_daisy"},
				"south": {"uv": [7.5, 10.5, 9.5, 10], "texture": "#Oxeye_daisy"},
				"west": {"uv": [6.5, 10.5, 7, 13.5], "rotation": 90, "texture": "#Oxeye_daisy"},
				"down": {"uv": [7.5, 10.5, 9.5, 13.5], "texture": "#Oxeye_daisy"}
			}
		},
		{
			"name": "Down",
			"from": [9, 13.5, 7],
			"to": [9.5, 14, 9],
			"rotation": {"angle": 0, "axis": "x", "origin": [8, 14, 8]},
			"faces": {
				"north": {"uv": [9.5, 11, 10, 11.5], "texture": "#Oxeye_daisy"},
				"east": {"uv": [9.5, 11, 10, 13], "rotation": 90, "texture": "#Oxeye_daisy"},
				"south": {"uv": [9.5, 12.5, 10, 13], "texture": "#Oxeye_daisy"},
				"down": {"uv": [9.5, 11, 10, 13], "texture": "#Oxeye_daisy"}
			}
		},
		{
			"name": "Down",
			"from": [6.5, 13.5, 7],
			"to": [7, 14, 9],
			"rotation": {"angle": 0, "axis": "x", "origin": [8, 14, 8]},
			"faces": {
				"north": {"uv": [7, 11, 7.5, 11.5], "texture": "#Oxeye_daisy"},
				"south": {"uv": [7, 12.5, 7.5, 13], "texture": "#Oxeye_daisy"},
				"west": {"uv": [7, 11, 7.5, 13], "rotation": 90, "texture": "#Oxeye_daisy"},
				"down": {"uv": [7, 11, 7.5, 13], "texture": "#Oxeye_daisy"}
			}
		},
		{
			"name": "Up",
			"from": [7, 14, 6.5],
			"to": [9, 14.5, 9.5],
			"rotation": {"angle": 0, "axis": "x", "origin": [8, 14, 8]},
			"faces": {
				"north": {"uv": [7.5, 5, 9.5, 5.5], "texture": "#Oxeye_daisy"},
				"east": {"uv": [9, 2.5, 9.5, 5.5], "rotation": 270, "texture": "#Oxeye_daisy"},
				"south": {"uv": [7.5, 2.5, 9.5, 3], "texture": "#Oxeye_daisy"},
				"west": {"uv": [7.5, 2.5, 8, 5.5], "rotation": 90, "texture": "#Oxeye_daisy"},
				"up": {"uv": [7.5, 2.5, 9.5, 5.5], "texture": "#Oxeye_daisy"}
			}
		},
		{
			"name": "Up",
			"from": [6.5, 14, 7],
			"to": [7, 14.5, 9],
			"rotation": {"angle": 0, "axis": "x", "origin": [8, 14, 8]},
			"faces": {
				"north": {"uv": [7, 3, 7.5, 3.5], "texture": "#Oxeye_daisy"},
				"south": {"uv": [7, 4.5, 7.5, 5], "texture": "#Oxeye_daisy"},
				"west": {"uv": [7, 3, 7.5, 5], "rotation": 90, "texture": "#Oxeye_daisy"},
				"up": {"uv": [7, 3, 7.5, 5], "texture": "#Oxeye_daisy"}
			}
		},
		{
			"name": "Up",
			"from": [9, 14, 7],
			"to": [9.5, 14.5, 9],
			"rotation": {"angle": 0, "axis": "x", "origin": [8, 14, 8]},
			"faces": {
				"north": {"uv": [9.5, 3, 10, 3.5], "texture": "#Oxeye_daisy"},
				"east": {"uv": [9.5, 3, 10, 5], "rotation": 90, "texture": "#Oxeye_daisy"},
				"south": {"uv": [9.5, 4.5, 10, 5], "texture": "#Oxeye_daisy"},
				"up": {"uv": [9.5, 3, 10, 5], "texture": "#Oxeye_daisy"}
			}
		},
		{
			"name": "Stem",
			"from": [7.5, 4, 7.5],
			"to": [8.5, 14, 8.5],
			"rotation": {"angle": 45, "axis": "y", "origin": [8, 8.5, 8]},
			"faces": {
				"north": {"uv": [0, 6, 1, 16], "texture": "#Oxeye_daisy"},
				"east": {"uv": [3, 6, 4, 16], "texture": "#Oxeye_daisy"},
				"south": {"uv": [2, 6, 3, 16], "texture": "#Oxeye_daisy"},
				"west": {"uv": [1, 6, 2, 16], "texture": "#Oxeye_daisy"},
				"down": {"uv": [1, 15, 2, 16], "texture": "#Oxeye_daisy"}
			}
		},
		{
			"name": "Leaf L",
			"from": [7.5, 4, 9.25],
			"to": [11, 10.5, 9.25],
			"rotation": {"angle": 45, "axis": "x", "origin": [9, 6.9, 9.6]},
			"faces": {
				"north": {"uv": [12.5, 9.5, 16, 16], "texture": "#Oxeye_daisy"},
				"east": {"uv": [0, 0, 0, 5], "texture": "#missing"},
				"south": {"uv": [16, 9.5, 12.5, 16], "texture": "#Oxeye_daisy"},
				"west": {"uv": [0, 0, 0, 5], "texture": "#missing"},
				"up": {"uv": [0, 0, 3, 0], "texture": "#missing"},
				"down": {"uv": [0, 0, 3, 0], "texture": "#missing"}
			}
		},
		{
			"name": "Leaf S",
			"from": [9.5, 8.25, 6],
			"to": [9.5, 11.75, 8],
			"rotation": {"angle": -45, "axis": "z", "origin": [9.6, 10.65, 6.8]},
			"faces": {
				"north": {"uv": [0, 0, 0, 5], "texture": "#missing"},
				"east": {"uv": [16, 1, 14, 4.5], "texture": "#Oxeye_daisy"},
				"south": {"uv": [0, 0, 0, 5], "texture": "#missing"},
				"west": {"uv": [14, 1, 16, 4.5], "texture": "#Oxeye_daisy"},
				"up": {"uv": [0, 0, 3, 0], "rotation": 270, "texture": "#missing"},
				"down": {"uv": [0, 0, 3, 0], "rotation": 90, "texture": "#missing"}
			}
		},
		{
			"name": "Leaf M",
			"from": [5, 5, 6.75],
			"to": [8, 10, 6.75],
			"rotation": {"angle": -22.5, "axis": "x", "origin": [6.4, 7.3, 7.35]},
			"faces": {
				"north": {"uv": [16, 4.5, 13, 9.5], "texture": "#Oxeye_daisy"},
				"east": {"uv": [0, 0, 0, 5], "texture": "#missing"},
				"south": {"uv": [13, 4.5, 16, 9.5], "texture": "#Oxeye_daisy"},
				"west": {"uv": [0, 0, 0, 5], "texture": "#missing"},
				"up": {"uv": [0, 0, 3, 0], "texture": "#missing"},
				"down": {"uv": [0, 0, 3, 0], "texture": "#missing"}
			}
		}
	],
	"display": {
		"gui": {
			"rotation": [35, -45, 0]
		}
	},
	"groups": [
		{
			"name": "Flower",
			"origin": [8, 9, 8],
			"color": 0,
			"children": [0, 1, 2, 3, 4, 5, 6]
		},
		{
			"name": "Stem",
			"origin": [8, 8, 8],
			"color": 0,
			"children": [7, 8, 9, 10]
		}
	]
}
Made by Ensis
