{
	"credit": "Made with Blockbench",
	"textures": {
		"0": "block/red_mushroom_block",
		"1": "block/mushroom_stem",
		"particle": "block/red_mushroom_block"
	},
	"elements": [
		{
			"from": [2.91161, 0.95, 3.08839],
			"to": [12.91161, 4.95, 13.08839],
			"rotation": {"angle": 0, "axis": "z", "origin": [7.91161, 4.825, 8.08839]},
			"faces": {
				"north": {"uv": [2.06, 2.06, 11.94, 5.94], "texture": "#0"},
				"east": {"uv": [2.06, 10.06, 11.94, 13.94], "texture": "#0"},
				"south": {"uv": [0.06, 9.06, 9.94, 12.94], "texture": "#0"},
				"west": {"uv": [5.06, 6.06, 14.94, 9.94], "texture": "#0"},
				"up": {"uv": [1.06, 1.06, 10.94, 10.94], "rotation": 270, "texture": "#0"},
				"down": {"uv": [0.06, 3.06, 9.94, 12.94], "rotation": 90, "texture": "#0"}
			}
		},
		{
			"from": [4.91161, 4.95, 4.08839],
			"to": [10.91161, 5.95, 12.08839],
			"rotation": {"angle": 0, "axis": "z", "origin": [7.91161, 4.825, 8.08839]},
			"faces": {
				"north": {"uv": [0.06, 10.06, 5.94, 10.94], "texture": "#0"},
				"east": {"uv": [2.06, 12.06, 9.94, 12.94], "texture": "#0"},
				"south": {"uv": [0.06, 10.06, 5.94, 10.94], "texture": "#0"},
				"west": {"uv": [0.06, 0.06, 7.94, 0.94], "texture": "#0"},
				"up": {"uv": [6.06, 8.06, 13.94, 13.94], "rotation": 270, "texture": "#0"},
				"down": {"uv": [0.06, 0.06, 7.94, 5.94], "rotation": 90, "texture": "#0"}
			}
		},
		{
			"from": [3.91161, 4.95, 6.08839],
			"to": [4.91161, 5.95, 10.08839],
			"rotation": {"angle": 0, "axis": "z", "origin": [7.91161, 4.825, 8.08839]},
			"faces": {
				"north": {"uv": [3.06, 3.06, 3.94, 3.94], "texture": "#0"},
				"east": {"uv": [0.06, 0.06, 3.94, 0.94], "texture": "#0"},
				"south": {"uv": [0.06, 0.06, 0.94, 0.94], "texture": "#0"},
				"west": {"uv": [3.06, 3.06, 6.94, 3.94], "texture": "#0"},
				"up": {"uv": [0.06, 0.06, 3.94, 0.94], "rotation": 270, "texture": "#0"},
				"down": {"uv": [0.06, 0.06, 3.94, 0.94], "rotation": 90, "texture": "#0"}
			}
		},
		{
			"from": [10.91161, 4.95, 6.08839],
			"to": [11.91161, 5.95, 10.08839],
			"rotation": {"angle": 0, "axis": "z", "origin": [7.91161, 4.825, 8.08839]},
			"faces": {
				"north": {"uv": [2.06, 3.06, 2.94, 3.94], "texture": "#0"},
				"east": {"uv": [7.06, 11.06, 10.94, 11.94], "texture": "#0"},
				"south": {"uv": [0.06, 0.06, 0.94, 0.94], "texture": "#0"},
				"west": {"uv": [0.06, 0.06, 3.94, 0.94], "texture": "#0"},
				"up": {"uv": [0.06, 0.06, 3.94, 0.94], "rotation": 270, "texture": "#0"},
				"down": {"uv": [0.06, 0.06, 3.94, 0.94], "rotation": 90, "texture": "#0"}
			}
		},
		{
			"from": [8.61788, 2.23068, 7.58839],
			"to": [9.61788, 7.23068, 8.58839],
			"rotation": {"angle": 45, "axis": "z", "origin": [8, 4.2378, 8.08839]},
			"faces": {
				"north": {"uv": [8.032, 14.032, 8.968, 14.968], "texture": "#0"},
				"east": {"uv": [8.032, 14.032, 8.968, 14.968], "texture": "#0"},
				"south": {"uv": [8.032, 14.032, 8.968, 14.968], "texture": "#0"},
				"west": {"uv": [8.032, 14.032, 8.968, 14.968], "texture": "#0"},
				"up": {"uv": [6.032, 14.032, 6.968, 14.968], "texture": "#0"},
				"down": {"uv": [8.032, 14.032, 8.968, 14.968], "texture": "#0"}
			}
		},
		{
			"from": [3.41161, 0, 3.58839],
			"to": [12.41161, 1, 12.58839],
			"rotation": {"angle": 0, "axis": "y", "origin": [8, 3.9878, 8.08839]},
			"faces": {
				"north": {"uv": [0.06, 0.06, 8.968, 0.968], "texture": "#1"},
				"east": {"uv": [0.06, 0.06, 8.968, 0.968], "texture": "#1"},
				"south": {"uv": [0.06, 0.06, 8.968, 0.968], "texture": "#1"},
				"west": {"uv": [0.06, 0.06, 8.968, 0.968], "texture": "#1"},
				"up": {"uv": [0.06, 0.06, 8.968, 0.968], "texture": "#1"},
				"down": {"uv": [1.06, 0.06, 9.968, 8.968], "texture": "#1"}
			}
		}
	],
	"display": {
		"thirdperson_righthand": {
			"rotation": [65, 0, 0],
			"translation": [-6, 5.5, 5.5]
		},
		"firstperson_righthand": {
			"translation": [4.5, 0, -2.5]
		},
		"ground": {
			"translation": [0, 4, 0]
		},
		"gui": {
			"rotation": [5.93, 30.15, 1.11],
			"translation": [0, 5, 0]
		},
		"head": {
			"rotation": [0, 0, 4.75],
			"translation": [-1.05, 13.75, 0],
			"scale": [1.7, 1.7, 1.7]
		},
		"fixed": {
			"rotation": [-90, 0, 8.75],
			"translation": [-1.75, 0, -15],
			"scale": [2, 2, 2]
		}
	},
	"groups": [
		{
			"name": "beret2",
			"origin": [8, 8, 8],
			"color": 0,
			"children": [0, 1, 2, 3, 4, 5]
		}
	]
}