{
	"credit": "Made with Blockbench",
	"textures": {
		"1": "block/mushroom_stem",
		"2": "block/brown_mushroom_block"
	},
	"elements": [
		{
			"from": [2.91161, 2.03489, 3.21844],
			"to": [12.91161, 6.03489, 13.91844],
			"rotation": {"angle": 0, "axis": "x", "origin": [7.91161, 4.73489, 8.66844]},
			"faces": {
				"north": {"uv": [4.032, 2.032, 13.88, 5.88], "texture": "#2"},
				"east": {"uv": [4.032, 1.032, 14.5, 5], "texture": "#2"},
				"south": {"uv": [4.06, 4.06, 13.94, 7.94], "texture": "#2"},
				"west": {"uv": [4.5, 11.032, 14.968, 15], "texture": "#2"},
				"up": {"uv": [0.032, 0.032, 10.5, 9.968], "rotation": 270, "texture": "#2"},
				"down": {"uv": [0.06, 0.06, 9.94, 9.94], "rotation": 90, "texture": "#2"}
			}
		},
		{
			"from": [4.91161, 6.03489, 4.66844],
			"to": [10.91161, 7.03489, 12.66844],
			"rotation": {"angle": 0, "axis": "x", "origin": [7.91161, 4.73489, 8.66844]},
			"faces": {
				"north": {"uv": [0.06, 0.06, 5.94, 0.94], "texture": "#2"},
				"east": {"uv": [0.06, 0.06, 7.94, 0.94], "texture": "#2"},
				"south": {"uv": [0.06, 0.06, 5.94, 0.94], "texture": "#2"},
				"west": {"uv": [0.06, 0.06, 7.94, 0.94], "texture": "#2"},
				"up": {"uv": [8.12, 1.06, 15.968, 6.94], "rotation": 270, "texture": "#2"},
				"down": {"uv": [0.06, 0.06, 7.94, 5.94], "rotation": 90, "texture": "#2"}
			}
		},
		{
			"from": [5.91161, 5.53489, 8.16844],
			"to": [8.91161, 6.53489, 9.16844],
			"rotation": {"angle": 45, "axis": "z", "origin": [6.41161, 7.53489, 7.16844]},
			"faces": {
				"north": {"uv": [6.032, 3.032, 8.968, 4], "texture": "#2"},
				"east": {"uv": [3.032, 3.032, 3.968, 4], "texture": "#2"},
				"south": {"uv": [6.032, 8.968, 8.968, 8.032], "texture": "#2"},
				"west": {"uv": [0.06, 0.06, 7.94, 0.94], "texture": "#2"},
				"up": {"uv": [11.032, 5.032, 11.968, 7.968], "rotation": 270, "texture": "#2"},
				"down": {"uv": [2.032, 4.032, 2.968, 6.968], "rotation": 90, "texture": "#2"}
			}
		},
		{
			"from": [3.91161, 6.03489, 5.66844],
			"to": [4.91161, 7.03489, 11.66844],
			"rotation": {"angle": 0, "axis": "x", "origin": [7.91161, 4.73489, 8.66844]},
			"faces": {
				"north": {"uv": [0.06, 0.06, 0.94, 0.94], "texture": "#2"},
				"east": {"uv": [0.06, 0.06, 3.94, 0.94], "texture": "#2"},
				"south": {"uv": [0.06, 0.06, 0.94, 0.94], "texture": "#2"},
				"west": {"uv": [0.06, 0.06, 5.968, 0.968], "texture": "#2"},
				"up": {"uv": [8.06, 6.06, 13.968, 6.968], "rotation": 270, "texture": "#2"},
				"down": {"uv": [0.06, 0.06, 3.94, 0.94], "rotation": 90, "texture": "#2"}
			}
		},
		{
			"from": [10.91161, 6.03489, 5.66844],
			"to": [11.91161, 7.03489, 11.66844],
			"rotation": {"angle": 0, "axis": "x", "origin": [7.91161, 4.73489, 8.66844]},
			"faces": {
				"north": {"uv": [0.06, 0.06, 0.94, 0.94], "texture": "#2"},
				"east": {"uv": [0.06, 0.06, 5.968, 0.968], "texture": "#2"},
				"south": {"uv": [0.06, 0.06, 0.94, 0.94], "texture": "#2"},
				"west": {"uv": [0.06, 0.06, 3.94, 0.94], "texture": "#2"},
				"up": {"uv": [4.06, 14.06, 9.968, 14.968], "rotation": 270, "texture": "#2"},
				"down": {"uv": [0.06, 0.06, 3.94, 0.94], "rotation": 90, "texture": "#2"}
			}
		},
		{
			"from": [3.41161, 0.83489, 3.71844],
			"to": [12.41161, 2.33489, 13.41844],
			"rotation": {"angle": 0, "axis": "x", "origin": [7.91161, 4.73489, 8.66844]},
			"faces": {
				"north": {"uv": [3.032, 14.032, 11.968, 14.968], "texture": "#1"},
				"east": {"uv": [0.032, 0.16, 9.7, 1.66], "texture": "#1"},
				"south": {"uv": [3.032, 14.032, 11.968, 14.968], "texture": "#1"},
				"west": {"uv": [2.032, 2.032, 11.7, 3.5], "texture": "#1"},
				"up": {"uv": [8.06, 0.06, 8.94, 0.94], "texture": "#1"},
				"down": {"uv": [4.032, 3.032, 12.968, 12.7], "texture": "#1"}
			}
		}
	],
	"display": {
		"thirdperson_righthand": {
			"rotation": [65, 0, 0],
			"translation": [-6, 5.5, 5.5]
		},
		"firstperson_righthand": {
			"translation": [4.5, 0, -2.5]
		},
		"ground": {
			"translation": [0, 4, 0]
		},
		"gui": {
			"rotation": [5.93, 30.15, 1.11],
			"translation": [0, 5, 0]
		},
		"head": {
			"rotation": [27, 0.5, 2.5],
			"translation": [-0.3, 11, 4],
			"scale": [1.75, 1.75, 1.75]
		},
		"fixed": {
			"rotation": [116.75, 0, -180],
			"translation": [0, 4, -13.5],
			"scale": [2, 2, 2]
		}
	},
	"groups": [
		{
			"name": "beret2",
			"origin": [8, 8, 8],
			"color": 0,
			"children": [0, 1, 2, 3, 4, 5]
		}
	]
}