{
	"credit": "Made with Blockbench",
	"textures": {
		"0": "block/Hananacraft archive/plaid_brown",
		"1": "block/beret1_stitch",
		"2": "block/Hananacraft archive/white_wool_futontop",
		"particle": "block/Hananacraft archive/plaid_brown"
	},
	"elements": [
		{
			"from": [3.3, -0.05, 3.75],
			"to": [12.8, 2, 12.75],
			"rotation": {"angle": 0, "axis": "y", "origin": [0, -8, 0.25]},
			"faces": {
				"north": {"uv": [0.06, 0.06, 9.56, 2.11], "texture": "#2"},
				"east": {"uv": [0.06, 0.06, 8.94, 1.94], "texture": "#2"},
				"south": {"uv": [0.06, 0.06, 9.5, 1.94], "texture": "#2"},
				"west": {"uv": [0.06, 0.06, 8.94, 1.94], "texture": "#2"},
				"up": {"uv": [0.06, 0.06, 9.5, 8.94], "texture": "#2"},
				"down": {"uv": [0.06, 0.06, 9.5, 8.94], "texture": "#2"}
			}
		},
		{
			"from": [11, -0.01903, 6.74567],
			"to": [13, 4.98097, 14.74567],
			"rotation": {"angle": 22.5, "axis": "x", "origin": [8, 3.98097, 8.09567]},
			"faces": {
				"north": {"uv": [0.06, 0.06, 1.94, 4.94], "texture": "#0"},
				"east": {"uv": [7.12, 8.06, 15, 12.94], "texture": "#0"},
				"south": {"uv": [0, 8.06, 1.88, 12.94], "texture": "#0"},
				"west": {"uv": [2.06, 0.06, 9.94, 4.94], "texture": "#0"},
				"up": {"uv": [14.06, 2.06, 15.94, 9.94], "texture": "#0"},
				"down": {"uv": [3.94, 4.06, 2.06, 11.94], "texture": "#0"}
			}
		},
		{
			"from": [5, 2.98097, 6.74567],
			"to": [11, 4.98097, 12.74567],
			"rotation": {"angle": 22.5, "axis": "x", "origin": [8, 3.98097, 8.09567]},
			"faces": {
				"north": {"uv": [0.06, 0.06, 5.94, 1.94], "texture": "#0"},
				"east": {"uv": [0.06, 0.06, 5.94, 1.94], "texture": "#0"},
				"south": {"uv": [0.06, 0.06, 5.94, 1.94], "texture": "#0"},
				"west": {"uv": [0.06, 0.06, 5.94, 1.94], "texture": "#0"},
				"up": {"uv": [9.94, 2.06, 4.06, 7.94], "texture": "#0"},
				"down": {"uv": [0.06, 0.06, 5.94, 5.94], "texture": "#0"}
			}
		},
		{
			"from": [3, -0.01903, 4.74567],
			"to": [13, 4.98097, 6.74567],
			"rotation": {"angle": 22.5, "axis": "x", "origin": [8, 3.98097, 8.09567]},
			"faces": {
				"north": {"uv": [2.06, 0.06, 11.94, 4.94], "texture": "#0"},
				"east": {"uv": [8.06, 8.06, 9.94, 12.94], "texture": "#0"},
				"south": {"uv": [0.06, 0.06, 9.94, 4.94], "texture": "#0"},
				"west": {"uv": [12.06, 8.06, 13.94, 12.94], "texture": "#0"},
				"up": {"uv": [11.94, 4.06, 2.06, 5.94], "texture": "#0"},
				"down": {"uv": [5.06, 0.06, 14.94, 1.94], "texture": "#0"}
			}
		},
		{
			"from": [5, -0.01903, 12.74567],
			"to": [11, 4.98097, 14.74567],
			"rotation": {"angle": 22.5, "axis": "x", "origin": [8, 3.98097, 8.09567]},
			"faces": {
				"north": {"uv": [3.06, 0.06, 8.94, 4.94], "texture": "#0"},
				"east": {"uv": [0.06, 0.06, 1.94, 4.94], "texture": "#0"},
				"south": {"uv": [9.94, 0.06, 4.06, 4.94], "texture": "#0"},
				"west": {"uv": [0.06, 0.06, 1.94, 4.94], "texture": "#0"},
				"up": {"uv": [9.94, 0.06, 4.06, 1.94], "texture": "#0"},
				"down": {"uv": [9.94, 10.06, 4.06, 11.94], "texture": "#0"}
			}
		},
		{
			"from": [3, -0.01903, 6.74567],
			"to": [5, 4.98097, 14.74567],
			"rotation": {"angle": 22.5, "axis": "x", "origin": [8, 3.98097, 8.09567]},
			"faces": {
				"north": {"uv": [0.06, 0.06, 1.94, 4.94], "texture": "#0"},
				"east": {"uv": [2.06, 0.06, 9.94, 4.94], "texture": "#0"},
				"south": {"uv": [0.06, 0.06, 1.94, 4.94], "texture": "#0"},
				"west": {"uv": [14.94, 0.06, 7.06, 4.94], "texture": "#0"},
				"up": {"uv": [0.06, 2.06, 1.94, 9.94], "texture": "#0"},
				"down": {"uv": [7.94, 9.94, 6.06, 2.06], "texture": "#0"}
			}
		},
		{
			"from": [6.5, 4.93097, 8.24567],
			"to": [9.5, 5.93097, 11.24567],
			"rotation": {"angle": 22.5, "axis": "x", "origin": [8, 3.98097, 8.09567]},
			"faces": {
				"north": {"uv": [0.06, 0.06, 2.94, 0.94], "texture": "#0"},
				"east": {"uv": [0.06, 0.06, 2.94, 0.94], "texture": "#0"},
				"south": {"uv": [0.06, 0.06, 2.94, 0.94], "texture": "#0"},
				"west": {"uv": [0.06, 0.06, 2.94, 0.94], "texture": "#0"},
				"up": {"uv": [10.06, 4.06, 12.94, 6.94], "texture": "#0"},
				"down": {"uv": [0.06, 0.06, 2.94, 2.94], "texture": "#0"}
			}
		},
		{
			"from": [5.26746, -0.15538, 1],
			"to": [10.85746, 0.84462, 4],
			"rotation": {"angle": 0, "axis": "y", "origin": [0.36746, -8.15538, 0.5]},
			"faces": {
				"north": {"uv": [10.65, 8, 5.06, 9], "texture": "#0"},
				"east": {"uv": [0.06, 0.06, 2.94, 0.94], "texture": "#0"},
				"south": {"uv": [0.06, 0.06, 5.59, 0.94], "texture": "#0"},
				"west": {"uv": [0.06, 0.06, 2.94, 0.94], "texture": "#0"},
				"up": {"uv": [5.06, 4.06, 10.59, 6.94], "texture": "#0"},
				"down": {"uv": [5.06, 4.06, 10.59, 6.94], "texture": "#0"}
			}
		},
		{
			"from": [3.53492, -0.5, 1.001],
			"to": [5.53492, 0.5, 4.001],
			"rotation": {"angle": 22.5, "axis": "z", "origin": [4.53492, 0, 2.5]},
			"faces": {
				"north": {"uv": [6.06, 4.06, 7.94, 4.94], "texture": "#0"},
				"east": {"uv": [0.06, 0.06, 2.94, 0.94], "texture": "#0"},
				"south": {"uv": [0.06, 0.06, 1.94, 0.94], "texture": "#0"},
				"west": {"uv": [4.94, 0.06, 2.06, 0.94], "texture": "#0"},
				"up": {"uv": [7.94, 11.94, 6.06, 9.06], "texture": "#0"},
				"down": {"uv": [7.94, 11.94, 6.06, 9.06], "texture": "#0"}
			}
		},
		{
			"from": [3.53492, -0.5, 4],
			"to": [4.53492, 0.5, 9],
			"rotation": {"angle": 22.5, "axis": "z", "origin": [4.53492, 0, 2.5]},
			"faces": {
				"north": {"uv": [0.06, 0.06, 0.94, 0.94], "texture": "#0"},
				"east": {"uv": [0.06, 0.06, 4.94, 0.94], "texture": "#0"},
				"south": {"uv": [0.06, 0.06, 0.94, 0.94], "texture": "#0"},
				"west": {"uv": [3.06, 0.06, 7.94, 0.94], "texture": "#0"},
				"up": {"uv": [0.06, 0.06, 0.94, 4.94], "texture": "#0"},
				"down": {"uv": [0.06, 0.06, 0.94, 4.94], "texture": "#0"}
			}
		},
		{
			"from": [10.59, -0.5, 1.001],
			"to": [12.59, 0.5, 4.001],
			"rotation": {"angle": -22.5, "axis": "z", "origin": [11.59, 0, 2.5]},
			"faces": {
				"north": {"uv": [4.06, 3.06, 5.94, 3.94], "texture": "#0"},
				"east": {"uv": [2.06, 0.06, 4.94, 0.94], "texture": "#0"},
				"south": {"uv": [0.06, 0.06, 1.94, 0.94], "texture": "#0"},
				"west": {"uv": [0.06, 0.06, 2.94, 0.94], "texture": "#0"},
				"up": {"uv": [5.06, 11.94, 6.94, 9.06], "texture": "#0"},
				"down": {"uv": [5.06, 11.94, 6.94, 9.06], "texture": "#0"}
			}
		},
		{
			"from": [11.59, -0.5, 4],
			"to": [12.59, 0.4, 9],
			"rotation": {"angle": -22.5, "axis": "z", "origin": [11.59, 0, 2.5]},
			"faces": {
				"north": {"uv": [0.06, 0.06, 0.94, 0.9], "texture": "#0"},
				"east": {"uv": [0.06, 0.06, 4.94, 0.9], "texture": "#0"},
				"south": {"uv": [0.06, 0.06, 0.94, 0.9], "texture": "#0"},
				"west": {"uv": [3.06, 0.06, 7.94, 0.9], "texture": "#0"},
				"up": {"uv": [0.06, 0.06, 0.94, 4.94], "texture": "#0"},
				"down": {"uv": [0.06, 0.06, 0.94, 4.94], "texture": "#0"}
			}
		},
		{
			"from": [7.5, 6.36317, 5.19963],
			"to": [8.5, 6.36317, 6.19963],
			"rotation": {"angle": 22.5, "axis": "x", "origin": [8, 5.76317, 5.09963]},
			"faces": {
				"up": {"uv": [0.06, 3.06, 0.94, 3.94], "rotation": 180, "texture": "#1"}
			}
		},
		{
			"from": [7.5, 6.36317, 7.19963],
			"to": [8.5, 6.36317, 8.19963],
			"rotation": {"angle": 22.5, "axis": "x", "origin": [8, 5.76317, 5.09963]},
			"faces": {
				"up": {"uv": [0.06, 3.06, 0.94, 3.94], "rotation": 180, "texture": "#1"}
			}
		},
		{
			"from": [7.5, 6.36317, 12.19963],
			"to": [8.5, 6.36317, 13.19963],
			"rotation": {"angle": 22.5, "axis": "x", "origin": [8, 5.76317, 5.09963]},
			"faces": {
				"up": {"uv": [0.06, 3.06, 0.94, 3.94], "rotation": 180, "texture": "#1"}
			}
		},
		{
			"from": [7.5, 4.88391, 9.63393],
			"to": [8.5, 4.88391, 10.63393],
			"rotation": {"angle": 22.5, "axis": "x", "origin": [9.1, 4.38391, 11.17063]},
			"faces": {
				"north": {"uv": [0.06, 3.06, 0.94, 3.94], "rotation": 180, "texture": "#missing"},
				"east": {"uv": [0.06, 3.06, 0.94, 3.94], "rotation": 180, "texture": "#missing"},
				"south": {"uv": [0.06, 3.06, 0.94, 3.94], "rotation": 180, "texture": "#missing"},
				"west": {"uv": [0.06, 3.06, 0.94, 3.94], "rotation": 180, "texture": "#missing"},
				"up": {"uv": [0.06, 3.06, 0.94, 3.94], "rotation": 180, "texture": "#1"},
				"down": {"uv": [0.06, 3.06, 0.94, 3.94], "rotation": 180, "texture": "#missing"}
			}
		},
		{
			"from": [7.5, 6.36317, 14.19963],
			"to": [8.5, 6.36317, 15.19963],
			"rotation": {"angle": 22.5, "axis": "x", "origin": [8, 5.76317, 5.09963]},
			"faces": {
				"up": {"uv": [0.06, 3.06, 0.94, 3.94], "rotation": 180, "texture": "#1"}
			}
		},
		{
			"from": [3, 6.36317, 9.69963],
			"to": [4, 6.36317, 10.69963],
			"rotation": {"angle": 22.5, "axis": "x", "origin": [8, 5.76317, 5.09963]},
			"faces": {
				"up": {"uv": [0.06, 3.06, 0.94, 3.94], "rotation": 180, "texture": "#1"}
			}
		},
		{
			"from": [5, 6.36317, 9.69963],
			"to": [6, 6.36317, 10.69963],
			"rotation": {"angle": 22.5, "axis": "x", "origin": [8, 5.76317, 5.09963]},
			"faces": {
				"up": {"uv": [0.06, 3.06, 0.94, 3.94], "rotation": 180, "texture": "#1"}
			}
		},
		{
			"from": [10, 6.36317, 9.69963],
			"to": [11, 6.36317, 10.69963],
			"rotation": {"angle": 22.5, "axis": "x", "origin": [8, 5.76317, 5.09963]},
			"faces": {
				"up": {"uv": [0.06, 3.06, 0.94, 3.94], "rotation": 180, "texture": "#1"}
			}
		},
		{
			"from": [12, 6.36317, 9.69963],
			"to": [13, 6.36317, 10.69963],
			"rotation": {"angle": 22.5, "axis": "x", "origin": [8, 5.76317, 5.09963]},
			"faces": {
				"up": {"uv": [0.06, 3.06, 0.94, 3.94], "rotation": 180, "texture": "#1"}
			}
		}
	],
	"display": {
		"thirdperson_righthand": {
			"rotation": [65, 0, 0],
			"translation": [-6, 5.5, 6.5]
		},
		"firstperson_righthand": {
			"translation": [0, 2.5, -0.75]
		},
		"ground": {
			"translation": [0, 5, 0]
		},
		"gui": {
			"rotation": [-132.55, -30.28, -166.94],
			"translation": [1.75, 5, 0]
		},
		"head": {
			"rotation": [-4, 0, 0],
			"translation": [0, 15, -1.75],
			"scale": [1.7, 1.7, 1.7]
		},
		"fixed": {
			"rotation": [-98, 0, 0],
			"translation": [0, 0, -18.5],
			"scale": [2, 2, 2]
		}
	},
	"groups": [
		{
			"name": "beret",
			"origin": [8, 8, 8],
			"color": 0,
			"children": [
				0,
				1,
				2,
				3,
				4,
				5,
				6,
				{
					"name": "cap",
					"origin": [11.59, 8, 2.5],
					"color": 0,
					"children": [7, 8, 9, 10, 11]
				},
				{
					"name": "stitches top",
					"origin": [8, 8, 8],
					"color": 0,
					"children": [12, 13, 14, 15, 16, 17, 18, 19, 20]
				}
			]
		}
	]
}