{
  "variants": {
    "half=lower": [
	    { "model": "minecraft:block/tall_grass_bottom", "weight": 100 },
		{ "model": "minecraft:block/tall_grass_bottom_grains", "weight": 100 },
		
		{ "model": "minecraft:block/tree_small_bottom", "weight": 1 },
		{ "model": "minecraft:block/tree_small_bottom", "y": 90, "weight": 1 },
		{ "model": "minecraft:block/tree_small_bottom", "y": 180, "weight": 1 },
		{ "model": "minecraft:block/tree_small_bottom", "y": 270, "weight": 1 },
		
		{ "model": "minecraft:block/tree_dead_bottom", "weight": 1 },
		{ "model": "minecraft:block/tree_dead_bottom", "y": 90, "weight": 1 },
		{ "model": "minecraft:block/tree_dead_bottom", "y": 180, "weight": 1 },
		{ "model": "minecraft:block/tree_dead_bottom", "y": 270, "weight": 1 },
		
		{ "model": "minecraft:block/tree_dead_bottom2", "weight": 1 },
		{ "model": "minecraft:block/tree_dead_bottom2", "y": 90, "weight": 1 },
		{ "model": "minecraft:block/tree_dead_bottom2", "y": 180, "weight": 1 },
		{ "model": "minecraft:block/tree_dead_bottom2", "y": 270, "weight": 1 }
    ],
    "half=upper": [
		{ "model": "minecraft:block/tall_grass_top", "weight": 100 },
		{ "model": "minecraft:block/tall_grass_top_grains", "weight": 100 },
		
		{ "model": "minecraft:block/tree_small_top", "weight": 1 },
		{ "model": "minecraft:block/tree_small_top", "y": 90, "weight": 1 },
		{ "model": "minecraft:block/tree_small_top", "y": 180, "weight": 1 },
		{ "model": "minecraft:block/tree_small_top", "y": 270, "weight": 1 },
		
		{ "model": "minecraft:block/tree_dead_top", "weight": 1 },
		{ "model": "minecraft:block/tree_dead_top", "y": 90, "weight": 1 },
		{ "model": "minecraft:block/tree_dead_top", "y": 180, "weight": 1 },
		{ "model": "minecraft:block/tree_dead_top", "y": 270, "weight": 1 },
		
		{ "model": "minecraft:block/tree_dead_top2", "weight": 1 },
		{ "model": "minecraft:block/tree_dead_top2", "y": 90, "weight": 1 },
		{ "model": "minecraft:block/tree_dead_top2", "y": 180, "weight": 1 },
		{ "model": "minecraft:block/tree_dead_top2", "y": 270, "weight": 1 }
	]
  }
}