{"display":{"thirdperson_righthand":{"rotation":[54,0,0],"translation":[0,2.25,-1.5],"scale":[0.375,0.375,0.375]},"thirdperson_lefthand":{"rotation":[54,0,0],"translation":[0,2.25,-1.5],"scale":[0.375,0.375,0.375]},"firstperson_righthand":{"rotation":[0,35,0],"translation":[0,2,0.25],"scale":[0.4,0.4,0.4]},"firstperson_lefthand":{"rotation":[0,35,0],"translation":[0,2,0.25],"scale":[0.4,0.4,0.4]},"ground":{"translation":[0,2,0],"scale":[0.3,0.3,0.3]},"gui":{"rotation":[30,45,0],"scale":[0.55,0.55,0.55]},"head":{"rotation":[0,90,0],"translation":[0,10.5,0],"scale":[0.53,0.53,0.53]},"fixed":{"rotation":[0,90,0],"scale":[0.5,0.5,0.5]}}}