{
	"credit": "Made by XeKr with Blockbench",
	"parent": "minecraft:block/cross",
	"textures": {
		"cross": "block/torchflower_3d"
	},
	"elements": [
		{
			"from": [6.9, 4, 6.9],
			"to": [9.1, 6, 9.1],
			"shade": false,
			"rotation": {"angle": -45, "axis": "y", "origin": [8, 4, 8]},
			"faces": {
				"north": {"uv": [6, 0, 8, 2], "texture": "#cross"},
				"east": {"uv": [6, 0, 8, 2], "texture": "#cross"},
				"south": {"uv": [6, 0, 8, 2], "texture": "#cross"},
				"west": {"uv": [6, 0, 8, 2], "texture": "#cross"},
				"down": {"uv": [6, 2, 8, 4], "texture": "#cross"}
			}
		},
		{
			"from": [9.1, 6, 9.1],
			"to": [6.9, 4, 6.9],
			"shade": false,
			"rotation": {"angle": -45, "axis": "y", "origin": [8, 1, 8]},
			"faces": {
				"north": {"uv": [6, 2, 8, 0], "texture": "#cross"},
				"east": {"uv": [6, 2, 8, 0], "texture": "#cross"},
				"south": {"uv": [6, 2, 8, 0], "texture": "#cross"},
				"west": {"uv": [6, 2, 8, 0], "texture": "#cross"},
				"up": {"uv": [6, 2, 8, 4], "texture": "#cross"}
			}
		},
		{
			"from": [7, 4, 8],
			"to": [9, 8, 8],
			"shade": false,
			"rotation": {"angle": 0, "axis": "y", "origin": [8, 4, 8]},
			"faces": {
				"north": {"uv": [6, 0, 8, 4], "texture": "#cross"},
				"south": {"uv": [6, 0, 8, 4], "texture": "#cross"}
			}
		},
		{
			"from": [8, 4, 7],
			"to": [8, 8, 9],
			"shade": false,
			"rotation": {"angle": 0, "axis": "y", "origin": [8, 4, 8]},
			"faces": {
				"east": {"uv": [6, 0, 8, 4], "texture": "#cross"},
				"west": {"uv": [6, 0, 8, 4], "texture": "#cross"}
			}
		},
		{
			"from": [7.5, -1, 7.5],
			"to": [8.5, 4, 8.5],
			"shade": false,
			"rotation": {"angle": 45, "axis": "y", "origin": [8, -0.5, 8]},
			"faces": {
				"north": {"uv": [15, 10, 16, 15], "texture": "#cross"},
				"east": {"uv": [15, 10, 16, 15], "texture": "#cross"},
				"south": {"uv": [15, 10, 16, 15], "texture": "#cross"},
				"west": {"uv": [15, 10, 16, 15], "texture": "#cross"}
			}
		},
		{
			"from": [3, -1, 8],
			"to": [8, 2, 8],
			"shade": false,
			"rotation": {"angle": 22.5, "axis": "y", "origin": [8, -1, 8]},
			"faces": {
				"north": {"uv": [5, 6, 0, 9], "texture": "#cross"},
				"south": {"uv": [0, 6, 5, 9], "texture": "#cross"}
			}
		},
		{
			"from": [3, -1, 8],
			"to": [8, 2, 8],
			"shade": false,
			"rotation": {"angle": -45, "axis": "y", "origin": [8, -1, 8]},
			"faces": {
				"north": {"uv": [5, 6, 0, 9], "texture": "#cross"},
				"south": {"uv": [0, 6, 5, 9], "texture": "#cross"}
			}
		},
		{
			"from": [8, -1, 3],
			"to": [8, 2, 8],
			"shade": false,
			"rotation": {"angle": -22.5, "axis": "y", "origin": [8, -1, 8]},
			"faces": {
				"east": {"uv": [5, 6, 0, 9], "texture": "#cross"},
				"west": {"uv": [0, 6, 5, 9], "texture": "#cross"}
			}
		},
		{
			"from": [8, -1, 8],
			"to": [13, 2, 8],
			"shade": false,
			"rotation": {"angle": 0, "axis": "y", "origin": [8, -1, 8]},
			"faces": {
				"north": {"uv": [0, 6, 5, 9], "texture": "#cross"},
				"south": {"uv": [5, 6, 0, 9], "texture": "#cross"}
			}
		},
		{
			"from": [8, -1, 8],
			"to": [8, 2, 13],
			"shade": false,
			"rotation": {"angle": 0, "axis": "y", "origin": [8, -1, 8]},
			"faces": {
				"east": {"uv": [0, 6, 5, 9], "texture": "#cross"},
				"west": {"uv": [5, 6, 0, 9], "texture": "#cross"}
			}
		},
		{
			"from": [8, -1, 8],
			"to": [8, 4, 14],
			"shade": false,
			"rotation": {"angle": 22.5, "axis": "y", "origin": [8, -3, 8]},
			"faces": {
				"east": {"uv": [0, 0, 6, 5], "texture": "#cross"},
				"west": {"uv": [6, 0, 0, 5], "texture": "#cross"}
			}
		},
		{
			"from": [8, -1, 8],
			"to": [8, 4, 14],
			"shade": false,
			"rotation": {"angle": -45, "axis": "y", "origin": [8, -3, 8]},
			"faces": {
				"east": {"uv": [0, 0, 6, 5], "texture": "#cross"},
				"west": {"uv": [6, 0, 0, 5], "texture": "#cross"}
			}
		},
		{
			"from": [2, -1, 8],
			"to": [8, 4, 8],
			"shade": false,
			"rotation": {"angle": -22.5, "axis": "y", "origin": [8, -3, 8]},
			"faces": {
				"north": {"uv": [6, 0, 0, 5], "texture": "#cross"},
				"south": {"uv": [0, 0, 6, 5], "texture": "#cross"}
			}
		},
		{
			"from": [8, -1, 2],
			"to": [8, 4, 8],
			"shade": false,
			"rotation": {"angle": 0, "axis": "y", "origin": [8, -3, 8]},
			"faces": {
				"east": {"uv": [6, 0, 0, 5], "texture": "#cross"},
				"west": {"uv": [0, 0, 6, 5], "texture": "#cross"}
			}
		},
		{
			"from": [8, -1, 8],
			"to": [14, 4, 8],
			"shade": false,
			"rotation": {"angle": 22.5, "axis": "y", "origin": [8, -3, 8]},
			"faces": {
				"north": {"uv": [0, 0, 6, 5], "texture": "#cross"},
				"south": {"uv": [6, 0, 0, 5], "texture": "#cross"}
			}
		},
		{
			"from": [5, 0.4, 7],
			"to": [8, 0.4, 9],
			"shade": false,
			"rotation": {"angle": -22.5, "axis": "y", "origin": [8, 0.5, 8]},
			"faces": {
				"up": {"uv": [12, 8, 14, 11], "rotation": 270, "texture": "#cross"},
				"down": {"uv": [12, 11, 14, 8], "rotation": 90, "texture": "#cross"}
			}
		},
		{
			"from": [8, 0.2, 7],
			"to": [11, 0.2, 9],
			"shade": false,
			"rotation": {"angle": 22.5, "axis": "y", "origin": [8, 0.5, 8]},
			"faces": {
				"up": {"uv": [14, 8, 12, 11], "rotation": 90, "texture": "#cross"},
				"down": {"uv": [14, 11, 12, 8], "rotation": 270, "texture": "#cross"}
			}
		},
		{
			"from": [7, 0.2, 8],
			"to": [9, 0.2, 11],
			"shade": false,
			"rotation": {"angle": -45, "axis": "y", "origin": [8, 0.5, 8]},
			"faces": {
				"up": {"uv": [14, 8, 12, 11], "rotation": 180, "texture": "#cross"},
				"down": {"uv": [14, 11, 12, 8], "rotation": 180, "texture": "#cross"}
			}
		}
	],
	"groups": [
		{
			"name": "group",
			"origin": [8, 7, 8],
			"color": 0,
			"children": [0, 1, 2, 3, 4]
		},
		5,
		6,
		7,
		8,
		9,
		10,
		11,
		12,
		13,
		14,
		{
			"name": "group",
			"origin": [8, 1, 8],
			"color": 0,
			"children": [15, 16, 17]
		}
	]
}