{
	"credit": "Made with Blockbench",
	"textures": {
		"0": "block/Hananacraft archive/basket_laundry_bottom",
		"2": "block/Kasa_Hat/kasahat_curtain_1",
		"3": "block/Kasa_Hat/kasahat_curtain_2",
		"4": "block/Kasa_Hat/kasahat_curtain_1_end",
		"5": "block/Kasa_Hat/kasahat_mod_1",
		"6": "block/Kasa_Hat/kasahat_mod_2",
		"7": "block/Kasa_Hat/kasahat_mod_3",
		"particle": "block/Hananacraft archive/basket_laundry_bottom"
	},
	"elements": [
		{
			"from": [14, 6.75, 1],
			"to": [15, 7.75, 15],
			"rotation": {"angle": 0, "axis": "y", "origin": [7.95156, -0.11562, 7.55612]},
			"faces": {
				"north": {"uv": [1.06, 14.06, 1.94, 14.94], "texture": "#0"},
				"east": {"uv": [1.06, 14.06, 14.94, 14.94], "texture": "#0"},
				"south": {"uv": [1.06, 14.06, 1.94, 14.94], "texture": "#0"},
				"west": {"uv": [1.06, 14.06, 14.94, 14.94], "texture": "#6"},
				"up": {"uv": [14.06, 1.06, 14.94, 14.94], "texture": "#6"},
				"down": {"uv": [14.06, 1.06, 14.94, 14.94], "texture": "#0"}
			}
		},
		{
			"from": [1, 6.75, 1],
			"to": [2, 7.75, 15],
			"rotation": {"angle": 0, "axis": "y", "origin": [7.95156, -0.11562, 7.55612]},
			"faces": {
				"north": {"uv": [1.06, 14.06, 1.94, 14.94], "texture": "#6"},
				"east": {"uv": [1.06, 14.06, 14.94, 14.94], "texture": "#6"},
				"south": {"uv": [1.06, 14.06, 1.94, 14.94], "texture": "#6"},
				"west": {"uv": [1.06, 14.06, 14.94, 14.94], "texture": "#6"},
				"up": {"uv": [14.06, 1.06, 14.94, 14.94], "texture": "#6"},
				"down": {"uv": [14.06, 1.06, 14.94, 14.94], "texture": "#6"}
			}
		},
		{
			"from": [2, 6.75, 14],
			"to": [14, 7.75, 15],
			"rotation": {"angle": 0, "axis": "y", "origin": [7.95156, -0.11562, 7.55612]},
			"faces": {
				"north": {"uv": [2.06, 12.06, 13.94, 12.94], "texture": "#6"},
				"east": {"uv": [2.06, 14.06, 13.94, 14.94], "texture": "#0"},
				"south": {"uv": [2.06, 14.06, 13.94, 14.94], "texture": "#0"},
				"west": {"uv": [2.06, 14.06, 13.94, 14.94], "texture": "#0"},
				"up": {"uv": [2.06, 12.06, 13.94, 12.94], "texture": "#6"},
				"down": {"uv": [2.06, 14.06, 13.94, 14.94], "texture": "#0"}
			}
		},
		{
			"from": [2, 7.25, 2],
			"to": [14, 7.25, 14],
			"rotation": {"angle": 0, "axis": "y", "origin": [7.95156, -0.11562, 7.55612]},
			"faces": {
				"north": {"uv": [0.06, 0.06, 11.94, 0.06], "texture": "#7"},
				"east": {"uv": [0.06, 0.06, 11.94, 0.06], "texture": "#7"},
				"south": {"uv": [0.06, 0.06, 11.94, 0.06], "texture": "#7"},
				"west": {"uv": [0.06, 0.06, 11.94, 0.06], "texture": "#7"},
				"up": {"uv": [2.5, 2.5, 14.5, 14.5], "texture": "#7"},
				"down": {"uv": [2.5, 2.5, 14.5, 14.5], "texture": "#7"}
			}
		},
		{
			"from": [2, 6.75, 1],
			"to": [14, 7.75, 2],
			"rotation": {"angle": 0, "axis": "y", "origin": [7.95156, -0.11562, 7.55612]},
			"faces": {
				"north": {"uv": [2.06, 14.06, 13.94, 14.94], "texture": "#0"},
				"east": {"uv": [2.06, 14.06, 13.94, 14.94], "texture": "#0"},
				"south": {"uv": [2.06, 12.06, 13.94, 12.94], "texture": "#6"},
				"west": {"uv": [2.06, 14.06, 13.94, 14.94], "texture": "#0"},
				"up": {"uv": [2.06, 14.06, 13.94, 14.94], "texture": "#6"},
				"down": {"uv": [2.06, 14.06, 13.94, 14.94], "texture": "#0"}
			}
		},
		{
			"from": [3.75, 7.15, 3.75],
			"to": [12.25, 9.15, 12.25],
			"rotation": {"angle": 0, "axis": "y", "origin": [7.95156, -0.11562, 7.55612]},
			"faces": {
				"north": {"uv": [4.06, 13.06, 11.94, 14.94], "texture": "#5"},
				"east": {"uv": [4.06, 9.06, 11.94, 10.94], "texture": "#5"},
				"south": {"uv": [4.06, 9.06, 11.94, 10.94], "texture": "#5"},
				"west": {"uv": [4.06, 9.06, 11.94, 10.94], "texture": "#5"},
				"up": {"uv": [4.05, 4.06, 11.94, 11.94], "texture": "#5"},
				"down": {"uv": [4.06, 4.06, 11.94, 11.94], "texture": "#5"}
			}
		},
		{
			"from": [0.9, -11.25, 0.9],
			"to": [5, 7.75, 0.9],
			"rotation": {"angle": 0, "axis": "y", "origin": [7.95156, -0.11562, 7.55612]},
			"faces": {
				"north": {"uv": [9.06, 0.06, 12.94, 15.94], "texture": "#3"},
				"east": {"uv": [0.06, 0.06, 0.06, 15.94], "texture": "#3"},
				"south": {"uv": [9.06, 0.06, 12.94, 15.94], "texture": "#3"},
				"west": {"uv": [0.06, 0.06, 0.06, 15.94], "texture": "#3"},
				"up": {"uv": [0.06, 0.06, 3.94, 0.06], "texture": "#3"},
				"down": {"uv": [0.06, 0.06, 3.94, 0.06], "texture": "#3"}
			}
		},
		{
			"from": [9, -11.25, 0.9],
			"to": [15.15, 7.75, 0.9],
			"rotation": {"angle": 0, "axis": "y", "origin": [7.95156, -0.11562, 7.55612]},
			"faces": {
				"north": {"uv": [0.06, 0.06, 5.94, 15.94], "texture": "#3"},
				"east": {"uv": [0.06, 0.06, 0.06, 15.94], "texture": "#3"},
				"south": {"uv": [0.06, 0.06, 5.94, 15.94], "texture": "#3"},
				"west": {"uv": [0.06, 0.06, 0.06, 15.94], "texture": "#3"},
				"up": {"uv": [0.06, 0.06, 6.15, 0.06], "texture": "#3"},
				"down": {"uv": [0.06, 0.06, 6.15, 0.06], "texture": "#3"}
			}
		},
		{
			"from": [15.149, -13.25, 0.9],
			"to": [15.149, -12.25, 15.1],
			"rotation": {"angle": 0, "axis": "y", "origin": [7.95156, -0.11562, 7.55612]},
			"faces": {
				"north": {"uv": [0.06, 0.06, 13.94, 0.94], "texture": "#4"},
				"east": {"uv": [0.06, 0.06, 13.94, 0.94], "texture": "#4"},
				"south": {"uv": [0.06, 0.06, 13.94, 0.94], "texture": "#4"},
				"west": {"uv": [0.06, 0.06, 13.94, 0.94], "texture": "#4"},
				"up": {"uv": [0.06, 0.06, 13.94, 0.94], "texture": "#4"},
				"down": {"uv": [0.06, 0.06, 13.94, 0.94], "texture": "#4"}
			}
		},
		{
			"from": [0.9, -13.25, 0.9],
			"to": [0.9, -12.25, 15.1],
			"rotation": {"angle": 0, "axis": "y", "origin": [7.95156, -0.11562, 7.55612]},
			"faces": {
				"north": {"uv": [0.06, 0.06, 13.94, 0.94], "texture": "#4"},
				"east": {"uv": [0.06, 0.06, 13.94, 0.94], "texture": "#4"},
				"south": {"uv": [0.06, 0.06, 13.94, 0.94], "texture": "#4"},
				"west": {"uv": [0.06, 0.06, 13.94, 0.94], "texture": "#4"},
				"up": {"uv": [0.06, 0.06, 13.94, 0.94], "texture": "#4"},
				"down": {"uv": [0.06, 0.06, 13.94, 0.94], "texture": "#4"}
			}
		},
		{
			"from": [1.001, -14.25, 15.099],
			"to": [15.201, -13.25, 15.099],
			"rotation": {"angle": 0, "axis": "y", "origin": [7.95156, -0.11562, 7.55612]},
			"faces": {
				"north": {"uv": [0.06, 0.06, 13.94, 0.94], "texture": "#4"},
				"east": {"uv": [0.06, 0.06, 13.94, 0.94], "texture": "#4"},
				"south": {"uv": [0.06, 0.06, 13.94, 0.94], "texture": "#4"},
				"west": {"uv": [0.06, 0.06, 13.94, 0.94], "texture": "#4"},
				"up": {"uv": [0.06, 0.06, 13.94, 0.94], "rotation": 270, "texture": "#4"},
				"down": {"uv": [0.06, 0.06, 13.94, 0.94], "rotation": 90, "texture": "#4"}
			}
		},
		{
			"from": [0.85, -12.25, 0.9],
			"to": [15.05, -11.25, 0.9],
			"rotation": {"angle": 0, "axis": "y", "origin": [7.95156, -0.11562, 7.55612]},
			"faces": {
				"north": {"uv": [0.06, 2.06, 13.94, 2.94], "texture": "#4"},
				"east": {"uv": [0.06, 0.06, 13.94, 0.94], "texture": "#4"},
				"south": {"uv": [13.94, 2.06, 0.06, 2.94], "texture": "#4"},
				"west": {"uv": [0.06, 0.06, 13.94, 0.94], "texture": "#4"},
				"up": {"uv": [0.06, 0.06, 13.94, 0.94], "rotation": 270, "texture": "#4"},
				"down": {"uv": [0.06, 0.06, 13.94, 0.94], "rotation": 90, "texture": "#4"}
			}
		},
		{
			"from": [15.149, -12.25, 0.9],
			"to": [15.149, 7.75, 15.1],
			"rotation": {"angle": 0, "axis": "y", "origin": [7.95156, -0.11562, 7.55612]},
			"faces": {
				"north": {"uv": [0.06, 0.06, 0.06, 15.94], "texture": "#2"},
				"east": {"uv": [0.06, 0.06, 13.94, 15.94], "texture": "#2"},
				"south": {"uv": [0.06, 0.06, 0.06, 15.94], "texture": "#2"},
				"west": {"uv": [0.06, 0.06, 13.94, 15.94], "texture": "#2"},
				"up": {"uv": [0.06, 0.06, 14.2, 0.06], "rotation": 90, "texture": "#2"},
				"down": {"uv": [0.06, 0.06, 14.2, 0.06], "rotation": 270, "texture": "#2"}
			}
		},
		{
			"from": [0.9, -12.25, 0.9],
			"to": [0.9, 7.75, 15.1],
			"rotation": {"angle": 0, "axis": "y", "origin": [7.95156, -0.11562, 7.55612]},
			"faces": {
				"north": {"uv": [0.06, 0.06, 0.06, 15.94], "texture": "#2"},
				"east": {"uv": [0.06, 0.06, 13.94, 15.94], "texture": "#2"},
				"south": {"uv": [0.06, 0.06, 0.06, 15.94], "texture": "#2"},
				"west": {"uv": [0.06, 0.06, 13.94, 15.94], "texture": "#2"},
				"up": {"uv": [0.06, 0.06, 14.2, 0.06], "rotation": 90, "texture": "#2"},
				"down": {"uv": [0.06, 0.06, 14.2, 0.06], "rotation": 270, "texture": "#2"}
			}
		},
		{
			"from": [0.901, -13.25, 15.099],
			"to": [15.201, 7.75, 15.099],
			"rotation": {"angle": 0, "axis": "y", "origin": [7.95156, -0.11562, 7.55612]},
			"faces": {
				"north": {"uv": [0.06, 0.06, 13.94, 15.94], "texture": "#2"},
				"east": {"uv": [0.06, 0.06, 0.06, 15.94], "texture": "#2"},
				"south": {"uv": [0.06, 0.06, 13.94, 15.94], "texture": "#2"},
				"west": {"uv": [0.06, 0.06, 0.06, 15.94], "texture": "#2"},
				"up": {"uv": [0.06, 0.06, 14.3, 0.06], "texture": "#2"},
				"down": {"uv": [0.06, 0.06, 14.3, 0.06], "texture": "#2"}
			}
		},
		{
			"from": [6.5, 9, 6.5],
			"to": [9.5, 10, 9.5],
			"rotation": {"angle": 0, "axis": "y", "origin": [7.95156, -0.11562, 7.55612]},
			"faces": {
				"north": {"uv": [0.06, 0.06, 2.94, 2.94], "texture": "#2"},
				"east": {"uv": [0.06, 0.06, 2.94, 2.94], "texture": "#2"},
				"south": {"uv": [0.06, 0.06, 2.94, 2.94], "texture": "#2"},
				"west": {"uv": [0.06, 0.06, 2.94, 2.94], "texture": "#2"},
				"up": {"uv": [0.06, 0.06, 2.94, 2.94], "texture": "#2"},
				"down": {"uv": [0.06, 0.06, 2.94, 2.94], "texture": "#2"}
			}
		}
	],
	"display": {
		"thirdperson_righthand": {
			"rotation": [70, 0, 0],
			"translation": [-5.75, 2.5, 20]
		},
		"thirdperson_lefthand": {
			"rotation": [70, 0, 0],
			"translation": [-5.75, 1.75, 19.25],
			"scale": [1.2, 1.2, 1.2]
		},
		"gui": {
			"rotation": [-156.03, 19.28, 177.99],
			"translation": [0, 5.25, 0]
		},
		"head": {
			"translation": [0, 5.25, 0],
			"scale": [1.8, 1.8, 1.8]
		},
		"fixed": {
			"translation": [0, 0, -15],
			"scale": [2, 2, 2]
		}
	},
	"groups": [
		{
			"name": "group",
			"origin": [0, 0, 0],
			"color": 0,
			"children": [
				0,
				1,
				2,
				3,
				4,
				5,
				{
					"name": "curtain",
					"origin": [0, 0, 0],
					"color": 0,
					"children": [6, 7, 8, 9, 10, 11, 12, 13, 14, 15]
				}
			]
		}
	]
}