{
	"credit": "Made with Blockbench",
	"textures": {
		"0": "block/Hananacraft archive/basket_laundry_bottom",
		"particle": "block/Hananacraft archive/basket_laundry_bottom"
	},
	"elements": [
		{
			"from": [14, 6.75, 1],
			"to": [15, 7.75, 15],
			"faces": {
				"north": {"uv": [1.06, 14.06, 1.94, 14.94], "texture": "#0"},
				"east": {"uv": [1.06, 14.06, 14.94, 14.94], "texture": "#0"},
				"south": {"uv": [1.06, 14.06, 1.94, 14.94], "texture": "#0"},
				"west": {"uv": [1.06, 14.06, 14.94, 14.94], "texture": "#0"},
				"up": {"uv": [14.06, 1.06, 14.94, 14.94], "texture": "#0"},
				"down": {"uv": [14.06, 1.06, 14.94, 14.94], "texture": "#0"}
			}
		},
		{
			"from": [2, 7.75, 2],
			"to": [14, 8.75, 14],
			"faces": {
				"north": {"uv": [2.06, 9.06, 13.94, 9.94], "texture": "#0"},
				"east": {"uv": [2.06, 9.06, 13.94, 9.94], "texture": "#0"},
				"south": {"uv": [2.06, 9.06, 13.94, 9.94], "texture": "#0"},
				"west": {"uv": [2.06, 9.06, 13.94, 9.94], "texture": "#0"},
				"up": {"uv": [2.06, 1.06, 13.94, 12.94], "texture": "#0"},
				"down": {"uv": [2.06, 2.06, 13.94, 13.94], "texture": "#0"}
			}
		},
		{
			"from": [3, 8.75, 3],
			"to": [13, 9.75, 13],
			"faces": {
				"north": {"uv": [3.06, 11.06, 12.94, 11.94], "texture": "#0"},
				"east": {"uv": [3.06, 11.06, 12.94, 11.94], "texture": "#0"},
				"south": {"uv": [3.06, 11.06, 12.94, 11.94], "texture": "#0"},
				"west": {"uv": [3.06, 11.06, 12.94, 11.94], "texture": "#0"},
				"up": {"uv": [2.06, 3.06, 11.94, 12.94], "texture": "#0"},
				"down": {"uv": [2.06, 2.06, 13.94, 13.94], "texture": "#0"}
			}
		},
		{
			"from": [3.9, 9.75, 3.9],
			"to": [12.1, 10.75, 12.1],
			"faces": {
				"north": {"uv": [3.06, 7.06, 10.94, 7.94], "texture": "#0"},
				"east": {"uv": [3.06, 7.06, 10.94, 7.94], "texture": "#0"},
				"south": {"uv": [3.06, 7.06, 10.94, 7.94], "texture": "#0"},
				"west": {"uv": [3.06, 7.06, 10.94, 7.94], "texture": "#0"},
				"up": {"uv": [4.06, 3.06, 11.94, 10.94], "texture": "#0"},
				"down": {"uv": [2.06, 2.06, 13.94, 13.94], "texture": "#0"}
			}
		},
		{
			"from": [5, 10.75, 5],
			"to": [11, 11.75, 11],
			"faces": {
				"north": {"uv": [5.06, 7.06, 10.94, 7.94], "texture": "#0"},
				"east": {"uv": [5.06, 7.06, 10.94, 7.94], "texture": "#0"},
				"south": {"uv": [5.06, 7.06, 10.94, 7.94], "texture": "#0"},
				"west": {"uv": [5.06, 7.06, 10.94, 7.94], "texture": "#0"},
				"up": {"uv": [4.06, 5.06, 9.94, 10.94], "texture": "#0"},
				"down": {"uv": [2.06, 2.06, 13.94, 13.94], "texture": "#0"}
			}
		},
		{
			"from": [6, 11.75, 6],
			"to": [10, 12.75, 10],
			"faces": {
				"north": {"uv": [9.06, 1.06, 12.94, 1.94], "texture": "#0"},
				"east": {"uv": [9.06, 1.06, 12.94, 1.94], "texture": "#0"},
				"south": {"uv": [9.06, 1.06, 12.94, 1.94], "texture": "#0"},
				"west": {"uv": [9.06, 1.06, 12.94, 1.94], "texture": "#0"},
				"up": {"uv": [4.06, 4.06, 7.94, 7.94], "texture": "#0"},
				"down": {"uv": [2.06, 2.06, 13.94, 13.94], "texture": "#0"}
			}
		},
		{
			"from": [1, 6.75, 1],
			"to": [2, 7.75, 15],
			"faces": {
				"north": {"uv": [1.06, 14.06, 1.94, 14.94], "texture": "#0"},
				"east": {"uv": [1.06, 14.06, 14.94, 14.94], "texture": "#0"},
				"south": {"uv": [1.06, 14.06, 1.94, 14.94], "texture": "#0"},
				"west": {"uv": [1.06, 14.06, 14.94, 14.94], "texture": "#0"},
				"up": {"uv": [14.06, 1.06, 14.94, 14.94], "texture": "#0"},
				"down": {"uv": [14.06, 1.06, 14.94, 14.94], "texture": "#0"}
			}
		},
		{
			"from": [2, 6.75, 14],
			"to": [14, 7.75, 15],
			"faces": {
				"north": {"uv": [2.06, 14.06, 13.94, 14.94], "texture": "#0"},
				"east": {"uv": [2.06, 14.06, 13.94, 14.94], "texture": "#0"},
				"south": {"uv": [2.06, 14.06, 13.94, 14.94], "texture": "#0"},
				"west": {"uv": [2.06, 14.06, 13.94, 14.94], "texture": "#0"},
				"up": {"uv": [2.06, 14.06, 13.94, 14.94], "texture": "#0"},
				"down": {"uv": [2.06, 14.06, 13.94, 14.94], "texture": "#0"}
			}
		},
		{
			"from": [2, 6.75, 1],
			"to": [14, 7.75, 2],
			"faces": {
				"north": {"uv": [2.06, 14.06, 13.94, 14.94], "texture": "#0"},
				"east": {"uv": [2.06, 14.06, 13.94, 14.94], "texture": "#0"},
				"south": {"uv": [2.06, 14.06, 13.94, 14.94], "texture": "#0"},
				"west": {"uv": [2.06, 14.06, 13.94, 14.94], "texture": "#0"},
				"up": {"uv": [2.06, 14.06, 13.94, 14.94], "texture": "#0"},
				"down": {"uv": [2.06, 14.06, 13.94, 14.94], "texture": "#0"}
			}
		}
	],
	"display": {
		"thirdperson_righthand": {
			"rotation": [70, 0, 0],
			"translation": [-5.25, 5.25, 0]
		},
		"gui": {
			"rotation": [-151.67, 44.85, -179.4]
		},
		"head": {
			"rotation": [10, 0, 0],
			"translation": [0, 3.25, 0],
			"scale": [1.8, 1.8, 1.8]
		},
		"fixed": {
			"rotation": [-90, 0, 0],
			"translation": [0, 0, -2],
			"scale": [2, 2, 2]
		}
	},
	"groups": [
		{
			"name": "group",
			"origin": [0, 0, 0],
			"color": 0,
			"children": [0, 1, 2, 3, 4, 5, 6, 7, 8]
		}
	]
}