{
	"credit": "Made with Blockbench",
	"parent": "minecraft:block/flower_pot_cross",
	"ambientocclusion": false,
	"textures": {
		"2": "block/flowers/small_flower_pot_bottom",
		"3": "block/flowers/small_flower_vase_side",
		"4": "block/flowers/small_flower_vase_top1",
		"5": "block/flowers/small_flower_vase_top2",
		"particle": "block/flowers/oxe_eye_daisy3",
		"6_0": "block/flowers/oxe_eye_daisy3"
	},
	"elements": [
		{
			"from": [3, 0, 3],
			"to": [5, 8, 13],
			"faces": {
				"north": {"uv": [11, 8, 13, 16], "texture": "#3"},
				"east": {"uv": [3, 8, 13, 16], "texture": "#3"},
				"south": {"uv": [3, 8, 5, 16], "texture": "#3"},
				"west": {"uv": [3, 8, 13, 16], "texture": "#3"},
				"up": {"uv": [3, 6, 5, 16], "texture": "#4"},
				"down": {"uv": [3, 3, 5, 13], "texture": "#2", "cullface": "down"}
			}
		},
		{
			"from": [11, 0, 3],
			"to": [13, 8, 13],
			"faces": {
				"north": {"uv": [3, 8, 5, 16], "texture": "#3"},
				"east": {"uv": [3, 8, 13, 16], "texture": "#3"},
				"south": {"uv": [11, 8, 13, 16], "texture": "#3"},
				"west": {"uv": [3, 8, 13, 16], "texture": "#3"},
				"up": {"uv": [11, 6, 13, 16], "texture": "#4"},
				"down": {"uv": [11, 3, 13, 13], "texture": "#2", "cullface": "down"}
			}
		},
		{
			"from": [5, 0, 3],
			"to": [11, 8, 13],
			"faces": {
				"north": {"uv": [5, 8, 11, 16], "texture": "#3"},
				"south": {"uv": [5, 8, 11, 16], "texture": "#3"},
				"up": {"uv": [5, 6, 11, 16], "texture": "#4"},
				"down": {"uv": [5, 3, 11, 13], "texture": "#2", "cullface": "down"}
			}
		},
		{
			"from": [6.4, 9, 9.6],
			"to": [9.6, 12, 11.2],
			"rotation": {"angle": 0, "axis": "y", "origin": [11.2, 9, 17.6]},
			"faces": {
				"north": {"uv": [10, 2, 6, 5], "texture": "#3"},
				"south": {"uv": [10, 2, 6, 5], "texture": "#3"},
				"up": {"uv": [6, 9, 4, 13], "rotation": 90, "texture": "#5"},
				"down": {"uv": [6, 9, 4, 13], "rotation": 270, "texture": "#5"}
			}
		},
		{
			"from": [6.4, 9, 4.8],
			"to": [9.6, 12, 6.4],
			"rotation": {"angle": 0, "axis": "y", "origin": [11.2, 9, -1.6]},
			"faces": {
				"north": {"uv": [6, 2, 10, 5], "texture": "#3"},
				"south": {"uv": [6, 2, 10, 5], "texture": "#3"},
				"up": {"uv": [4, 9, 6, 13], "rotation": 90, "texture": "#5"},
				"down": {"uv": [4, 9, 6, 13], "rotation": 270, "texture": "#5"}
			}
		},
		{
			"from": [9.6, 9, 4.8],
			"to": [11.2, 12, 11.2],
			"rotation": {"angle": 0, "axis": "y", "origin": [11.2, 9, 4.8]},
			"faces": {
				"north": {"uv": [6, 2, 4, 5], "texture": "#3"},
				"east": {"uv": [12, 2, 4, 5], "texture": "#3"},
				"south": {"uv": [12, 2, 10, 5], "texture": "#3"},
				"west": {"uv": [12, 2, 4, 5], "texture": "#3"},
				"up": {"uv": [6, 7, 4, 15], "texture": "#5"},
				"down": {"uv": [6, 7, 4, 15], "texture": "#5"}
			}
		},
		{
			"from": [4.8, 9, 4.8],
			"to": [6.4, 12, 11.2],
			"rotation": {"angle": 0, "axis": "y", "origin": [4.8, 9, 4.8]},
			"faces": {
				"north": {"uv": [10, 2, 12, 5], "texture": "#3"},
				"east": {"uv": [4, 2, 12, 5], "texture": "#3"},
				"south": {"uv": [4, 2, 6, 5], "texture": "#3"},
				"west": {"uv": [4, 2, 12, 5], "texture": "#3"},
				"up": {"uv": [4, 7, 6, 15], "texture": "#5"},
				"down": {"uv": [4, 7, 6, 15], "texture": "#5"}
			}
		},
		{
			"from": [5.6, 8, 5.6],
			"to": [10.4, 9, 10.4],
			"rotation": {"angle": 0, "axis": "y", "origin": [5.6, 8, 5.6]},
			"faces": {
				"north": {"uv": [5, 6, 11, 7], "texture": "#3"},
				"east": {"uv": [5, 6, 11, 7], "texture": "#3"},
				"south": {"uv": [5, 7, 11, 6], "texture": "#3"},
				"west": {"uv": [5, 6, 11, 7], "texture": "#3"},
				"up": {"uv": [5, 8, 11, 14], "texture": "#5"}
			}
		},
		{
			"from": [7.5, 9, 7.5],
			"to": [8.5, 17, 8.5],
			"rotation": {"angle": 0, "axis": "y", "origin": [7.5, 9, 7.5]},
			"faces": {
				"north": {"uv": [3, 8, 4, 16], "texture": "#6_0"},
				"east": {"uv": [3, 8, 4, 16], "texture": "#6_0"},
				"south": {"uv": [3, 8, 4, 16], "texture": "#6_0"},
				"west": {"uv": [3, 8, 4, 16], "texture": "#6_0"}
			}
		},
		{
			"from": [13.92031, 17, -8.29289],
			"to": [15.92031, 20, -6.29289],
			"rotation": {"angle": -45, "axis": "y", "origin": [-7, 7, -8]},
			"faces": {
				"north": {"uv": [9, 5, 11, 8], "texture": "#6_0"},
				"east": {"uv": [9, 5, 11, 8], "texture": "#6_0"},
				"south": {"uv": [9, 5, 11, 8], "texture": "#6_0"},
				"west": {"uv": [9, 5, 11, 8], "texture": "#6_0"},
				"up": {"uv": [9, 2, 11, 4], "texture": "#6_0"},
				"down": {"uv": [9, 9, 11, 11], "texture": "#6_0"}
			}
		},
		{
			"from": [7, 22.45725, -1.58093],
			"to": [9, 22.95725, 1.41907],
			"rotation": {"angle": 22.5, "axis": "x", "origin": [-7, 7, -8]},
			"faces": {
				"north": {"uv": [2, 1, 4, 2], "texture": "#6_0"},
				"east": {"uv": [5, 3, 6, 6], "rotation": 90, "texture": "#6_0"},
				"west": {"uv": [5, 6, 6, 3], "rotation": 90, "texture": "#6_0"},
				"up": {"uv": [2, 3, 4, 6], "texture": "#6_0"},
				"down": {"uv": [2, 6, 4, 3], "texture": "#6_0"}
			}
		},
		{
			"from": [-1.50481, 22.07457, 7],
			"to": [1.49519, 22.57457, 9],
			"rotation": {"angle": -22.5, "axis": "z", "origin": [-7, 7, -8]},
			"faces": {
				"north": {"uv": [5, 3, 6, 6], "rotation": 90, "texture": "#6_0"},
				"south": {"uv": [5, 6, 6, 3], "rotation": 90, "texture": "#6_0"},
				"west": {"uv": [2, 1, 4, 2], "texture": "#6_0"},
				"up": {"uv": [2, 6, 4, 3], "rotation": 90, "texture": "#6_0"},
				"down": {"uv": [2, 3, 4, 6], "rotation": 270, "texture": "#6_0"}
			}
		},
		{
			"from": [12.2212, 10.59407, 7],
			"to": [15.2212, 11.09407, 9],
			"rotation": {"angle": 22.5, "axis": "z", "origin": [-7, 7, -8]},
			"faces": {
				"north": {"uv": [5, 6, 6, 3], "rotation": 90, "texture": "#6_0"},
				"east": {"uv": [2, 1, 4, 2], "texture": "#6_0"},
				"south": {"uv": [5, 3, 6, 6], "rotation": 90, "texture": "#6_0"},
				"west": {"uv": [2, 1, 4, 2], "texture": "#6_0"},
				"up": {"uv": [2, 3, 4, 6], "rotation": 90, "texture": "#6_0"},
				"down": {"uv": [2, 6, 4, 3], "rotation": 270, "texture": "#6_0"}
			}
		},
		{
			"from": [11.03932, 17.52585, -8.29289],
			"to": [14.03932, 18.02585, -6.29289],
			"rotation": {"angle": -45, "axis": "y", "origin": [-7, 7, -8]},
			"faces": {
				"north": {"uv": [5, 3, 6, 6], "rotation": 90, "texture": "#6_0"},
				"south": {"uv": [5, 6, 6, 3], "rotation": 90, "texture": "#6_0"},
				"west": {"uv": [2, 1, 4, 2], "texture": "#6_0"},
				"up": {"uv": [2, 6, 4, 3], "rotation": 90, "texture": "#6_0"},
				"down": {"uv": [2, 3, 4, 6], "rotation": 270, "texture": "#6_0"}
			}
		},
		{
			"from": [15.8013, 17.52585, -8.29289],
			"to": [18.8013, 18.02585, -6.29289],
			"rotation": {"angle": -45, "axis": "y", "origin": [-7, 7, -8]},
			"faces": {
				"north": {"uv": [5, 6, 6, 3], "rotation": 90, "texture": "#6_0"},
				"east": {"uv": [2, 1, 4, 2], "texture": "#6_0"},
				"south": {"uv": [5, 3, 6, 6], "rotation": 90, "texture": "#6_0"},
				"west": {"uv": [2, 1, 4, 2], "texture": "#6_0"},
				"up": {"uv": [2, 3, 4, 6], "rotation": 90, "texture": "#6_0"},
				"down": {"uv": [2, 6, 4, 3], "rotation": 270, "texture": "#6_0"}
			}
		},
		{
			"from": [-11.58809, 17.52585, 12.92031],
			"to": [-8.58809, 18.02585, 14.92031],
			"rotation": {"angle": 45, "axis": "y", "origin": [-7, 7, -8]},
			"faces": {
				"north": {"uv": [5, 3, 6, 6], "rotation": 90, "texture": "#6_0"},
				"south": {"uv": [5, 6, 6, 3], "rotation": 90, "texture": "#6_0"},
				"west": {"uv": [2, 1, 4, 2], "texture": "#6_0"},
				"up": {"uv": [2, 6, 4, 3], "rotation": 90, "texture": "#6_0"},
				"down": {"uv": [2, 3, 4, 6], "rotation": 270, "texture": "#6_0"}
			}
		},
		{
			"from": [-6.82612, 17.52585, 12.92031],
			"to": [-3.82612, 18.02585, 14.92031],
			"rotation": {"angle": 45, "axis": "y", "origin": [-7, 7, -8]},
			"faces": {
				"north": {"uv": [5, 6, 6, 3], "rotation": 90, "texture": "#6_0"},
				"east": {"uv": [2, 1, 4, 2], "texture": "#6_0"},
				"south": {"uv": [5, 3, 6, 6], "rotation": 90, "texture": "#6_0"},
				"west": {"uv": [2, 1, 4, 2], "texture": "#6_0"},
				"up": {"uv": [2, 3, 4, 6], "rotation": 90, "texture": "#6_0"},
				"down": {"uv": [2, 6, 4, 3], "rotation": 270, "texture": "#6_0"}
			}
		},
		{
			"from": [7, 10.21138, 12.14508],
			"to": [9, 10.71138, 15.14508],
			"rotation": {"angle": -22.5, "axis": "x", "origin": [-7, 7, -8]},
			"faces": {
				"east": {"uv": [5, 6, 6, 3], "rotation": 90, "texture": "#6_0"},
				"south": {"uv": [2, 1, 4, 2], "texture": "#6_0"},
				"west": {"uv": [5, 3, 6, 6], "rotation": 90, "texture": "#6_0"},
				"up": {"uv": [4, 6, 2, 3], "texture": "#6_0"},
				"down": {"uv": [2, 3, 4, 6], "texture": "#6_0"}
			}
		},
		{
			"from": [3.73223, 12.87487, 8.5],
			"to": [4.73223, 13.37487, 9.5],
			"rotation": {"angle": 0, "axis": "y", "origin": [4.56556, 13.12487, 8]},
			"faces": {
				"north": {"uv": [0, 0, 0, 0], "rotation": 90, "texture": "#6_0"},
				"east": {"uv": [14, 12, 13, 13], "rotation": 270, "texture": "#6_0"},
				"south": {"uv": [14, 12, 13, 13], "rotation": 270, "texture": "#6_0"},
				"west": {"uv": [14, 12, 13, 13], "rotation": 270, "texture": "#6_0"},
				"up": {"uv": [14, 12, 13, 13], "rotation": 270, "texture": "#6_0"},
				"down": {"uv": [14, 12, 13, 13], "rotation": 270, "texture": "#6_0"}
			}
		},
		{
			"from": [4.73223, 12.87487, 6.5],
			"to": [5.73223, 13.37487, 7.5],
			"rotation": {"angle": 0, "axis": "y", "origin": [4.56556, 13.12487, 8]},
			"faces": {
				"north": {"uv": [14, 12, 13, 13], "rotation": 90, "texture": "#6_0"},
				"east": {"uv": [14, 12, 13, 13], "rotation": 270, "texture": "#6_0"},
				"south": {"uv": [0, 0, 0, 0], "rotation": 270, "texture": "#6_0"},
				"west": {"uv": [14, 12, 13, 13], "rotation": 270, "texture": "#6_0"},
				"up": {"uv": [14, 12, 13, 13], "rotation": 270, "texture": "#6_0"},
				"down": {"uv": [14, 12, 13, 13], "rotation": 270, "texture": "#6_0"}
			}
		},
		{
			"from": [2.73223, 12.87487, 7.5],
			"to": [5.73223, 13.37487, 8.5],
			"rotation": {"angle": 0, "axis": "y", "origin": [12.14155, 13.12487, 8]},
			"faces": {
				"north": {"uv": [14.5, 10, 14, 13], "rotation": 90, "texture": "#6_0"},
				"east": {"uv": [0, 0, 0, 0], "rotation": 270, "texture": "#6_0"},
				"south": {"uv": [15, 10, 14.5, 13], "rotation": 270, "texture": "#6_0"},
				"west": {"uv": [14, 10.5, 15, 10], "texture": "#6_0"},
				"up": {"uv": [15, 10, 14, 13], "rotation": 270, "texture": "#6_0"},
				"down": {"uv": [15, 10, 14, 13], "rotation": 270, "texture": "#6_0"}
			}
		},
		{
			"from": [7.28626, 14.83372, 7.5],
			"to": [7.78626, 17.83372, 8.5],
			"rotation": {"angle": 45, "axis": "z", "origin": [12.14155, 13.12487, 8]},
			"faces": {
				"north": {"uv": [14.5, 13, 14, 16], "texture": "#6_0"},
				"east": {"uv": [15, 13, 14, 16], "texture": "#6_0"},
				"south": {"uv": [15, 13, 14.5, 16], "texture": "#6_0"},
				"west": {"uv": [15, 13, 14, 16], "texture": "#6_0"},
				"up": {"uv": [0, 0, 0, 0], "rotation": 90, "texture": "#6_0"},
				"down": {"uv": [0, 0, 0, 0], "texture": "#6_0"}
			}
		},
		{
			"from": [6.5, 12.87487, 3.73223],
			"to": [7.5, 13.37487, 4.73223],
			"rotation": {"angle": 0, "axis": "y", "origin": [8, 13.12487, 4.56556]},
			"faces": {
				"north": {"uv": [14, 12, 13, 13], "rotation": 270, "texture": "#6_0"},
				"east": {"uv": [0, 0, 0, 0], "rotation": 90, "texture": "#6_0"},
				"south": {"uv": [14, 12, 13, 13], "rotation": 270, "texture": "#6_0"},
				"west": {"uv": [14, 12, 13, 13], "rotation": 270, "texture": "#6_0"},
				"up": {"uv": [14, 12, 13, 13], "texture": "#6_0"},
				"down": {"uv": [14, 12, 13, 13], "rotation": 180, "texture": "#6_0"}
			}
		},
		{
			"from": [8.5, 12.87487, 4.73223],
			"to": [9.5, 13.37487, 5.73223],
			"rotation": {"angle": 0, "axis": "y", "origin": [8, 13.12487, 4.56556]},
			"faces": {
				"north": {"uv": [14, 12, 13, 13], "rotation": 270, "texture": "#6_0"},
				"east": {"uv": [14, 12, 13, 13], "rotation": 90, "texture": "#6_0"},
				"south": {"uv": [14, 12, 13, 13], "rotation": 270, "texture": "#6_0"},
				"west": {"uv": [0, 0, 0, 0], "rotation": 270, "texture": "#6_0"},
				"up": {"uv": [14, 12, 13, 13], "texture": "#6_0"},
				"down": {"uv": [14, 12, 13, 13], "rotation": 180, "texture": "#6_0"}
			}
		},
		{
			"from": [7.5, 12.87487, 2.73223],
			"to": [8.5, 13.37487, 5.73223],
			"rotation": {"angle": 0, "axis": "y", "origin": [8, 13.12487, 4.56556]},
			"faces": {
				"north": {"uv": [14, 10.5, 15, 10], "texture": "#6_0"},
				"east": {"uv": [14.5, 10, 14, 13], "rotation": 90, "texture": "#6_0"},
				"south": {"uv": [0, 0, 0, 0], "rotation": 270, "texture": "#6_0"},
				"west": {"uv": [15, 10, 14.5, 13], "rotation": 270, "texture": "#6_0"},
				"up": {"uv": [15, 10, 14, 13], "texture": "#6_0"},
				"down": {"uv": [15, 10, 14, 13], "rotation": 180, "texture": "#6_0"}
			}
		},
		{
			"from": [7.5, 12.1552, 6.17677],
			"to": [8.5, 15.1552, 6.67677],
			"rotation": {"angle": -45, "axis": "x", "origin": [11.788, 13.12487, 8.35355]},
			"faces": {
				"north": {"uv": [15, 13, 14, 16], "texture": "#6_0"},
				"east": {"uv": [14.5, 13, 14, 16], "texture": "#6_0"},
				"south": {"uv": [15, 13, 14, 16], "texture": "#6_0"},
				"west": {"uv": [15, 13, 14.5, 16], "texture": "#6_0"},
				"up": {"uv": [0, 0, 0, 0], "rotation": 180, "texture": "#6_0"},
				"down": {"uv": [0, 0, 0, 0], "rotation": 270, "texture": "#6_0"}
			}
		},
		{
			"from": [10.26777, 12.87487, 7.5],
			"to": [13.26777, 13.37487, 8.5],
			"rotation": {"angle": 0, "axis": "y", "origin": [11.43444, 13.12487, 8]},
			"faces": {
				"north": {"uv": [15, 10, 14.5, 13], "rotation": 270, "texture": "#6_0"},
				"east": {"uv": [14, 10.5, 15, 10], "texture": "#6_0"},
				"south": {"uv": [14.5, 10, 14, 13], "rotation": 90, "texture": "#6_0"},
				"west": {"uv": [0, 0, 0, 0], "rotation": 270, "texture": "#6_0"},
				"up": {"uv": [14, 13, 15, 10], "rotation": 270, "texture": "#6_0"},
				"down": {"uv": [14, 13, 15, 10], "rotation": 270, "texture": "#6_0"}
			}
		},
		{
			"from": [11.26777, 12.87487, 6.5],
			"to": [12.26777, 13.37487, 7.5],
			"rotation": {"angle": 0, "axis": "y", "origin": [11.43444, 12.62487, 8]},
			"faces": {
				"north": {"uv": [14, 12, 13, 13], "rotation": 270, "texture": "#6_0"},
				"east": {"uv": [14, 12, 13, 13], "rotation": 270, "texture": "#6_0"},
				"south": {"uv": [0, 0, 0, 0], "rotation": 90, "texture": "#6_0"},
				"west": {"uv": [14, 12, 13, 13], "rotation": 270, "texture": "#6_0"},
				"up": {"uv": [13, 13, 14, 12], "rotation": 270, "texture": "#6_0"},
				"down": {"uv": [13, 13, 14, 12], "rotation": 270, "texture": "#6_0"}
			}
		},
		{
			"from": [10.26777, 12.87487, 8.5],
			"to": [11.26777, 13.37487, 9.5],
			"rotation": {"angle": 0, "axis": "y", "origin": [11.43444, 13.12487, 8]},
			"faces": {
				"north": {"uv": [0, 0, 0, 0], "rotation": 270, "texture": "#6_0"},
				"east": {"uv": [14, 12, 13, 13], "rotation": 270, "texture": "#6_0"},
				"south": {"uv": [14, 12, 13, 13], "rotation": 90, "texture": "#6_0"},
				"west": {"uv": [14, 12, 13, 13], "rotation": 270, "texture": "#6_0"},
				"up": {"uv": [13, 13, 14, 12], "rotation": 270, "texture": "#6_0"},
				"down": {"uv": [13, 13, 14, 12], "rotation": 270, "texture": "#6_0"}
			}
		},
		{
			"from": [10.4327, 9.47669, 7.5],
			"to": [10.9327, 12.47669, 8.5],
			"rotation": {"angle": -45, "axis": "z", "origin": [11.43444, 13.12487, 8]},
			"faces": {
				"north": {"uv": [15, 13, 14.5, 16], "texture": "#6_0"},
				"east": {"uv": [15, 13, 14, 16], "texture": "#6_0"},
				"south": {"uv": [14.5, 13, 14, 16], "texture": "#6_0"},
				"west": {"uv": [15, 13, 14, 16], "texture": "#6_0"},
				"up": {"uv": [0, 0, 0, 0], "rotation": 90, "texture": "#6_0"},
				"down": {"uv": [0, 0, 0, 0], "texture": "#6_0"}
			}
		},
		{
			"from": [7.5, 12.87487, 10.26777],
			"to": [8.5, 13.37487, 13.26777],
			"rotation": {"angle": 0, "axis": "y", "origin": [8, 13.12487, 11.43444]},
			"faces": {
				"north": {"uv": [0, 0, 0, 0], "rotation": 270, "texture": "#6_0"},
				"east": {"uv": [15, 10, 14.5, 13], "rotation": 270, "texture": "#6_0"},
				"south": {"uv": [14, 10.5, 15, 10], "texture": "#6_0"},
				"west": {"uv": [14.5, 10, 14, 13], "rotation": 90, "texture": "#6_0"},
				"up": {"uv": [14, 13, 15, 10], "texture": "#6_0"},
				"down": {"uv": [14, 13, 15, 10], "rotation": 180, "texture": "#6_0"}
			}
		},
		{
			"from": [8.5, 12.87487, 11.26777],
			"to": [9.5, 13.37487, 12.26777],
			"rotation": {"angle": 0, "axis": "y", "origin": [8, 13.12487, 11.43444]},
			"faces": {
				"north": {"uv": [14, 12, 13, 13], "rotation": 270, "texture": "#6_0"},
				"east": {"uv": [14, 12, 13, 13], "rotation": 270, "texture": "#6_0"},
				"south": {"uv": [14, 12, 13, 13], "rotation": 270, "texture": "#6_0"},
				"west": {"uv": [0, 0, 0, 0], "rotation": 90, "texture": "#6_0"},
				"up": {"uv": [13, 13, 14, 12], "texture": "#6_0"},
				"down": {"uv": [13, 13, 14, 12], "rotation": 180, "texture": "#6_0"}
			}
		},
		{
			"from": [6.5, 12.87487, 10.26777],
			"to": [7.5, 13.37487, 11.26777],
			"rotation": {"angle": 0, "axis": "y", "origin": [8, 13.12487, 11.43444]},
			"faces": {
				"north": {"uv": [14, 12, 13, 13], "rotation": 270, "texture": "#6_0"},
				"east": {"uv": [0, 0, 0, 0], "rotation": 270, "texture": "#6_0"},
				"south": {"uv": [14, 12, 13, 13], "rotation": 270, "texture": "#6_0"},
				"west": {"uv": [14, 12, 13, 13], "rotation": 90, "texture": "#6_0"},
				"up": {"uv": [13, 13, 14, 12], "texture": "#6_0"},
				"down": {"uv": [13, 13, 14, 12], "rotation": 180, "texture": "#6_0"}
			}
		},
		{
			"from": [7.5, 12.1552, 9.32322],
			"to": [8.5, 15.1552, 9.82322],
			"rotation": {"angle": 45, "axis": "x", "origin": [11.78799, 13.12487, 7.64645]},
			"faces": {
				"north": {"uv": [15, 13, 14, 16], "texture": "#6_0"},
				"east": {"uv": [15, 13, 14.5, 16], "texture": "#6_0"},
				"south": {"uv": [15, 13, 14, 16], "texture": "#6_0"},
				"west": {"uv": [14.5, 13, 14, 16], "texture": "#6_0"},
				"up": {"uv": [0, 0, 0, 0], "rotation": 180, "texture": "#6_0"},
				"down": {"uv": [0, 0, 0, 0], "rotation": 270, "texture": "#6_0"}
			}
		}
	],
	"groups": [
		{
			"name": "flower_pot",
			"origin": [8, 8, 8],
			"color": 0,
			"children": [0, 1, 2, 3, 4, 5, 6, 7]
		},
		{
			"name": "potted_oxeye_daisy1",
			"origin": [8, 8, 8],
			"color": 0,
			"children": [
				{
					"name": "potted_oxeye_daisy1",
					"origin": [8, 8, 8],
					"color": 0,
					"children": [
						{
							"name": "oxeye_daisy1",
							"origin": [8, 8, 8],
							"color": 0,
							"children": [
								{
									"name": "group",
									"origin": [5, 6.11421, 12],
									"color": 0,
									"children": []
								},
								{
									"name": "group",
									"origin": [-4, -2, -11],
									"color": 0,
									"children": [8, 9, 10, 11, 12, 13, 14, 15, 16, 17]
								},
								{
									"name": "group",
									"origin": [5, 6.11421, 12],
									"color": 0,
									"children": []
								}
							]
						}
					]
				}
			]
		},
		{
			"name": "oxeye_daisy1",
			"origin": [8, 8, 8],
			"color": 0,
			"children": [
				{
					"name": "group",
					"origin": [5, 6.11421, 12],
					"color": 0,
					"children": []
				},
				{
					"name": "group",
					"origin": [-4, -2, -11],
					"color": 0,
					"children": []
				},
				{
					"name": "group",
					"origin": [5, 6.11421, 12],
					"color": 0,
					"children": []
				},
				18,
				19,
				20,
				21,
				22,
				23,
				24,
				25,
				26,
				27,
				28,
				29,
				30,
				31,
				32,
				33
			]
		}
	]
}