{
	"credit": "Made with Blockbench",
	"parent": "minecraft:block/flower_pot_cross",
	"ambientocclusion": false,
	"textures": {
		"0": "block/flowers/poppy",
		"2": "block/flowers/small_flower_pot_bottom",
		"3": "block/flowers/small_flower_vase_side",
		"4": "block/flowers/small_flower_vase_top1",
		"5": "block/flowers/small_flower_vase_top2",
		"particle": "block/flowers/poppy"
	},
	"elements": [
		{
			"from": [3, 0, 3],
			"to": [5, 8, 13],
			"faces": {
				"north": {"uv": [11, 8, 13, 16], "texture": "#3"},
				"east": {"uv": [3, 8, 13, 16], "texture": "#3"},
				"south": {"uv": [3, 8, 5, 16], "texture": "#3"},
				"west": {"uv": [3, 8, 13, 16], "texture": "#3"},
				"up": {"uv": [3, 6, 5, 16], "texture": "#4"},
				"down": {"uv": [3, 3, 5, 13], "texture": "#2", "cullface": "down"}
			}
		},
		{
			"from": [11, 0, 3],
			"to": [13, 8, 13],
			"faces": {
				"north": {"uv": [3, 8, 5, 16], "texture": "#3"},
				"east": {"uv": [3, 8, 13, 16], "texture": "#3"},
				"south": {"uv": [11, 8, 13, 16], "texture": "#3"},
				"west": {"uv": [3, 8, 13, 16], "texture": "#3"},
				"up": {"uv": [11, 6, 13, 16], "texture": "#4"},
				"down": {"uv": [11, 3, 13, 13], "texture": "#2", "cullface": "down"}
			}
		},
		{
			"from": [5, 0, 3],
			"to": [11, 8, 13],
			"faces": {
				"north": {"uv": [5, 8, 11, 16], "texture": "#3"},
				"south": {"uv": [5, 8, 11, 16], "texture": "#3"},
				"up": {"uv": [5, 6, 11, 16], "texture": "#4"},
				"down": {"uv": [5, 3, 11, 13], "texture": "#2", "cullface": "down"}
			}
		},
		{
			"from": [6.4, 9, 9.6],
			"to": [9.6, 12, 11.2],
			"rotation": {"angle": 0, "axis": "y", "origin": [11.2, 9, 17.6]},
			"faces": {
				"north": {"uv": [10, 2, 6, 5], "texture": "#3"},
				"south": {"uv": [10, 2, 6, 5], "texture": "#3"},
				"up": {"uv": [6, 9, 4, 13], "rotation": 90, "texture": "#5"},
				"down": {"uv": [6, 9, 4, 13], "rotation": 270, "texture": "#5"}
			}
		},
		{
			"from": [6.4, 9, 4.8],
			"to": [9.6, 12, 6.4],
			"rotation": {"angle": 0, "axis": "y", "origin": [11.2, 9, -1.6]},
			"faces": {
				"north": {"uv": [6, 2, 10, 5], "texture": "#3"},
				"south": {"uv": [6, 2, 10, 5], "texture": "#3"},
				"up": {"uv": [4, 9, 6, 13], "rotation": 90, "texture": "#5"},
				"down": {"uv": [4, 9, 6, 13], "rotation": 270, "texture": "#5"}
			}
		},
		{
			"from": [9.6, 9, 4.8],
			"to": [11.2, 12, 11.2],
			"rotation": {"angle": 0, "axis": "y", "origin": [11.2, 9, 4.8]},
			"faces": {
				"north": {"uv": [6, 2, 4, 5], "texture": "#3"},
				"east": {"uv": [12, 2, 4, 5], "texture": "#3"},
				"south": {"uv": [12, 2, 10, 5], "texture": "#3"},
				"west": {"uv": [12, 2, 4, 5], "texture": "#3"},
				"up": {"uv": [6, 7, 4, 15], "texture": "#5"},
				"down": {"uv": [6, 7, 4, 15], "texture": "#5"}
			}
		},
		{
			"from": [4.8, 9, 4.8],
			"to": [6.4, 12, 11.2],
			"rotation": {"angle": 0, "axis": "y", "origin": [4.8, 9, 4.8]},
			"faces": {
				"north": {"uv": [10, 2, 12, 5], "texture": "#3"},
				"east": {"uv": [4, 2, 12, 5], "texture": "#3"},
				"south": {"uv": [4, 2, 6, 5], "texture": "#3"},
				"west": {"uv": [4, 2, 12, 5], "texture": "#3"},
				"up": {"uv": [4, 7, 6, 15], "texture": "#5"},
				"down": {"uv": [4, 7, 6, 15], "texture": "#5"}
			}
		},
		{
			"from": [5.6, 8, 5.6],
			"to": [10.4, 9, 10.4],
			"rotation": {"angle": 0, "axis": "y", "origin": [5.6, 8, 5.6]},
			"faces": {
				"north": {"uv": [5, 6, 11, 7], "texture": "#3"},
				"east": {"uv": [5, 6, 11, 7], "texture": "#3"},
				"south": {"uv": [5, 7, 11, 6], "texture": "#3"},
				"west": {"uv": [5, 6, 11, 7], "texture": "#3"},
				"up": {"uv": [5, 8, 11, 14], "texture": "#5"}
			}
		},
		{
			"from": [7.4375, 10, 7.38542],
			"to": [8.4375, 18, 8.38542],
			"rotation": {"angle": 0, "axis": "y", "origin": [6.4375, 10, 6.88542]},
			"faces": {
				"north": {"uv": [3, 6, 4, 14], "texture": "#0"},
				"east": {"uv": [3, 6, 4, 14], "texture": "#0"},
				"south": {"uv": [3, 6, 4, 14], "texture": "#0"},
				"west": {"uv": [3, 6, 4, 14], "texture": "#0"}
			}
		},
		{
			"from": [7.15402, 18.4, 7.24569],
			"to": [8.75402, 20, 8.84569],
			"rotation": {"angle": 0, "axis": "y", "origin": [7.95, 19.47317, 8.04166]},
			"faces": {
				"north": {"uv": [13, 4, 15, 6], "texture": "#0"},
				"east": {"uv": [13, 4, 15, 6], "texture": "#0"},
				"south": {"uv": [13, 4, 15, 6], "texture": "#0"},
				"west": {"uv": [13, 4, 15, 6], "texture": "#0"},
				"up": {"uv": [13, 4, 15, 6], "rotation": 90, "texture": "#0"},
				"down": {"uv": [13, 4, 15, 6], "rotation": 270, "texture": "#0"}
			}
		},
		{
			"from": [6.74431, 20.0792, 6.84166],
			"to": [9.14431, 20.0792, 9.24166],
			"rotation": {"angle": -45, "axis": "y", "origin": [7.95, 19.47317, 8.04166]},
			"faces": {
				"up": {"uv": [12, 0, 15, 3], "texture": "#0"}
			}
		},
		{
			"from": [6.35, 18.04, 6.44166],
			"to": [9.55, 18.6, 9.64166],
			"rotation": {"angle": 0, "axis": "z", "origin": [6.75, 18.2, 7.24166]},
			"faces": {
				"north": {"uv": [13, 13, 13.5, 9], "rotation": 90, "texture": "#0"},
				"east": {"uv": [13, 9, 13.5, 13], "rotation": 90, "texture": "#0"},
				"south": {"uv": [13, 13, 13.5, 9], "rotation": 90, "texture": "#0"},
				"west": {"uv": [13, 9, 13.5, 13], "rotation": 90, "texture": "#0"},
				"up": {"uv": [12, 13, 8, 9], "texture": "#0"},
				"down": {"uv": [12, 9, 8, 13], "texture": "#0"}
			}
		},
		{
			"from": [6.35, 17.18295, 8.41419],
			"to": [9.55, 17.58295, 11.61419],
			"rotation": {"angle": -45, "axis": "x", "origin": [7.95, 19.47317, 8.04166]},
			"faces": {
				"north": {"uv": [5, 7.5, 9, 8], "texture": "#0"},
				"east": {"uv": [10, 6, 10.5, 2], "rotation": 90, "texture": "#0"},
				"south": {"uv": [9, 0, 5, 0.5], "texture": "#0"},
				"west": {"uv": [10, 2, 10.5, 6], "rotation": 90, "texture": "#0"},
				"up": {"uv": [9, 6, 5, 2], "texture": "#0"},
				"down": {"uv": [9, 2, 5, 6], "texture": "#0"}
			}
		},
		{
			"from": [2.37814, 18.12, 7.77825],
			"to": [5.57814, 18.52, 10.97825],
			"rotation": {"angle": 45, "axis": "y", "origin": [5.95067, 15.82978, 7.77825]},
			"faces": {
				"north": {"uv": [10, 6, 10.5, 2], "rotation": 270, "texture": "#0"},
				"east": {"uv": [5, 7.5, 9, 8], "rotation": 180, "texture": "#0"},
				"south": {"uv": [10, 2, 10.5, 6], "rotation": 270, "texture": "#0"},
				"west": {"uv": [9, 0, 5, 0.5], "rotation": 180, "texture": "#0"},
				"up": {"uv": [9, 2, 5, 6], "rotation": 270, "texture": "#0"},
				"down": {"uv": [9, 6, 5, 2], "rotation": 90, "texture": "#0"}
			}
		},
		{
			"from": [11.31597, 18.12, 10.17825],
			"to": [14.51597, 18.52, 13.37825],
			"rotation": {"angle": -45, "axis": "y", "origin": [13.34344, 15.82978, 7.77825]},
			"faces": {
				"north": {"uv": [10, 2, 10.5, 6], "rotation": 270, "texture": "#0"},
				"east": {"uv": [5, 0, 9, 0.5], "rotation": 180, "texture": "#0"},
				"south": {"uv": [10, 6, 10.5, 2], "rotation": 270, "texture": "#0"},
				"west": {"uv": [9, 7.5, 5, 8], "rotation": 180, "texture": "#0"},
				"up": {"uv": [9, 6, 5, 2], "rotation": 270, "texture": "#0"},
				"down": {"uv": [9, 2, 5, 6], "rotation": 90, "texture": "#0"}
			}
		},
		{
			"from": [2.37814, 18.12, 5.10508],
			"to": [5.57814, 18.52, 8.30508],
			"rotation": {"angle": -45, "axis": "y", "origin": [5.95067, 15.82978, 8.30508]},
			"faces": {
				"north": {"uv": [10, 6, 10.5, 2], "rotation": 270, "texture": "#0"},
				"east": {"uv": [9, 7.5, 5, 8], "rotation": 180, "texture": "#0"},
				"south": {"uv": [10, 2, 10.5, 6], "rotation": 270, "texture": "#0"},
				"west": {"uv": [5, 0, 9, 0.5], "rotation": 180, "texture": "#0"},
				"up": {"uv": [5, 2, 9, 6], "rotation": 270, "texture": "#0"},
				"down": {"uv": [5, 6, 9, 2], "rotation": 90, "texture": "#0"}
			}
		},
		{
			"from": [11.31597, 18.12, 2.70508],
			"to": [14.51597, 18.52, 5.90508],
			"rotation": {"angle": 45, "axis": "y", "origin": [13.34344, 15.82978, 8.30508]},
			"faces": {
				"north": {"uv": [10, 2, 10.5, 6], "rotation": 270, "texture": "#0"},
				"east": {"uv": [9, 0, 5, 0.5], "rotation": 180, "texture": "#0"},
				"south": {"uv": [10, 6, 10.5, 2], "rotation": 270, "texture": "#0"},
				"west": {"uv": [5, 7.5, 9, 8], "rotation": 180, "texture": "#0"},
				"up": {"uv": [5, 6, 9, 2], "rotation": 270, "texture": "#0"},
				"down": {"uv": [5, 2, 9, 6], "rotation": 90, "texture": "#0"}
			}
		},
		{
			"from": [4.37747, 17.18295, 6.44166],
			"to": [7.57747, 17.58295, 9.64166],
			"rotation": {"angle": -45, "axis": "z", "origin": [7.95, 19.47317, 8.04166]},
			"faces": {
				"north": {"uv": [10, 2, 10.5, 6], "rotation": 90, "texture": "#0"},
				"east": {"uv": [5, 7.5, 9, 8], "texture": "#0"},
				"south": {"uv": [10, 6, 10.5, 2], "rotation": 90, "texture": "#0"},
				"west": {"uv": [9, 0, 5, 0.5], "texture": "#0"},
				"up": {"uv": [9, 6, 5, 2], "rotation": 90, "texture": "#0"},
				"down": {"uv": [9, 2, 5, 6], "rotation": 270, "texture": "#0"}
			}
		},
		{
			"from": [6.35, 17.18295, 4.46914],
			"to": [9.55, 17.58295, 7.66914],
			"rotation": {"angle": 45, "axis": "x", "origin": [7.95, 19.47317, 8.04166]},
			"faces": {
				"north": {"uv": [9, 0, 5, 0.5], "texture": "#0"},
				"east": {"uv": [10, 2, 10.5, 6], "rotation": 90, "texture": "#0"},
				"south": {"uv": [5, 7.5, 9, 8], "texture": "#0"},
				"west": {"uv": [10, 6, 10.5, 2], "rotation": 90, "texture": "#0"},
				"up": {"uv": [9, 6, 5, 2], "rotation": 180, "texture": "#0"},
				"down": {"uv": [9, 2, 5, 6], "rotation": 180, "texture": "#0"}
			}
		},
		{
			"from": [8.32253, 17.18295, 6.44166],
			"to": [11.52253, 17.58295, 9.64166],
			"rotation": {"angle": 45, "axis": "z", "origin": [7.95, 19.47317, 8.04166]},
			"faces": {
				"north": {"uv": [10, 6, 10.5, 2], "rotation": 90, "texture": "#0"},
				"east": {"uv": [9, 0, 5, 0.5], "texture": "#0"},
				"south": {"uv": [10, 2, 10.5, 6], "rotation": 90, "texture": "#0"},
				"west": {"uv": [5, 7.5, 9, 8], "texture": "#0"},
				"up": {"uv": [9, 6, 5, 2], "rotation": 270, "texture": "#0"},
				"down": {"uv": [9, 2, 5, 6], "rotation": 90, "texture": "#0"}
			}
		},
		{
			"from": [9.9642, 14.96537, 7.38542],
			"to": [11.9642, 15.46537, 8.38542],
			"rotation": {"angle": 0, "axis": "y", "origin": [9.9642, 11.96537, 6.88542]},
			"faces": {
				"north": {"uv": [0, 8, 0.5, 10], "rotation": 90, "texture": "#0"},
				"east": {"uv": [1, 9.5, 0, 10], "texture": "#0"},
				"south": {"uv": [0, 10, 0.5, 8], "rotation": 90, "texture": "#0"},
				"west": {"uv": [1, 8, 0, 8.5], "texture": "#0"},
				"up": {"uv": [0, 10, 1, 8], "rotation": 90, "texture": "#0"},
				"down": {"uv": [0, 10, 1, 8], "rotation": 90, "texture": "#0"}
			}
		},
		{
			"from": [9.30359, 15.23179, 7.38542],
			"to": [11.30359, 15.73179, 8.38542],
			"rotation": {"angle": 22.5, "axis": "z", "origin": [11.30359, 12.23179, 7.38542]},
			"faces": {
				"north": {"uv": [0, 10, 0.5, 8], "rotation": 90, "texture": "#0"},
				"east": {"uv": [0, 0, 0, 0], "texture": "#0"},
				"south": {"uv": [0, 8, 0.5, 10], "rotation": 90, "texture": "#0"},
				"west": {"uv": [0, 0, 0, 0], "texture": "#0"},
				"up": {"uv": [0, 8, 1, 10], "rotation": 90, "texture": "#0"},
				"down": {"uv": [0, 8, 1, 10], "rotation": 90, "texture": "#0"}
			}
		},
		{
			"from": [7.4375, 13.49373, 4.38961],
			"to": [8.4375, 13.99373, 6.38961],
			"rotation": {"angle": 22.5, "axis": "x", "origin": [8.4375, 10.49373, 4.38961]},
			"faces": {
				"north": {"uv": [0, 0, 0, 0], "texture": "#0"},
				"east": {"uv": [0, 8, 0.5, 10], "rotation": 90, "texture": "#0"},
				"south": {"uv": [0, 0, 0, 0], "texture": "#0"},
				"west": {"uv": [0, 10, 0.5, 8], "rotation": 90, "texture": "#0"},
				"up": {"uv": [0, 10, 1, 8], "rotation": 180, "texture": "#0"},
				"down": {"uv": [0, 10, 1, 8], "texture": "#0"}
			}
		},
		{
			"from": [7.4375, 13.22731, 3.729],
			"to": [8.4375, 13.72731, 5.729],
			"rotation": {"angle": 0, "axis": "y", "origin": [8.9375, 10.22731, 5.729]},
			"faces": {
				"north": {"uv": [0, 9.5, 1, 10], "texture": "#0"},
				"east": {"uv": [0, 10, 0.5, 8], "rotation": 90, "texture": "#0"},
				"south": {"uv": [0, 8, 1, 8.5], "texture": "#0"},
				"west": {"uv": [0, 8, 0.5, 10], "rotation": 90, "texture": "#0"},
				"up": {"uv": [0, 8, 1, 10], "rotation": 180, "texture": "#0"},
				"down": {"uv": [0, 8, 1, 10], "texture": "#0"}
			}
		},
		{
			"from": [7.4375, 13.02731, 10.00676],
			"to": [8.4375, 13.52731, 12.00676],
			"rotation": {"angle": 0, "axis": "y", "origin": [8.9375, 10.02731, 10.00676]},
			"faces": {
				"north": {"uv": [1, 8, 0, 8.5], "texture": "#0"},
				"east": {"uv": [0, 8, 0.5, 10], "rotation": 90, "texture": "#0"},
				"south": {"uv": [1, 9.5, 0, 10], "texture": "#0"},
				"west": {"uv": [0, 10, 0.5, 8], "rotation": 90, "texture": "#0"},
				"up": {"uv": [0, 10, 1, 8], "rotation": 180, "texture": "#0"},
				"down": {"uv": [0, 10, 1, 8], "texture": "#0"}
			}
		},
		{
			"from": [7.4375, 13.29373, 9.34615],
			"to": [8.4375, 13.79373, 11.34615],
			"rotation": {"angle": -22.5, "axis": "x", "origin": [8.4375, 10.29373, 11.34615]},
			"faces": {
				"north": {"uv": [0, 0, 0, 0], "texture": "#0"},
				"east": {"uv": [0, 10, 0.5, 8], "rotation": 90, "texture": "#0"},
				"south": {"uv": [0, 0, 0, 0], "texture": "#0"},
				"west": {"uv": [0, 8, 0.5, 10], "rotation": 90, "texture": "#0"},
				"up": {"uv": [0, 8, 1, 10], "rotation": 180, "texture": "#0"},
				"down": {"uv": [0, 8, 1, 10], "texture": "#0"}
			}
		},
		{
			"from": [3.88974, 14.06537, 7.38542],
			"to": [5.88974, 14.56537, 8.38542],
			"rotation": {"angle": 0, "axis": "y", "origin": [5.88974, 11.06537, 6.88542]},
			"faces": {
				"north": {"uv": [0, 8, 0.5, 10], "rotation": 90, "texture": "#0"},
				"east": {"uv": [0, 8.5, 1, 8], "texture": "#0"},
				"south": {"uv": [0, 10, 0.5, 8], "rotation": 90, "texture": "#0"},
				"west": {"uv": [0, 10, 1, 9.5], "texture": "#0"},
				"up": {"uv": [0, 10, 1, 8], "rotation": 90, "texture": "#0"},
				"down": {"uv": [0, 10, 1, 8], "rotation": 90, "texture": "#0"}
			}
		},
		{
			"from": [4.55035, 14.33179, 7.38542],
			"to": [6.55035, 14.83179, 8.38542],
			"rotation": {"angle": -22.5, "axis": "z", "origin": [4.55035, 11.33179, 7.38542]},
			"faces": {
				"north": {"uv": [0, 10, 0.5, 8], "rotation": 90, "texture": "#0"},
				"east": {"uv": [0, 0, 0, 0], "texture": "#0"},
				"south": {"uv": [0, 8, 0.5, 10], "rotation": 90, "texture": "#0"},
				"west": {"uv": [0, 0, 0, 0], "texture": "#0"},
				"up": {"uv": [0, 8, 1, 10], "rotation": 90, "texture": "#0"},
				"down": {"uv": [0, 8, 1, 10], "rotation": 90, "texture": "#0"}
			}
		}
	],
	"groups": [
		{
			"name": "flower_pot",
			"origin": [8, 8, 8],
			"color": 0,
			"children": [0, 1, 2, 3, 4, 5, 6, 7]
		},
		{
			"name": "poppy2",
			"origin": [8, 8, 8],
			"color": 0,
			"children": [
				{
					"name": "group",
					"origin": [-4, -2, -11],
					"color": 0,
					"children": [8, 9, 10, 11, 12, 13, 14, 15, 16, 17, 18, 19]
				},
				{
					"name": "group",
					"origin": [-4, -2, -11],
					"color": 0,
					"children": []
				},
				{
					"name": "group",
					"origin": [-4, -2, -11],
					"color": 0,
					"children": []
				},
				20,
				21,
				22,
				23,
				24,
				25,
				26,
				27
			]
		}
	]
}