{
  "entity.endermite.ambient": {
    "sounds": [
      "mob/silverfish/say1",
      "mob/silverfish/say2",
      "mob/silverfish/say3",
      "mob/silverfish/say4"
    ],
    "subtitle": "subtitles.entity.endermite.ambient",
    "replace": true
  },
  "entity.endermite.death": {
    "sounds": [
      "mob/silverfish/kill"
    ],
    "subtitle": "subtitles.entity.endermite.death",
    "replace": true
  },
  "entity.endermite.hurt": {
    "sounds": [
      "mob/silverfish/hit1",
      "mob/silverfish/hit2",
      "mob/silverfish/hit3"
    ],
    "subtitle": "subtitles.entity.endermite.hurt",
    "replace": true
  }
}