{
  "variants": {
    "age=0": {
      "model": "minecraft:block/chorus_flower/chorus_flower_stage0"
    },
    "age=1": {
      "model": "minecraft:block/chorus_flower/chorus_flower_stage1"
    },
    "age=2": {
      "model": "minecraft:block/chorus_flower/chorus_flower_stage2"
    },
    "age=3": {
      "model": "minecraft:block/chorus_flower/chorus_flower_stage3"
    },
    "age=4": {
      "model": "minecraft:block/chorus_flower/chorus_flower_stage4"
    },
    "age=5": {
      "model": "minecraft:block/chorus_flower/chorus_flower_dead"
    }
  }
}
