{
    "variants": {
        "type=bottom": { "model": "block/prismarine_brick_slab" },
        "type=top": { "model": "block/prismarine_brick_slab_top" },
        "type=double": [{ "model": "block/chiseled_prismarine_bricks_waves" },
						{ "model": "block/chiseled_prismarine_bricks_guardian" },
						{ "model": "block/chiseled_prismarine_bricks_glyphs1" },
						{ "model": "block/chiseled_prismarine_bricks_glyphs2" },
						{ "model": "block/chiseled_prismarine_bricks_glyphs3" },
						{ "model": "block/chiseled_prismarine_bricks_glyphs4" },
						{ "model": "block/chiseled_prismarine_bricks_fish" },
						{ "model": "block/chiseled_prismarine_bricks_squid" },
						{ "model": "block/chiseled_prismarine_bricks_crab" },
						{ "model": "block/chiseled_prismarine_bricks_dolphin" }]
    }
}
