{
  "variants": {
    "age=0": {
      "model": "block/brown_mushroom1"
    },
    "age=1": {
      "model": "block/brown_mushroom2"
    },
    "age=2": {
      "model": "block/brown_mushroom3"
    },
    "age=3": [
      {"model": "farmersdelight:block/brown_mushroom_colony_stage3", "weight": 1 },
      {"model": "farmersdelight:block/brown_mushroom_colony_stage3", "weight": 1, "y": 90 },
      {"model": "farmersdelight:block/brown_mushroom_colony_stage3", "weight": 1, "y": 180 },
      {"model": "farmersdelight:block/brown_mushroom_colony_stage3", "weight": 1, "y": 270 }
  ]
  }
}