{
  "display": {
    "icon": {
      "item": "minecraft:stick"
    },
    "title": "Rotating",
    "description": "Rotate plant",
    "show_toast": false,
    "announce_to_chat": false,
    "hidden": true
  },
  "parent": "gardenersdream:root",
  "criteria": {
    "requirement": {
      "trigger": "minecraft:tick",
      "conditions": {
        "player": [
          {
            "condition": "minecraft:entity_properties",
            "entity": "this",
            "predicate": {
              "flags": {
                "is_sneaking": false
              },
              "stepping_on": {
                "block": {
                  "blocks": [
                    "minecraft:flower_pot",
                    "minecraft:decorated_pot"
                  ]
                }
              },
              "equipment": {
                "mainhand": {
                  "items": [
                    "minecraft:stick"
                  ]
                }
              }
            }
          }
        ]
      }
    }
  },
  "rewards": {
    "function": "gardenersdream:plantrotate2"
  }
}