{
  "display": {
    "icon": {
      "item": "minecraft:sunflower"
    },
    "title": "Planted",
    "description": "Place plant",
    "show_toast": false,
    "announce_to_chat": false,
    "hidden": true
  },
  "parent": "gardenersdream:root",
  "criteria": {
    "requirement": {
      "trigger": "minecraft:tick",
      "conditions": {
        "player": [
          {
            "condition": "minecraft:entity_properties",
            "entity": "this",
            "predicate": {
              "flags": {
                "is_sneaking": true
              },
              "stepping_on": {
                "block": {
                  "blocks": [
                    "minecraft:flower_pot",
                    "minecraft:decorated_pot"
                  ]
                }
              },
              "equipment": {
                "mainhand": {
                  "items": [
                    "minecraft:rose_bush",
                    "minecraft:lilac",
                    "minecraft:peony",
                    "minecraft:kelp",
                    "minecraft:sunflower",
                    "minecraft:small_dripleaf",
                    "minecraft:fire_coral",
                    "minecraft:brain_coral",
                    "minecraft:horn_coral",
                    "minecraft:twisting_vines",
                    
                    "minecraft:grass",
                    "minecraft:sugar_cane",
                    "minecraft:tall_grass",
                    "minecraft:large_fern",
                    "minecraft:seagrass",
                    "minecraft:tube_coral",
                    "minecraft:bubble_coral",
                    "minecraft:oak_leaves",
                    "minecraft:spruce_leaves",
                    "minecraft:birch_leaves",
                    "minecraft:jungle_leaves",
                    "minecraft:acacia_leaves",
                    "minecraft:dark_oak_leaves",
                    "minecraft:mangrove_leaves",
                    "minecraft:cherry_leaves",
                    "minecraft:azalea_leaves",
                    "minecraft:flowering_azalea_leaves",

                    "minecraft:wheat",
                    "minecraft:beetroot",
                    "minecraft:carrot",
                    "minecraft:potato",
                    "minecraft:nether_wart",

                    "minecraft:oak_sapling",
                    "minecraft:spruce_sapling",
                    "minecraft:birch_sapling",
                    "minecraft:jungle_sapling",
                    "minecraft:acacia_sapling",
                    "minecraft:dark_oak_sapling",
                    "minecraft:cherry_sapling",
                    "minecraft:mangrove_propagule",
                    "minecraft:azalea",
                    "minecraft:flowering_azalea",
                    "minecraft:brown_mushroom",
                    "minecraft:red_mushroom",
                    "minecraft:crimson_fungus",
                    "minecraft:warped_fungus",
                    "minecraft:fern",
                    "minecraft:dead_bush",
                    "minecraft:dandelion",
                    "minecraft:poppy",
                    "minecraft:blue_orchid",
                    "minecraft:oxeye_daisy",
                    "minecraft:allium",
                    "minecraft:azure_bluet",
                    "minecraft:red_tulip",
                    "minecraft:orange_tulip",
                    "minecraft:white_tulip",
                    "minecraft:pink_tulip",
                    "minecraft:cornflower",
                    "minecraft:lily_of_the_valley",
                    "minecraft:torchflower",
                    "minecraft:wither_rose",
                    "minecraft:bamboo",
                    "minecraft:cactus",
                    "minecraft:crimson_roots",
                    "minecraft:warped_roots",

                    "minecraft:sweet_berries",
                    "minecraft:glow_berries",
                    "minecraft:sea_pickle",

                    "minecraft:fire_coral_fan",
                    "minecraft:brain_coral_fan",
                    "minecraft:horn_coral_fan",
                    "minecraft:tube_coral_fan",
                    "minecraft:bubble_coral_fan",
                    
                    "minecraft:spore_blossom",
                    "minecraft:weeping_vines",
                    "minecraft:pitcher_plant",
                    "minecraft:big_dripleaf",
                    "minecraft:chorus_flower"
                  ]
                }
              }
            }
          }
        ]
      }
    }
  },
  "rewards": {
    "function": "gardenersdream:spawn_check"
  }
}