{
  "display": {
    "icon": {
      "item": "minecraft:rose_bush"
    },
    "title": "Tall Flower Placed",
    "description": "Place plant",
    "show_toast": false,
    "announce_to_chat": false,
    "hidden": true
  },
  "parent": "gardenersdream:root",
  "criteria": {
    "requirement": {
      "trigger": "minecraft:placed_block",
      "conditions": {
        "player": [
          {
            "condition": "minecraft:entity_properties",
            "entity": "this",
            "predicate": {
              "flags": {
                "is_sneaking": true
              }
            }
          }
        ],
        "location": [
          {
            "condition": "minecraft:any_of",
            "terms": [
              {
                "condition": "minecraft:block_state_property",
                "block": "minecraft:rose_bush",
                "properties": {}
              },
              {
                "condition": "minecraft:block_state_property",
                "block": "minecraft:lilac",
                "properties": {}
              },
              {
                "condition": "minecraft:block_state_property",
                "block": "minecraft:peony",
                "properties": {}
              },
              {
                "condition": "minecraft:block_state_property",
                "block": "minecraft:sunflower",
                "properties": {}
              },
              {
                "condition": "minecraft:block_state_property",
                "block": "minecraft:tall_grass",
                "properties": {}
              },
              {
                "condition": "minecraft:block_state_property",
                "block": "minecraft:large_fern",
                "properties": {}
              }
            ]
          }
        ]
      }
    }
  },
  
  "rewards": {
    "function": "gardenersdream:start_ray"
  }
}