{
	"credit": "Made with Blockbench",
	"texture_size": [32, 32],
	"textures": {
		"0": "block/dead_bush_branches",
		"1": "block/dead_bush_large",
		"particle": "block/dead_bush_branches"
	},
	"elements": [
		{
			"from": [7, 0, 7],
			"to": [9, 16, 9],
			"rotation": {"angle": 0, "axis": "y", "origin": [8, 8, 8]},
			"faces": {
				"north": {"uv": [0, 0, 1, 8], "texture": "#0"},
				"east": {"uv": [0, 0, 1, 8], "texture": "#0"},
				"south": {"uv": [0, 0, 1, 8], "texture": "#0"},
				"west": {"uv": [0, 0, 1, 8], "texture": "#0"},
				"up": {"uv": [0, 0, 1, 1], "texture": "#0"},
				"down": {"uv": [0, 0, 1, 1], "texture": "#0"}
			}
		},
		{
			"from": [-8, 0, 8],
			"to": [24, 32, 8],
			"rotation": {"angle": 45, "axis": "y", "origin": [8, 16, 8]},
			"faces": {
				"north": {"uv": [0, 0, 16, 16], "texture": "#1"},
				"south": {"uv": [0, 0, 16, 16], "texture": "#1"}
			}
		},
		{
			"from": [-8, 0, 8],
			"to": [24, 32, 8],
			"rotation": {"angle": -45, "axis": "y", "origin": [8, 16, 8]},
			"faces": {
				"north": {"uv": [0, 0, 16, 16], "texture": "#1"},
				"south": {"uv": [0, 0, 16, 16], "texture": "#1"}
			}
		},
		{
			"from": [9, 14.5, 7.5],
			"to": [15, 15.5, 8.5],
			"rotation": {"angle": 0, "axis": "y", "origin": [8, 15, 8]},
			"faces": {
				"north": {"uv": [2, 0.5, 2.5, 3.5], "rotation": 90, "texture": "#0"},
				"east": {"uv": [2, 0, 2.5, 0.5], "rotation": 180, "texture": "#0"},
				"south": {"uv": [1, 0.5, 1.5, 3.5], "rotation": 270, "texture": "#0"},
				"west": {"uv": [1.5, 0, 2, 0.5], "texture": "#0"},
				"up": {"uv": [1.5, 0.5, 2, 3.5], "rotation": 270, "texture": "#0"},
				"down": {"uv": [3, 0.5, 2.5, 3.5], "rotation": 270, "texture": "#0"}
			}
		},
		{
			"from": [10.99999, 15, 7.9864],
			"to": [26.99999, 27, 7.9864],
			"rotation": {"angle": 0, "axis": "y", "origin": [8, 15, 8]},
			"faces": {
				"north": {"uv": [8, 0, 16, 6], "texture": "#0"},
				"south": {"uv": [16, 0, 8, 6], "texture": "#0"}
			}
		},
		{
			"from": [13.99559, 10.5, 5.50295],
			"to": [29.99559, 18.5, 5.50295],
			"rotation": {"angle": -22.5, "axis": "y", "origin": [8, 15, 8]},
			"faces": {
				"north": {"uv": [8, 12, 16, 16], "texture": "#0"},
				"south": {"uv": [16, 12, 8, 16], "texture": "#0"}
			}
		},
		{
			"from": [14.01482, 9, 10.47782],
			"to": [30.01482, 21, 10.47782],
			"rotation": {"angle": 22.5, "axis": "y", "origin": [8, 15, 8]},
			"faces": {
				"north": {"uv": [8, 6, 16, 12], "texture": "#0"},
				"south": {"uv": [16, 6, 8, 12], "texture": "#0"}
			}
		},
		{
			"from": [7.5, 11.5, 1],
			"to": [8.5, 12.5, 7],
			"rotation": {"angle": 0, "axis": "y", "origin": [8, 12, 8]},
			"faces": {
				"north": {"uv": [2, 0, 2.5, 0.5], "rotation": 180, "texture": "#0"},
				"east": {"uv": [1, 0.5, 1.5, 3.5], "rotation": 270, "texture": "#0"},
				"south": {"uv": [1.5, 0, 2, 0.5], "texture": "#0"},
				"west": {"uv": [2, 0.5, 2.5, 3.5], "rotation": 90, "texture": "#0"},
				"up": {"uv": [1.5, 0.5, 2, 3.5], "rotation": 180, "texture": "#0"},
				"down": {"uv": [3, 0.5, 2.5, 3.5], "texture": "#0"}
			}
		},
		{
			"from": [7.9864, 12, -10.99999],
			"to": [7.9864, 24, 5.00001],
			"rotation": {"angle": 0, "axis": "y", "origin": [8, 12, 8]},
			"faces": {
				"east": {"uv": [16, 0, 8, 6], "texture": "#0"},
				"west": {"uv": [8, 0, 16, 6], "texture": "#0"}
			}
		},
		{
			"from": [5.50295, 7.5, -13.99559],
			"to": [5.50295, 15.5, 2.00441],
			"rotation": {"angle": -22.5, "axis": "y", "origin": [8, 12, 8]},
			"faces": {
				"east": {"uv": [16, 12, 8, 16], "texture": "#0"},
				"west": {"uv": [8, 12, 16, 16], "texture": "#0"}
			}
		},
		{
			"from": [10.47782, 6, -14.01482],
			"to": [10.47782, 18, 1.98518],
			"rotation": {"angle": 22.5, "axis": "y", "origin": [8, 12, 8]},
			"faces": {
				"east": {"uv": [16, 6, 8, 12], "texture": "#0"},
				"west": {"uv": [8, 6, 16, 12], "texture": "#0"}
			}
		},
		{
			"from": [1, 9.5, 7.5],
			"to": [7, 10.5, 8.5],
			"rotation": {"angle": 0, "axis": "y", "origin": [8, 10, 8]},
			"faces": {
				"north": {"uv": [1, 0.5, 1.5, 3.5], "rotation": 270, "texture": "#0"},
				"east": {"uv": [1.5, 0, 2, 0.5], "texture": "#0"},
				"south": {"uv": [2, 0.5, 2.5, 3.5], "rotation": 90, "texture": "#0"},
				"west": {"uv": [2, 0, 2.5, 0.5], "rotation": 180, "texture": "#0"},
				"up": {"uv": [1.5, 0.5, 2, 3.5], "rotation": 90, "texture": "#0"},
				"down": {"uv": [3, 0.5, 2.5, 3.5], "rotation": 90, "texture": "#0"}
			}
		},
		{
			"from": [-10.99999, 10, 8.0136],
			"to": [5.00001, 22, 8.0136],
			"rotation": {"angle": 0, "axis": "y", "origin": [8, 10, 8]},
			"faces": {
				"north": {"uv": [16, 0, 8, 6], "texture": "#0"},
				"south": {"uv": [8, 0, 16, 6], "texture": "#0"}
			}
		},
		{
			"from": [-13.99559, 5.5, 10.49705],
			"to": [2.00441, 13.5, 10.49705],
			"rotation": {"angle": -22.5, "axis": "y", "origin": [8, 10, 8]},
			"faces": {
				"north": {"uv": [16, 12, 8, 16], "texture": "#0"},
				"south": {"uv": [8, 12, 16, 16], "texture": "#0"}
			}
		},
		{
			"from": [-14.01482, 4, 5.52218],
			"to": [1.98518, 16, 5.52218],
			"rotation": {"angle": 22.5, "axis": "y", "origin": [8, 10, 8]},
			"faces": {
				"north": {"uv": [16, 6, 8, 12], "texture": "#0"},
				"south": {"uv": [8, 6, 16, 12], "texture": "#0"}
			}
		},
		{
			"from": [7.5, 11.5, 9],
			"to": [8.5, 12.5, 15],
			"rotation": {"angle": 0, "axis": "y", "origin": [8, 12, 8]},
			"faces": {
				"north": {"uv": [1.5, 0, 2, 0.5], "texture": "#0"},
				"east": {"uv": [2, 0.5, 2.5, 3.5], "rotation": 90, "texture": "#0"},
				"south": {"uv": [2, 0, 2.5, 0.5], "rotation": 180, "texture": "#0"},
				"west": {"uv": [1, 0.5, 1.5, 3.5], "rotation": 270, "texture": "#0"},
				"up": {"uv": [1.5, 0.5, 2, 3.5], "texture": "#0"},
				"down": {"uv": [3, 0.5, 2.5, 3.5], "rotation": 180, "texture": "#0"}
			}
		},
		{
			"from": [8.0136, 12, 10.99999],
			"to": [8.0136, 24, 26.99999],
			"rotation": {"angle": 0, "axis": "y", "origin": [8, 12, 8]},
			"faces": {
				"east": {"uv": [8, 0, 16, 6], "texture": "#0"},
				"west": {"uv": [16, 0, 8, 6], "texture": "#0"}
			}
		},
		{
			"from": [10.49705, 7.5, 13.99559],
			"to": [10.49705, 15.5, 29.99559],
			"rotation": {"angle": -22.5, "axis": "y", "origin": [8, 12, 8]},
			"faces": {
				"east": {"uv": [8, 12, 16, 16], "texture": "#0"},
				"west": {"uv": [16, 12, 8, 16], "texture": "#0"}
			}
		},
		{
			"from": [5.52218, 6, 14.01482],
			"to": [5.52218, 18, 30.01482],
			"rotation": {"angle": 22.5, "axis": "y", "origin": [8, 12, 8]},
			"faces": {
				"east": {"uv": [8, 6, 16, 12], "texture": "#0"},
				"west": {"uv": [16, 6, 8, 12], "texture": "#0"}
			}
		}
	],
	"groups": [
		0,
		1,
		2,
		{
			"name": "group",
			"origin": [14, 15, 5.5],
			"color": 0,
			"children": [3, 4, 5, 6]
		},
		{
			"name": "group",
			"origin": [14, 15, 5.5],
			"color": 0,
			"children": [7, 8, 9, 10]
		},
		{
			"name": "group",
			"origin": [14, 15, 5.5],
			"color": 0,
			"children": [11, 12, 13, 14]
		},
		{
			"name": "group",
			"origin": [14, 15, 5.5],
			"color": 0,
			"children": [15, 16, 17, 18]
		}
	]
}