{
	"credit": "Made with Blockbench",
	"ambientocclusion": false,
	"texture_size": [32, 32],
	"textures": {
		"0": "block/plains_bush_branches",
		"1": "block/plains_bush_large",
		"particle": "block/plains_bush_branches"
	},
	"elements": [
		{
			"from": [7, 0, 7],
			"to": [9, 16, 9],
			"rotation": {"angle": 0, "axis": "y", "origin": [8, 8, 8]},
			"faces": {
				"north": {"uv": [0, 0, 1, 8], "texture": "#0"},
				"east": {"uv": [0, 0, 1, 8], "texture": "#0"},
				"south": {"uv": [0, 0, 1, 8], "texture": "#0"},
				"west": {"uv": [0, 0, 1, 8], "texture": "#0"},
				"up": {"uv": [0, 0, 1, 1], "texture": "#0"},
				"down": {"uv": [0, 0, 1, 1], "texture": "#0"}
			}
		},
		{
			"from": [-8, 0, 8],
			"to": [24, 32, 8],
			"shade": false,
			"rotation": {"angle": 45, "axis": "y", "origin": [8, 16, 8]},
			"faces": {
				"north": {"uv": [0, 0, 16, 16], "texture": "#1"},
				"south": {"uv": [0, 0, 16, 16], "texture": "#1"}
			}
		},
		{
			"from": [-8, 0, 8],
			"to": [24, 32, 8],
			"shade": false,
			"rotation": {"angle": -45, "axis": "y", "origin": [8, 16, 8]},
			"faces": {
				"north": {"uv": [0, 0, 16, 16], "texture": "#1"},
				"south": {"uv": [0, 0, 16, 16], "texture": "#1"}
			}
		},
		{
			"from": [9, 10, 7.5],
			"to": [15, 11, 8.5],
			"rotation": {"angle": 0, "axis": "y", "origin": [8, 10.5, 8]},
			"faces": {
				"north": {"uv": [2, 0.5, 2.5, 3.5], "rotation": 90, "texture": "#0"},
				"east": {"uv": [2, 0, 2.5, 0.5], "rotation": 180, "texture": "#0"},
				"south": {"uv": [1, 0.5, 1.5, 3.5], "rotation": 270, "texture": "#0"},
				"west": {"uv": [1.5, 0, 2, 0.5], "texture": "#0"},
				"up": {"uv": [1.5, 0.5, 2, 3.5], "rotation": 270, "texture": "#0"},
				"down": {"uv": [3, 0.5, 2.5, 3.5], "rotation": 270, "texture": "#0"}
			}
		},
		{
			"from": [10.99999, 10.5, 8],
			"to": [26.99999, 22.5, 8],
			"shade": false,
			"rotation": {"angle": 0, "axis": "y", "origin": [8, 10.5, 8]},
			"faces": {
				"north": {"uv": [8, 0, 16, 6], "texture": "#0"},
				"south": {"uv": [16, 0, 8, 6], "texture": "#0"}
			}
		},
		{
			"from": [14, 6, 5.5],
			"to": [30, 14, 5.5],
			"shade": false,
			"rotation": {"angle": -22.5, "axis": "y", "origin": [8, 10.5, 8]},
			"faces": {
				"north": {"uv": [8, 12, 16, 16], "texture": "#0"},
				"south": {"uv": [16, 12, 8, 16], "texture": "#0"}
			}
		},
		{
			"from": [14, 4.5, 10.5],
			"to": [30, 16.5, 10.5],
			"shade": false,
			"rotation": {"angle": 22.5, "axis": "y", "origin": [8, 10.5, 8]},
			"faces": {
				"north": {"uv": [8, 6, 16, 12], "texture": "#0"},
				"south": {"uv": [16, 6, 8, 12], "texture": "#0"}
			}
		},
		{
			"from": [7.5, 10, 9],
			"to": [8.5, 11, 15],
			"rotation": {"angle": 0, "axis": "y", "origin": [8, 10.5, 8]},
			"faces": {
				"north": {"uv": [1.5, 0, 2, 0.5], "texture": "#0"},
				"east": {"uv": [2, 0.5, 2.5, 3.5], "rotation": 90, "texture": "#0"},
				"south": {"uv": [2, 0, 2.5, 0.5], "rotation": 180, "texture": "#0"},
				"west": {"uv": [1, 0.5, 1.5, 3.5], "rotation": 270, "texture": "#0"},
				"up": {"uv": [1.5, 0.5, 2, 3.5], "texture": "#0"},
				"down": {"uv": [3, 0.5, 2.5, 3.5], "rotation": 180, "texture": "#0"}
			}
		},
		{
			"from": [8, 10.5, 10.99999],
			"to": [8, 22.5, 26.99999],
			"shade": false,
			"rotation": {"angle": 0, "axis": "y", "origin": [8, 10.5, 8]},
			"faces": {
				"east": {"uv": [8, 0, 16, 6], "texture": "#0"},
				"west": {"uv": [16, 0, 8, 6], "texture": "#0"}
			}
		},
		{
			"from": [10.5, 6, 14],
			"to": [10.5, 14, 30],
			"shade": false,
			"rotation": {"angle": -22.5, "axis": "y", "origin": [8, 10.5, 8]},
			"faces": {
				"east": {"uv": [8, 12, 16, 16], "texture": "#0"},
				"west": {"uv": [16, 12, 8, 16], "texture": "#0"}
			}
		},
		{
			"from": [5.5, 4.5, 14],
			"to": [5.5, 16.5, 30],
			"shade": false,
			"rotation": {"angle": 22.5, "axis": "y", "origin": [8, 10.5, 8]},
			"faces": {
				"east": {"uv": [8, 6, 16, 12], "texture": "#0"},
				"west": {"uv": [16, 6, 8, 12], "texture": "#0"}
			}
		},
		{
			"from": [1, 11.5, 7.5],
			"to": [7, 12.5, 8.5],
			"rotation": {"angle": 0, "axis": "y", "origin": [8, 12, 8]},
			"faces": {
				"north": {"uv": [1, 0.5, 1.5, 3.5], "rotation": 270, "texture": "#0"},
				"east": {"uv": [1.5, 0, 2, 0.5], "texture": "#0"},
				"south": {"uv": [2, 0.5, 2.5, 3.5], "rotation": 90, "texture": "#0"},
				"west": {"uv": [2, 0, 2.5, 0.5], "rotation": 180, "texture": "#0"},
				"up": {"uv": [1.5, 0.5, 2, 3.5], "rotation": 90, "texture": "#0"},
				"down": {"uv": [3, 0.5, 2.5, 3.5], "rotation": 90, "texture": "#0"}
			}
		},
		{
			"from": [-10.99999, 12, 8],
			"to": [5.00001, 24, 8],
			"shade": false,
			"rotation": {"angle": 0, "axis": "y", "origin": [8, 12, 8]},
			"faces": {
				"north": {"uv": [16, 0, 8, 6], "texture": "#0"},
				"south": {"uv": [8, 0, 16, 6], "texture": "#0"}
			}
		},
		{
			"from": [-14, 7.5, 10.5],
			"to": [2, 15.5, 10.5],
			"shade": false,
			"rotation": {"angle": -22.5, "axis": "y", "origin": [8, 12, 8]},
			"faces": {
				"north": {"uv": [16, 12, 8, 16], "texture": "#0"},
				"south": {"uv": [8, 12, 16, 16], "texture": "#0"}
			}
		},
		{
			"from": [-14, 6, 5.5],
			"to": [2, 18, 5.5],
			"shade": false,
			"rotation": {"angle": 22.5, "axis": "y", "origin": [8, 12, 8]},
			"faces": {
				"north": {"uv": [16, 6, 8, 12], "texture": "#0"},
				"south": {"uv": [8, 6, 16, 12], "texture": "#0"}
			}
		},
		{
			"from": [7.5, 11.5, 1],
			"to": [8.5, 12.5, 7],
			"rotation": {"angle": 0, "axis": "y", "origin": [8, 12, 8]},
			"faces": {
				"north": {"uv": [2, 0, 2.5, 0.5], "rotation": 180, "texture": "#0"},
				"east": {"uv": [1, 0.5, 1.5, 3.5], "rotation": 270, "texture": "#0"},
				"south": {"uv": [1.5, 0, 2, 0.5], "texture": "#0"},
				"west": {"uv": [2, 0.5, 2.5, 3.5], "rotation": 90, "texture": "#0"},
				"up": {"uv": [1.5, 0.5, 2, 3.5], "rotation": 180, "texture": "#0"},
				"down": {"uv": [3, 0.5, 2.5, 3.5], "texture": "#0"}
			}
		},
		{
			"from": [8, 12, -10.99999],
			"to": [8, 24, 5.00001],
			"shade": false,
			"rotation": {"angle": 0, "axis": "y", "origin": [8, 12, 8]},
			"faces": {
				"east": {"uv": [16, 0, 8, 6], "texture": "#0"},
				"west": {"uv": [8, 0, 16, 6], "texture": "#0"}
			}
		},
		{
			"from": [5.5, 7.5, -14],
			"to": [5.5, 15.5, 2],
			"shade": false,
			"rotation": {"angle": -22.5, "axis": "y", "origin": [8, 12, 8]},
			"faces": {
				"east": {"uv": [16, 12, 8, 16], "texture": "#0"},
				"west": {"uv": [8, 12, 16, 16], "texture": "#0"}
			}
		},
		{
			"from": [10.5, 6, -14],
			"to": [10.5, 18, 2],
			"shade": false,
			"rotation": {"angle": 22.5, "axis": "y", "origin": [8, 12, 8]},
			"faces": {
				"east": {"uv": [16, 6, 8, 12], "texture": "#0"},
				"west": {"uv": [8, 6, 16, 12], "texture": "#0"}
			}
		}
	],
	"groups": [
		0,
		1,
		2,
		{
			"name": "group",
			"origin": [14, 15, 5.5],
			"color": 0,
			"children": [3, 4, 5, 6]
		},
		{
			"name": "group",
			"origin": [14, 15, 5.5],
			"color": 0,
			"children": [7, 8, 9, 10]
		},
		{
			"name": "group",
			"origin": [14, 15, 5.5],
			"color": 0,
			"children": [11, 12, 13, 14]
		},
		{
			"name": "group",
			"origin": [14, 15, 5.5],
			"color": 0,
			"children": [15, 16, 17, 18]
		}
	]
}