{
	"credit": "Made with Blockbench",
	"texture_size": [32, 32],
	"textures": {
		"0": "block/scarecrow_body",
		"particle": "block/scarecrow_body"
	},
	"elements": [
		{
			"from": [7, 0, 7],
			"to": [9, 24, 9],
			"rotation": {"angle": 0, "axis": "y", "origin": [8, 11, 8]},
			"faces": {
				"north": {"uv": [1, 4, 2, 16], "texture": "#0"},
				"east": {"uv": [0, 4, 1, 16], "texture": "#0"},
				"south": {"uv": [3, 4, 4, 16], "texture": "#0"},
				"west": {"uv": [2, 4, 3, 16], "texture": "#0"},
				"down": {"uv": [2, 1, 3, 2], "texture": "#0"}
			}
		}
	]
}