{
	"credit": "Made with Blockbench",
	"texture_size": [32, 32],
	"ambientocclusion": false,
	"textures": {
		"0": "block/scarecrow_body",
		"1": "block/scarecrow_limbs",
		"2": "block/scarecrow_head",
		"particle": "block/scarecrow_body"
	},
	"elements": [
		{
			"from": [3.75, 26.75, 3.75],
			"to": [12.25, 31.25, 12.25],
			"rotation": {"angle": 0, "axis": "y", "origin": [8, 29, 8]},
			"faces": {
				"north": {"uv": [4, 6, 8, 8], "texture": "#0"},
				"east": {"uv": [4, 6, 8, 8], "texture": "#0"},
				"south": {"uv": [4, 6, 8, 8], "texture": "#0"},
				"west": {"uv": [4, 6, 8, 8], "texture": "#0"},
				"up": {"uv": [4, 2, 8, 6], "texture": "#0"}
			}
		},
		{
			"from": [0, 26.75, 0],
			"to": [16, 26.75, 16],
			"rotation": {"angle": 0, "axis": "y", "origin": [8, 27, 8]},
			"faces": {
				"up": {"uv": [8, 0, 16, 8], "texture": "#0"},
				"down": {"uv": [8, 0, 16, 8], "texture": "#0"}
			}
		},
		{
			"from": [4, 20, 4],
			"to": [12, 28, 12],
			"rotation": {"angle": 0, "axis": "y", "origin": [8, 24, 8]},
			"faces": {
				"north": {"uv": [0, 8, 8, 16], "texture": "#2"},
				"east": {"uv": [8, 8, 16, 16], "texture": "#2"},
				"south": {"uv": [8, 8, 16, 16], "texture": "#2"},
				"west": {"uv": [8, 8, 16, 16], "texture": "#2"},
				"up": {"uv": [0, 0, 8, 8], "texture": "#2"},
				"down": {"uv": [8, 0, 16, 8], "texture": "#2"}
			}
		},
		{
			"from": [4, 8, 6],
			"to": [12, 20, 10],
			"rotation": {"angle": 0, "axis": "y", "origin": [8, 14, 8]},
			"faces": {
				"north": {"uv": [6, 10, 10, 16], "texture": "#0"},
				"east": {"uv": [4, 10, 6, 16], "texture": "#0"},
				"south": {"uv": [12, 10, 16, 16], "texture": "#0"},
				"west": {"uv": [10, 10, 12, 16], "texture": "#0"},
				"up": {"uv": [6, 10, 10, 8], "texture": "#0"},
				"down": {"uv": [10, 8, 14, 10], "texture": "#0"}
			}
		},
		{
			"from": [12, 16, 6],
			"to": [20, 20, 10],
			"rotation": {"angle": 0, "axis": "z", "origin": [12, 18, 8]},
			"faces": {
				"north": {"uv": [0, 8, 4, 16], "rotation": 90, "texture": "#1"},
				"south": {"uv": [0, 8, 4, 16], "rotation": 270, "texture": "#1"},
				"west": {"uv": [0, 4, 4, 8], "rotation": 270, "texture": "#1"},
				"up": {"uv": [0, 8, 4, 16], "rotation": 270, "texture": "#1"},
				"down": {"uv": [0, 8, 4, 16], "rotation": 270, "texture": "#1"}
			}
		},
		{
			"from": [19, 16, 6],
			"to": [19, 20, 10],
			"rotation": {"angle": 0, "axis": "y", "origin": [12, 18, 8]},
			"faces": {
				"east": {"uv": [0, 0, 4, 4], "texture": "#1"}
			}
		},
		{
			"from": [18, 14, 8],
			"to": [26, 22, 8],
			"shade": false,
			"rotation": {"angle": 45, "axis": "x", "origin": [12, 18, 8], "rescale": true},
			"faces": {
				"north": {"uv": [8, 8, 16, 16], "rotation": 270, "texture": "#1"},
				"south": {"uv": [16, 8, 8, 16], "rotation": 90, "texture": "#1"}
			}
		},
		{
			"from": [18, 14, 8],
			"to": [26, 22, 8],
			"shade": false,
			"rotation": {"angle": -45, "axis": "x", "origin": [12, 18, 8], "rescale": true},
			"faces": {
				"north": {"uv": [8, 8, 16, 16], "rotation": 270, "texture": "#1"},
				"south": {"uv": [16, 8, 8, 16], "rotation": 90, "texture": "#1"}
			}
		},
		{
			"from": [-4, 16, 6],
			"to": [4, 20, 10],
			"rotation": {"angle": 0, "axis": "z", "origin": [4, 18, 8]},
			"faces": {
				"north": {"uv": [0, 16, 4, 8], "rotation": 90, "texture": "#1"},
				"east": {"uv": [0, 8, 4, 4], "rotation": 270, "texture": "#1"},
				"south": {"uv": [0, 16, 4, 8], "rotation": 270, "texture": "#1"},
				"up": {"uv": [0, 16, 4, 8], "rotation": 270, "texture": "#1"},
				"down": {"uv": [0, 16, 4, 8], "rotation": 270, "texture": "#1"}
			}
		},
		{
			"from": [-3, 16, 6],
			"to": [-3, 20, 10],
			"rotation": {"angle": 0, "axis": "y", "origin": [4, 18, 8]},
			"faces": {
				"west": {"uv": [4, 0, 0, 4], "texture": "#1"}
			}
		},
		{
			"from": [-10, 14, 8],
			"to": [-2, 22, 8],
			"shade": false,
			"rotation": {"angle": 45, "axis": "x", "origin": [4, 18, 8], "rescale": true},
			"faces": {
				"north": {"uv": [8, 16, 16, 8], "rotation": 270, "texture": "#1"},
				"south": {"uv": [16, 16, 8, 8], "rotation": 90, "texture": "#1"}
			}
		},
		{
			"from": [-10, 14, 8],
			"to": [-2, 22, 8],
			"shade": false,
			"rotation": {"angle": -45, "axis": "x", "origin": [4, 18, 8], "rescale": true},
			"faces": {
				"north": {"uv": [8, 16, 16, 8], "rotation": 270, "texture": "#1"},
				"south": {"uv": [16, 16, 8, 8], "rotation": 90, "texture": "#1"}
			}
		},
		{
			"from": [7.75, 0.75, 5.75],
			"to": [12.25, 9.25, 10.25],
			"rotation": {"angle": 22.5, "axis": "z", "origin": [10, 9, 8]},
			"faces": {
				"north": {"uv": [4, 8, 8, 16], "texture": "#1"},
				"east": {"uv": [4, 8, 8, 16], "texture": "#1"},
				"south": {"uv": [4, 8, 8, 16], "texture": "#1"},
				"west": {"uv": [4, 8, 8, 16], "texture": "#1"},
				"up": {"uv": [4, 4, 8, 8], "texture": "#1"}
			}
		},
		{
			"from": [7.75, 2, 5.75],
			"to": [12.25, 2.5, 10.25],
			"rotation": {"angle": 22.5, "axis": "z", "origin": [10, 9, 8]},
			"faces": {
				"down": {"uv": [0, 0, 4, 4], "texture": "#1"}
			}
		},
		{
			"from": [3.75, 0.75, 5.75],
			"to": [8.25, 9.25, 10.25],
			"rotation": {"angle": -22.5, "axis": "z", "origin": [6, 9, 8]},
			"faces": {
				"north": {"uv": [8, 8, 4, 16], "texture": "#1"},
				"east": {"uv": [8, 8, 4, 16], "texture": "#1"},
				"south": {"uv": [8, 8, 4, 16], "texture": "#1"},
				"west": {"uv": [8, 8, 4, 16], "texture": "#1"},
				"up": {"uv": [8, 4, 4, 8], "texture": "#1"}
			}
		},
		{
			"from": [3.75, 2, 5.75],
			"to": [8.25, 2.5, 10.25],
			"rotation": {"angle": -22.5, "axis": "z", "origin": [6, 9, 8]},
			"faces": {
				"down": {"uv": [4, 0, 0, 4], "texture": "#1"}
			}
		}
	],
	"groups": [
		0,
		1,
		2,
		3,
		{
			"name": "arm",
			"origin": [12, 11, 8],
			"color": 0,
			"children": [4, 5, 6, 7]
		},
		{
			"name": "arm",
			"origin": [12, 11, 8],
			"color": 0,
			"children": [8, 9, 10, 11]
		},
		{
			"name": "leg",
			"origin": [8, 8, 8],
			"color": 0,
			"children": [12, 13]
		},
		{
			"name": "leg",
			"origin": [8, 8, 8],
			"color": 0,
			"children": [14, 15]
		}
	]
}