{
	"credit": "Made with Blockbench",
	"ambientocclusion": false,
	"texture_size": [32, 32],
	"textures": {
		"0": "block/dead_bush",
		"1": "block/dead_bush_branches",
		"particle": "block/dead_bush"
	},
	"elements": [
		{
			"from": [7, 0, 7],
			"to": [9, 4, 9],
			"rotation": {"angle": 0, "axis": "y", "origin": [8, 18, 8]},
			"faces": {
				"north": {"uv": [0, 6, 1, 8], "texture": "#1"},
				"east": {"uv": [0, 6, 1, 8], "texture": "#1"},
				"south": {"uv": [0, 6, 1, 8], "texture": "#1"},
				"west": {"uv": [0, 6, 1, 8], "texture": "#1"},
				"up": {"uv": [0, 0, 1, 1], "texture": "#1"}
			}
		},
		{
			"from": [7.75, 2.25, 7.25],
			"to": [13.25, 3.75, 8.75],
			"rotation": {"angle": 0, "axis": "y", "origin": [8, 3, 8]},
			"faces": {
				"north": {"uv": [0, 5.5, 1, 8], "rotation": 270, "texture": "#1"},
				"east": {"uv": [0, 5.5, 1, 8], "rotation": 90, "texture": "#1"},
				"south": {"uv": [0, 5.5, 1, 8], "rotation": 90, "texture": "#1"},
				"up": {"uv": [0, 5.5, 1, 8], "rotation": 90, "texture": "#1"},
				"down": {"uv": [0, 5.5, 1, 8], "rotation": 90, "texture": "#1"}
			}
		},
		{
			"from": [11.75, 3.75, 7.25],
			"to": [13.25, 11.25, 8.75],
			"rotation": {"angle": 0, "axis": "y", "origin": [8, 3, 8]},
			"faces": {
				"north": {"uv": [0, 4.5, 1, 8], "texture": "#1"},
				"east": {"uv": [0, 4.5, 1, 8], "texture": "#1"},
				"south": {"uv": [0, 4.5, 1, 8], "texture": "#1"},
				"west": {"uv": [0, 4.5, 1, 8], "texture": "#1"},
				"up": {"uv": [0, 0, 1, 1], "texture": "#1"}
			}
		},
		{
			"from": [4.5, 10, 8],
			"to": [20.5, 26, 8],
			"shade": false,
			"rotation": {"angle": 45, "axis": "y", "origin": [12.5, 10, 8], "rescale": true},
			"faces": {
				"north": {"uv": [0, 0, 16, 16], "texture": "#0"},
				"south": {"uv": [0, 0, 16, 16], "texture": "#0"}
			}
		},
		{
			"from": [4.5, 10, 8],
			"to": [20.5, 26, 8],
			"shade": false,
			"rotation": {"angle": -45, "axis": "y", "origin": [12.5, 10, 8], "rescale": true},
			"faces": {
				"north": {"uv": [0, 0, 16, 16], "texture": "#0"},
				"south": {"uv": [0, 0, 16, 16], "texture": "#0"}
			}
		},
		{
			"from": [2.75, 2.25, 7.25],
			"to": [8.25, 3.75, 8.75],
			"rotation": {"angle": 45, "axis": "y", "origin": [8, 3, 8]},
			"faces": {
				"north": {"uv": [0, 5.5, 1, 8], "rotation": 90, "texture": "#1"},
				"south": {"uv": [0, 5.5, 1, 8], "rotation": 270, "texture": "#1"},
				"west": {"uv": [0, 5.5, 1, 8], "rotation": 90, "texture": "#1"},
				"up": {"uv": [0, 5.5, 1, 8], "rotation": 270, "texture": "#1"},
				"down": {"uv": [0, 5.5, 1, 8], "rotation": 270, "texture": "#1"}
			}
		},
		{
			"from": [-3, 3, 11],
			"to": [13, 19, 11],
			"shade": false,
			"rotation": {"angle": 45, "axis": "y", "origin": [5, 3, 11], "rescale": true},
			"faces": {
				"north": {"uv": [0, 0, 16, 16], "texture": "#0"},
				"south": {"uv": [0, 0, 16, 16], "texture": "#0"}
			}
		},
		{
			"from": [-3, 3, 11],
			"to": [13, 19, 11],
			"shade": false,
			"rotation": {"angle": -45, "axis": "y", "origin": [5, 3, 11], "rescale": true},
			"faces": {
				"north": {"uv": [0, 0, 16, 16], "texture": "#0"},
				"south": {"uv": [0, 0, 16, 16], "texture": "#0"}
			}
		},
		{
			"from": [13, 0, 8],
			"to": [29, 12, 8],
			"shade": false,
			"rotation": {"angle": 22.5, "axis": "y", "origin": [12.5, 5, 8]},
			"faces": {
				"north": {"uv": [8, 6, 16, 12], "texture": "#1"},
				"south": {"uv": [16, 6, 8, 12], "texture": "#1"}
			}
		},
		{
			"from": [8, 1.5, -8.5],
			"to": [8, 13.5, 7.5],
			"shade": false,
			"rotation": {"angle": 45, "axis": "y", "origin": [8, 2, 8]},
			"faces": {
				"east": {"uv": [16, 0, 8, 6], "texture": "#1"},
				"west": {"uv": [8, 0, 16, 6], "texture": "#1"}
			}
		}
	],
	"groups": [
		0,
		{
			"name": "group",
			"origin": [12.5, 4, 8],
			"color": 0,
			"children": [1, 2, 3, 4]
		},
		{
			"name": "group",
			"origin": [12.5, 4, 8],
			"color": 0,
			"children": [5, 6, 7]
		},
		{
			"name": "group",
			"origin": [8, 8, 8],
			"color": 0,
			"children": [8]
		},
		{
			"name": "group",
			"origin": [8, 8, 8],
			"color": 0,
			"children": [9]
		}
	]
}