{
	"credit": "Made with Blockbench",
	"ambientocclusion": false,
	"texture_size": [32, 32],
	"textures": {
		"0": "block/plains_bush_branches",
		"3": "block/plains_bush",
		"particle": "block/plains_bush_branches"
	},
	"elements": [
		{
			"from": [7, 0, 7],
			"to": [9, 16, 9],
			"rotation": {"angle": 0, "axis": "y", "origin": [8, 8, 8]},
			"faces": {
				"north": {"uv": [0, 0, 1, 8], "texture": "#0"},
				"east": {"uv": [0, 0, 1, 8], "texture": "#0"},
				"south": {"uv": [0, 0, 1, 8], "texture": "#0"},
				"west": {"uv": [0, 0, 1, 8], "texture": "#0"}
			}
		},
		{
			"from": [8, 5.5, 9],
			"to": [8, 17.5, 25],
			"shade": false,
			"rotation": {"angle": -22.5, "axis": "y", "origin": [8, 11, 8]},
			"faces": {
				"east": {"uv": [8, 6, 16, 12], "texture": "#0"},
				"west": {"uv": [16, 6, 8, 12], "texture": "#0"}
			}
		},
		{
			"from": [9, 8, 8],
			"to": [25, 20, 8],
			"shade": false,
			"rotation": {"angle": -45, "axis": "y", "origin": [8, 11, 8]},
			"faces": {
				"north": {"uv": [8, 0, 16, 6], "texture": "#0"},
				"south": {"uv": [16, 0, 8, 6], "texture": "#0"}
			}
		},
		{
			"from": [7.25, 4.25, 2.75],
			"to": [8.75, 5.75, 8.25],
			"rotation": {"angle": 0, "axis": "y", "origin": [8, 5, 8]},
			"faces": {
				"north": {"uv": [0, 5.5, 1, 8], "rotation": 90, "texture": "#0"},
				"east": {"uv": [0, 5.5, 1, 8], "rotation": 90, "texture": "#0"},
				"west": {"uv": [0, 5.5, 1, 8], "rotation": 270, "texture": "#0"},
				"up": {"uv": [0, 5.5, 1, 8], "texture": "#0"},
				"down": {"uv": [0, 5.5, 1, 8], "rotation": 180, "texture": "#0"}
			}
		},
		{
			"from": [7.25, 5.75, 2.75],
			"to": [8.75, 10.25, 4.25],
			"rotation": {"angle": 0, "axis": "y", "origin": [8, 5, 8]},
			"faces": {
				"north": {"uv": [0, 4.5, 1, 8], "texture": "#0"},
				"east": {"uv": [0, 4.5, 1, 8], "texture": "#0"},
				"south": {"uv": [0, 4.5, 1, 8], "texture": "#0"},
				"west": {"uv": [0, 4.5, 1, 8], "texture": "#0"},
				"up": {"uv": [0, 0, 1, 1], "rotation": 270, "texture": "#0"}
			}
		},
		{
			"from": [0, 9, 3.5],
			"to": [16, 25, 3.5],
			"shade": false,
			"rotation": {"angle": -45, "axis": "y", "origin": [8, 17, 3.5], "rescale": true},
			"faces": {
				"north": {"uv": [0, 0, 16, 16], "texture": "#3"},
				"south": {"uv": [0, 0, 16, 16], "texture": "#3"}
			}
		},
		{
			"from": [8, 9, -4.5],
			"to": [8, 25, 11.5],
			"shade": false,
			"rotation": {"angle": -45, "axis": "y", "origin": [8, 17, 3.5], "rescale": true},
			"faces": {
				"east": {"uv": [0, 0, 16, 16], "texture": "#3"},
				"west": {"uv": [0, 0, 16, 16], "texture": "#3"}
			}
		}
	],
	"groups": [
		0,
		{
			"name": "group",
			"origin": [8, 11, 8],
			"color": 0,
			"children": [1]
		},
		{
			"name": "group",
			"origin": [8, 11, 8],
			"color": 0,
			"children": [2]
		},
		{
			"name": "group",
			"origin": [8, 3, 8],
			"color": 0,
			"children": [3, 4, 5, 6]
		}
	]
}