{
	"credit": "Made with Blockbench",
	"texture_size": [32, 32],
	"textures": {
		"0": "item/bowl",
		"1": "item/apple1",
		"particle": "item/bowl"
	},
	"elements": [
		{
			"from": [3, 0, 3],
			"to": [13, 4, 13],
			"faces": {
				"north": {"uv": [0, 0, 5, 2], "texture": "#0"},
				"east": {"uv": [5, 0, 0, 2], "texture": "#0"},
				"south": {"uv": [0, 0, 5, 2], "texture": "#0"},
				"west": {"uv": [5, 0, 0, 2], "texture": "#0"},
				"up": {"uv": [5, 7, 0, 2], "texture": "#0"},
				"down": {"uv": [5, 7, 0, 12], "texture": "#0"}
			}
		},
		{
			"from": [12, 4, 12],
			"to": [4, 1, 4],
			"faces": {
				"north": {"uv": [0.5, 0.5, 4.5, 2], "texture": "#0"},
				"east": {"uv": [0.5, 0.5, 4.5, 2], "texture": "#0"},
				"south": {"uv": [0.5, 0.5, 4.5, 2], "texture": "#0"},
				"west": {"uv": [0.5, 0.5, 4.5, 2], "texture": "#0"},
				"up": {"uv": [1, 8, 4.5, 11.5], "texture": "#0"},
				"down": {"uv": [3, 4.5, 3, 4.5], "texture": "#0"}
			}
		},
		{
			"from": [11.25, 6, -1.25],
			"to": [14.25, 9, -1.25],
			"rotation": {"angle": -45, "axis": "y", "origin": [1.25, 0, -1.25]},
			"faces": {
				"north": {"uv": [3, 13, 0, 16], "texture": "#1"},
				"east": {"uv": [0, 0, 0, 1.5], "texture": "#1"},
				"south": {"uv": [0, 13, 3, 16], "texture": "#1"},
				"west": {"uv": [0, 0, 0, 1.5], "texture": "#1"},
				"up": {"uv": [0, 0, 1.5, 0], "texture": "#1"},
				"down": {"uv": [0, 0, 1.52381, 0], "texture": "#1"}
			}
		},
		{
			"from": [6.25, 0, 3.75],
			"to": [12.25, 6, 9.75],
			"rotation": {"angle": 0, "axis": "y", "origin": [1.25, 0, -1.25]},
			"faces": {
				"north": {"uv": [0, 12, 6, 6], "texture": "#1"},
				"east": {"uv": [6.04762, 6, 0.04762, 12], "texture": "#1"},
				"south": {"uv": [0, 12, 6, 6], "texture": "#1"},
				"west": {"uv": [6, 6, 0, 12], "texture": "#1"},
				"up": {"uv": [0, 0, 6.04762, 6], "texture": "#1"},
				"down": {"uv": [0, 6, 6, 0], "texture": "#1"}
			}
		},
		{
			"from": [2.75, 10.75, 6.25],
			"to": [4.75, 12.75, 6.25],
			"rotation": {"angle": -22.5, "axis": "z", "origin": [-2.75, 0, 2.75]},
			"faces": {
				"north": {"uv": [0, 13, 3, 16], "texture": "#1"},
				"east": {"uv": [0, 0, 0, 1.5], "texture": "#1"},
				"south": {"uv": [3, 13, 0, 16], "texture": "#1"},
				"west": {"uv": [0, 0, 0, 1.5], "texture": "#1"},
				"up": {"uv": [0, 0, 1.5, 0], "texture": "#1"},
				"down": {"uv": [0, 0, 1.52381, 0], "texture": "#1"}
			}
		},
		{
			"from": [0.75, 5.5, 3.25],
			"to": [5.75, 10.5, 8.25],
			"rotation": {"angle": -22.5, "axis": "z", "origin": [-2.75, 0, 2.75]},
			"faces": {
				"north": {"uv": [0, 12, 6, 6], "texture": "#1"},
				"east": {"uv": [6.04762, 6, 0.04762, 12], "texture": "#1"},
				"south": {"uv": [0, 12, 6, 6], "texture": "#1"},
				"west": {"uv": [6, 6, 0, 12], "texture": "#1"},
				"up": {"uv": [0, 0, 6.04762, 6], "texture": "#1"},
				"down": {"uv": [0, 6, 6, 0], "texture": "#1"}
			}
		},
		{
			"from": [9.75, 3, 13.25],
			"to": [11.75, 5, 13.25],
			"rotation": {"angle": -22.5, "axis": "x", "origin": [1.25, 0, 4.75]},
			"faces": {
				"north": {"uv": [0, 13, 3, 16], "texture": "#1"},
				"east": {"uv": [0, 0, 0, 1.5], "texture": "#1"},
				"south": {"uv": [3, 13, 0, 16], "texture": "#1"},
				"west": {"uv": [0, 0, 0, 1.5], "texture": "#1"},
				"up": {"uv": [0, 0, 1.5, 0], "texture": "#1"},
				"down": {"uv": [0, 0, 1.52381, 0], "texture": "#1"}
			}
		},
		{
			"from": [8.25, -1, 10.75],
			"to": [12.25, 3, 14.75],
			"rotation": {"angle": -22.5, "axis": "x", "origin": [1.25, 0, 4.75]},
			"faces": {
				"north": {"uv": [0, 12, 6, 6], "texture": "#1"},
				"east": {"uv": [6.04762, 6, 0.04762, 12], "texture": "#1"},
				"south": {"uv": [0, 12, 6, 6], "texture": "#1"},
				"west": {"uv": [6, 6, 0, 12], "texture": "#1"},
				"up": {"uv": [0, 0, 6.04762, 6], "texture": "#1"},
				"down": {"uv": [0, 6, 6, 0], "texture": "#1"}
			}
		},
		{
			"from": [3.75, 0.75, 8],
			"to": [8.25, 5.25, 12.5],
			"rotation": {"angle": 0, "axis": "y", "origin": [-2, 0, 2.25]},
			"faces": {
				"north": {"uv": [0, 12, 6, 6], "texture": "#1"},
				"east": {"uv": [6.04762, 6, 0.04762, 12], "texture": "#1"},
				"south": {"uv": [0, 12, 6, 6], "texture": "#1"},
				"west": {"uv": [6, 6, 0, 12], "texture": "#1"},
				"up": {"uv": [0, 0, 6.04762, 6], "texture": "#1"},
				"down": {"uv": [0, 6, 6, 0], "texture": "#1"}
			}
		}
	],
	"display": {
		"thirdperson_righthand": {
			"translation": [-5.25, 4, 0],
			"scale": [0.8, 0.8, 0.8]
		},
		"thirdperson_lefthand": {
			"translation": [-5.25, 5, -0.5],
			"scale": [0.8, 0.8, 0.8]
		},
		"firstperson_righthand": {
			"translation": [2.75, 5, 0]
		},
		"firstperson_lefthand": {
			"translation": [8.75, 3.5, 0]
		},
		"ground": {
			"translation": [0, 4, 0]
		},
		"gui": {
			"rotation": [10, -50, -10],
			"translation": [0.75, 3.5, 0]
		},
		"head": {
			"translation": [0, 14.25, 0]
		},
		"fixed": {
			"rotation": [-90, 0, 0],
			"translation": [0, 0, -16.5],
			"scale": [2, 2, 2]
		}
	},
	"groups": [
		0,
		1,
		{
			"name": "group",
			"origin": [8, 8, 8],
			"color": 0,
			"nbt": "{}",
			"children": [2, 3]
		},
		{
			"name": "group",
			"origin": [8, 8, 8],
			"color": 0,
			"nbt": "{}",
			"children": [4, 5]
		},
		{
			"name": "group",
			"origin": [8, 8, 8],
			"color": 0,
			"nbt": "{}",
			"children": [6, 7]
		},
		{
			"name": "group",
			"origin": [8, 8, 8],
			"color": 0,
			"nbt": "{}",
			"children": [8]
		}
	]
}