{
	"credit": "Made with Blockbench",
	"texture_size": [32, 32],
	"textures": {
		"0": "item/bowl",
		"1": "item/dish",
		"particle": "item/bowl"
	},
	"elements": [
		{
			"from": [3, 0, 3],
			"to": [13, 4, 13],
			"faces": {
				"north": {"uv": [0, 0, 5, 2], "texture": "#0"},
				"east": {"uv": [5, 0, 0, 2], "texture": "#0"},
				"south": {"uv": [0, 0, 5, 2], "texture": "#0"},
				"west": {"uv": [5, 0, 0, 2], "texture": "#0"},
				"up": {"uv": [5, 7, 0, 2], "texture": "#0"},
				"down": {"uv": [5, 7, 0, 12], "texture": "#0"}
			}
		},
		{
			"from": [12, 4, 12],
			"to": [4, 1, 4],
			"faces": {
				"north": {"uv": [0.5, 0.5, 4.5, 2], "texture": "#0"},
				"east": {"uv": [0.5, 0.5, 4.5, 2], "texture": "#0"},
				"south": {"uv": [0.5, 0.5, 4.5, 2], "texture": "#0"},
				"west": {"uv": [0.5, 0.5, 4.5, 2], "texture": "#0"},
				"up": {"uv": [1, 8, 4.5, 11.5], "texture": "#0"},
				"down": {"uv": [3, 4.5, 3, 4.5], "texture": "#0"}
			}
		},
		{
			"from": [4, 3, 4],
			"to": [12, 3, 12],
			"faces": {
				"north": {"uv": [0, 0, 4, 0], "texture": "#1"},
				"east": {"uv": [0, 0, 4, 0], "texture": "#1"},
				"south": {"uv": [0, 0, 4, 0], "texture": "#1"},
				"west": {"uv": [0, 0, 4, 0], "texture": "#1"},
				"up": {"uv": [8.5, 8, 12.5, 12], "texture": "#1"},
				"down": {"uv": [8.5, 8, 12.5, 12], "texture": "#1"}
			}
		},
		{
			"from": [9.25, 2.25, 6.25],
			"to": [10.75, 3.75, 7.75],
			"faces": {
				"north": {"uv": [13.5, 13.5, 14.5, 14.5], "texture": "#0"},
				"east": {"uv": [13.5, 13.5, 14.5, 14.5], "texture": "#0"},
				"south": {"uv": [13.5, 13.5, 14.5, 14.5], "texture": "#0"},
				"west": {"uv": [14, 13.5, 15, 14.5], "texture": "#0"},
				"up": {"uv": [15, 13.5, 16, 14.5], "texture": "#0"},
				"down": {"uv": [15, 12.5, 16, 13.5], "texture": "#0"}
			}
		},
		{
			"from": [5.25, 2.25, 9.25],
			"to": [6.75, 3.75, 10.75],
			"faces": {
				"north": {"uv": [13.5, 13.5, 14.5, 14.5], "texture": "#0"},
				"east": {"uv": [13.5, 13.5, 14.5, 14.5], "texture": "#0"},
				"south": {"uv": [13.5, 13.5, 14.5, 14.5], "texture": "#0"},
				"west": {"uv": [14, 13.5, 15, 14.5], "texture": "#0"},
				"up": {"uv": [15, 13.5, 16, 14.5], "texture": "#0"},
				"down": {"uv": [15, 12.5, 16, 13.5], "texture": "#0"}
			}
		},
		{
			"from": [7.25, 2.5, -0.75],
			"to": [8.75, 4, 1.75],
			"rotation": {"angle": -45, "axis": "y", "origin": [0, 0, 0]},
			"faces": {
				"north": {"uv": [13, 12, 14, 13], "rotation": 180, "texture": "#0"},
				"east": {"uv": [13, 12, 14, 13.5], "rotation": 270, "texture": "#0"},
				"south": {"uv": [13, 12, 14, 13], "texture": "#0"},
				"west": {"uv": [13, 12, 14, 13.5], "rotation": 90, "texture": "#0"},
				"up": {"uv": [13, 12, 14, 13.5], "rotation": 180, "texture": "#0"},
				"down": {"uv": [13, 12, 14, 13.5], "texture": "#0"}
			}
		},
		{
			"from": [8.25, 1.25, 9.5],
			"to": [9.75, 3.75, 11],
			"faces": {
				"north": {"uv": [13, 12, 14, 13.5], "rotation": 180, "texture": "#0"},
				"east": {"uv": [13, 12, 14, 13.5], "rotation": 180, "texture": "#0"},
				"south": {"uv": [13, 12, 14, 13.5], "rotation": 180, "texture": "#0"},
				"west": {"uv": [13, 12, 14, 13.5], "rotation": 180, "texture": "#0"},
				"up": {"uv": [13, 12, 14, 13], "texture": "#0"},
				"down": {"uv": [13, 12, 14, 13], "texture": "#0"}
			}
		},
		{
			"from": [6.1, 2.85, 8.6],
			"to": [6.9, 3.65, 10.4],
			"rotation": {"angle": 22.5, "axis": "y", "origin": [0, 0, 0]},
			"faces": {
				"north": {"uv": [13, 12, 14, 13], "rotation": 180, "texture": "#0"},
				"east": {"uv": [13, 12, 14, 13.5], "rotation": 270, "texture": "#0"},
				"south": {"uv": [13, 12, 14, 13], "texture": "#0"},
				"west": {"uv": [13, 12, 14, 13.5], "rotation": 90, "texture": "#0"},
				"up": {"uv": [13, 12, 14, 13.5], "rotation": 180, "texture": "#0"},
				"down": {"uv": [13, 12, 14, 13.5], "texture": "#0"}
			}
		}
	],
	"display": {
		"thirdperson_righthand": {
			"translation": [-5.25, 4, 0],
			"scale": [0.8, 0.8, 0.8]
		},
		"thirdperson_lefthand": {
			"translation": [-5.25, 5, -0.5],
			"scale": [0.8, 0.8, 0.8]
		},
		"firstperson_righthand": {
			"translation": [2.75, 5, 0]
		},
		"firstperson_lefthand": {
			"translation": [8.75, 3.5, 0]
		},
		"ground": {
			"translation": [0, 4, 0]
		},
		"gui": {
			"rotation": [10, -50, -10],
			"translation": [0.75, 3.5, 0]
		},
		"head": {
			"translation": [0, 14.25, 0]
		},
		"fixed": {
			"rotation": [-90, 0, 0],
			"translation": [0, 0, -16.5],
			"scale": [2, 2, 2]
		}
	}
}