{
	"credit": "Made with Blockbench",
	"texture_size": [32, 32],
	"textures": {
		"1": "item/bowl",
		"2": "item/potato1",
		"particle": "item/potato1"
	},
	"elements": [
		{
			"from": [3, 0, 3],
			"to": [13, 4, 13],
			"faces": {
				"north": {"uv": [0, 0, 5, 2], "texture": "#1"},
				"east": {"uv": [5, 0, 0, 2], "texture": "#1"},
				"south": {"uv": [0, 0, 5, 2], "texture": "#1"},
				"west": {"uv": [5, 0, 0, 2], "texture": "#1"},
				"up": {"uv": [5, 7, 0, 2], "texture": "#1"},
				"down": {"uv": [5, 7, 0, 12], "texture": "#1"}
			}
		},
		{
			"from": [12, 4, 12],
			"to": [4, 1, 4],
			"faces": {
				"north": {"uv": [0.5, 0.5, 4.5, 2], "texture": "#1"},
				"east": {"uv": [0.5, 0.5, 4.5, 2], "texture": "#1"},
				"south": {"uv": [0.5, 0.5, 4.5, 2], "texture": "#1"},
				"west": {"uv": [0.5, 0.5, 4.5, 2], "texture": "#1"},
				"up": {"uv": [1, 8, 4.5, 11.5], "texture": "#1"},
				"down": {"uv": [3, 4.5, 3, 4.5], "texture": "#1"}
			}
		},
		{
			"from": [4, 0.5, 8],
			"to": [9, 3.5, 12],
			"faces": {
				"north": {"uv": [0, 4, 5, 7], "texture": "#2"},
				"east": {"uv": [0, 7, 4, 10], "texture": "#2"},
				"south": {"uv": [0, 4, 5, 7], "texture": "#2"},
				"west": {"uv": [0, 7, 4, 10], "texture": "#2"},
				"up": {"uv": [5, 4, 0, 0], "texture": "#2"},
				"down": {"uv": [5, 0, 0, 4], "texture": "#2"}
			}
		},
		{
			"from": [2.25, 2.75, 8.25],
			"to": [6.75, 5.25, 11.75],
			"rotation": {"angle": 22.5, "axis": "y", "origin": [0, 0, 0]},
			"faces": {
				"north": {"uv": [0, 4, 5, 7], "texture": "#2"},
				"east": {"uv": [0, 7, 4, 10], "texture": "#2"},
				"south": {"uv": [0, 4, 5, 7], "texture": "#2"},
				"west": {"uv": [0, 7, 4, 10], "texture": "#2"},
				"up": {"uv": [5, 4, 0, 0], "texture": "#2"},
				"down": {"uv": [5, 0, 0, 4], "texture": "#2"}
			}
		},
		{
			"from": [3.75, 3.5, 2],
			"to": [8.75, 6.5, 6],
			"rotation": {"angle": 22.5, "axis": "x", "origin": [0, 0, 0]},
			"faces": {
				"north": {"uv": [0, 4, 5, 7], "texture": "#2"},
				"east": {"uv": [0, 7, 4, 10], "texture": "#2"},
				"south": {"uv": [0, 4, 5, 7], "texture": "#2"},
				"west": {"uv": [0, 7, 4, 10], "texture": "#2"},
				"up": {"uv": [5, 4, 0, 0], "texture": "#2"},
				"down": {"uv": [5, 0, 0, 4], "texture": "#2"}
			}
		},
		{
			"from": [4, 0.25, 7.25],
			"to": [9, 3.25, 11.25],
			"rotation": {"angle": 22.5, "axis": "y", "origin": [0, 0, 0]},
			"faces": {
				"north": {"uv": [0, 4, 5, 7], "texture": "#2"},
				"east": {"uv": [0, 7, 4, 10], "texture": "#2"},
				"south": {"uv": [0, 4, 5, 7], "texture": "#2"},
				"west": {"uv": [0, 7, 4, 10], "texture": "#2"},
				"up": {"uv": [5, 4, 0, 0], "texture": "#2"},
				"down": {"uv": [5, 0, 0, 4], "texture": "#2"}
			}
		},
		{
			"from": [7, -2.75, 8.75],
			"to": [12, 0.25, 12.75],
			"rotation": {"angle": -22.5, "axis": "x", "origin": [0, 0, 0]},
			"faces": {
				"north": {"uv": [0, 4, 5, 7], "texture": "#2"},
				"east": {"uv": [0, 7, 4, 10], "texture": "#2"},
				"south": {"uv": [0, 4, 5, 7], "texture": "#2"},
				"west": {"uv": [0, 7, 4, 10], "texture": "#2"},
				"up": {"uv": [5, 4, 0, 0], "texture": "#2"},
				"down": {"uv": [5, 0, 0, 4], "texture": "#2"}
			}
		},
		{
			"from": [4.75, 1, 11],
			"to": [8.25, 2.5, 13.5],
			"rotation": {"angle": 22.5, "axis": "y", "origin": [0, 0, 0]},
			"faces": {
				"north": {"uv": [0, 4, 5, 7], "texture": "#2"},
				"east": {"uv": [0, 7, 4, 10], "texture": "#2"},
				"south": {"uv": [0, 4, 5, 7], "texture": "#2"},
				"west": {"uv": [0, 7, 4, 10], "texture": "#2"},
				"up": {"uv": [5, 4, 0, 0], "texture": "#2"},
				"down": {"uv": [5, 0, 0, 4], "texture": "#2"}
			}
		}
	],
	"display": {
		"thirdperson_righthand": {
			"translation": [-5.25, 4, 0],
			"scale": [0.8, 0.8, 0.8]
		},
		"thirdperson_lefthand": {
			"translation": [-5.25, 5, -0.5],
			"scale": [0.8, 0.8, 0.8]
		},
		"firstperson_righthand": {
			"translation": [2.75, 5, 0]
		},
		"firstperson_lefthand": {
			"translation": [8.75, 3.5, 0]
		},
		"ground": {
			"translation": [0, 4, 0]
		},
		"gui": {
			"rotation": [10, -50, -10],
			"translation": [0.75, 3.5, 0]
		},
		"head": {
			"translation": [0, 14.25, 0]
		},
		"fixed": {
			"rotation": [-90, 0, 0],
			"translation": [0, 0, -16.5],
			"scale": [2, 2, 2]
		}
	}
}