{
	"credit": "Made with Blockbench",
	"texture_size": [32, 32],
	"textures": {
		"1": "item/bread1",
		"0_0": "item/bowl"
	},
	"elements": [
		{
			"from": [3, 0, 3],
			"to": [13, 4, 13],
			"faces": {
				"north": {"uv": [0, 0, 5, 2], "texture": "#0_0"},
				"east": {"uv": [5, 0, 0, 2], "texture": "#0_0"},
				"south": {"uv": [0, 0, 5, 2], "texture": "#0_0"},
				"west": {"uv": [5, 0, 0, 2], "texture": "#0_0"},
				"up": {"uv": [5, 7, 0, 2], "texture": "#0_0"},
				"down": {"uv": [5, 7, 0, 12], "texture": "#0_0"}
			}
		},
		{
			"from": [12, 4, 12],
			"to": [4, 1, 4],
			"faces": {
				"north": {"uv": [0.5, 0.5, 4.5, 2], "texture": "#0_0"},
				"east": {"uv": [0.5, 0.5, 4.5, 2], "texture": "#0_0"},
				"south": {"uv": [0.5, 0.5, 4.5, 2], "texture": "#0_0"},
				"west": {"uv": [0.5, 0.5, 4.5, 2], "texture": "#0_0"},
				"up": {"uv": [1, 8, 4.5, 11.5], "texture": "#0_0"},
				"down": {"uv": [3, 4.5, 3, 4.5], "texture": "#0_0"}
			}
		},
		{
			"from": [4.25, -1.75, 3.75],
			"to": [17.75, 1.75, 9.25],
			"rotation": {"angle": 22.5, "axis": "z", "origin": [0, 0, 0]},
			"faces": {
				"north": {"uv": [0, 6, 14, 10], "texture": "#1"},
				"east": {"uv": [6, 6, 0, 10], "texture": "#1"},
				"south": {"uv": [0, 6, 14, 10], "texture": "#1"},
				"west": {"uv": [6, 6, 0, 10], "texture": "#1"},
				"up": {"uv": [14, 6, 0, 0], "texture": "#1"},
				"down": {"uv": [14, 10, 0, 16], "texture": "#1"}
			}
		},
		{
			"from": [-2.75, 3.25, 6.75],
			"to": [10.75, 6.75, 12.25],
			"rotation": {"angle": -22.5, "axis": "z", "origin": [0, 0, 0]},
			"faces": {
				"north": {"uv": [0, 6, 14, 10], "texture": "#1"},
				"east": {"uv": [6, 6, 0, 10], "texture": "#1"},
				"south": {"uv": [0, 6, 14, 10], "texture": "#1"},
				"west": {"uv": [6, 6, 0, 10], "texture": "#1"},
				"up": {"uv": [14, 6, 0, 0], "texture": "#1"},
				"down": {"uv": [14, 10, 0, 16], "texture": "#1"}
			}
		},
		{
			"from": [5.5, 2.5, -3],
			"to": [18.5, 5.5, 2],
			"rotation": {"angle": -45, "axis": "y", "origin": [0, 0, 0]},
			"faces": {
				"north": {"uv": [0, 6, 14, 10], "texture": "#1"},
				"east": {"uv": [6, 6, 0, 10], "texture": "#1"},
				"south": {"uv": [0, 6, 14, 10], "texture": "#1"},
				"west": {"uv": [6, 6, 0, 10], "texture": "#1"},
				"up": {"uv": [14, 6, 0, 0], "texture": "#1"},
				"down": {"uv": [14, 10, 0, 16], "texture": "#1"}
			}
		}
	],
	"display": {
		"thirdperson_righthand": {
			"translation": [-5.25, 4, 0],
			"scale": [0.8, 0.8, 0.8]
		},
		"thirdperson_lefthand": {
			"translation": [-5.25, 5, -0.5],
			"scale": [0.8, 0.8, 0.8]
		},
		"firstperson_righthand": {
			"translation": [2.75, 5, 0]
		},
		"firstperson_lefthand": {
			"translation": [8.75, 3.5, 0]
		},
		"ground": {
			"translation": [0, 4, 0]
		},
		"gui": {
			"rotation": [10, -50, -10],
			"translation": [0.75, 3.5, 0]
		},
		"head": {
			"translation": [0, 14.25, 0]
		},
		"fixed": {
			"rotation": [-90, 0, 0],
			"translation": [0, 0, -16.5],
			"scale": [2, 2, 2]
		}
	}
}