{
	"credit": "Made with Blockbench",
	"texture_size": [32, 32],
	"textures": {
		"0": "item/bowl",
		"1": "item/dish",
		"particle": "item/bowl"
	},
	"elements": [
		{
			"from": [3, 0, 3],
			"to": [13, 4, 13],
			"faces": {
				"north": {"uv": [0, 0, 5, 2], "texture": "#0"},
				"east": {"uv": [5, 0, 0, 2], "texture": "#0"},
				"south": {"uv": [0, 0, 5, 2], "texture": "#0"},
				"west": {"uv": [5, 0, 0, 2], "texture": "#0"},
				"up": {"uv": [5, 7, 0, 2], "texture": "#0"},
				"down": {"uv": [5, 7, 0, 12], "texture": "#0"}
			}
		},
		{
			"from": [12, 4, 12],
			"to": [4, 1, 4],
			"faces": {
				"north": {"uv": [0.5, 0.5, 4.5, 2], "texture": "#0"},
				"east": {"uv": [0.5, 0.5, 4.5, 2], "texture": "#0"},
				"south": {"uv": [0.5, 0.5, 4.5, 2], "texture": "#0"},
				"west": {"uv": [0.5, 0.5, 4.5, 2], "texture": "#0"},
				"up": {"uv": [1, 8, 4.5, 11.5], "texture": "#0"},
				"down": {"uv": [3, 4.5, 3, 4.5], "texture": "#0"}
			}
		},
		{
			"from": [3.75, 1.25, 6.75],
			"to": [6.25, 3.75, 12.25],
			"faces": {
				"north": {"uv": [7.5, 9.5, 8.5, 10.5], "texture": "#1"},
				"east": {"uv": [7, 15, 9.5, 16], "texture": "#1"},
				"south": {"uv": [7.5, 9.5, 8.5, 10.5], "texture": "#1"},
				"west": {"uv": [7, 15, 9.5, 16], "texture": "#1"},
				"up": {"uv": [8, 12, 9, 14.5], "texture": "#1"},
				"down": {"uv": [8, 12, 9, 14.5], "texture": "#1"}
			}
		},
		{
			"from": [4, 2, 4],
			"to": [12, 2, 12],
			"faces": {
				"north": {"uv": [0, 0, 4, 0], "texture": "#0"},
				"east": {"uv": [0, 0, 4, 0], "texture": "#0"},
				"south": {"uv": [0, 0, 4, 0], "texture": "#0"},
				"west": {"uv": [0, 0, 4, 0], "texture": "#0"},
				"up": {"uv": [8, 12, 12, 16], "texture": "#0"},
				"down": {"uv": [8, 12, 12, 16], "texture": "#0"}
			}
		},
		{
			"from": [8.5, -6, 9.25],
			"to": [12.5, -4, 12.25],
			"rotation": {"angle": 45, "axis": "z", "origin": [0, 0, 0]},
			"faces": {
				"north": {"uv": [9, 13.5, 11, 14.5], "texture": "#1"},
				"east": {"uv": [11, 12, 12, 13.5], "rotation": 90, "texture": "#1"},
				"south": {"uv": [9, 13.5, 11, 14.5], "texture": "#1"},
				"west": {"uv": [11, 12, 12, 13.5], "rotation": 90, "texture": "#1"},
				"up": {"uv": [9, 12, 11, 13.5], "texture": "#1"},
				"down": {"uv": [9, 13, 11, 14.5], "texture": "#1"}
			}
		},
		{
			"from": [9.25, -6.75, 6.25],
			"to": [13.25, -4.75, 9.25],
			"rotation": {"angle": 45, "axis": "z", "origin": [0, 0, 0]},
			"faces": {
				"north": {"uv": [9, 13.5, 11, 14.5], "texture": "#1"},
				"east": {"uv": [11, 12, 12, 13.5], "rotation": 90, "texture": "#1"},
				"south": {"uv": [9, 13.5, 11, 14.5], "texture": "#1"},
				"west": {"uv": [11, 12, 12, 13.5], "rotation": 90, "texture": "#1"},
				"up": {"uv": [9, 12, 11, 13.5], "texture": "#1"},
				"down": {"uv": [9, 13, 11, 14.5], "texture": "#1"}
			}
		},
		{
			"from": [6, -2, 5.25],
			"to": [10, 4, 5.25],
			"rotation": {"angle": -22.5, "axis": "x", "origin": [0, 0, 0]},
			"faces": {
				"north": {"uv": [12.5, 8, 14.5, 11], "texture": "#1"},
				"east": {"uv": [0, 0, 0, 3], "texture": "#1"},
				"south": {"uv": [12.5, 8, 14.5, 11], "texture": "#1"},
				"west": {"uv": [0, 0, 0, 3], "texture": "#1"},
				"up": {"uv": [0, 0, 2, 0], "texture": "#1"},
				"down": {"uv": [0, 0, 2, 0], "texture": "#1"}
			}
		},
		{
			"from": [8, -6.5, 3.5],
			"to": [12, -4.5, 6.5],
			"rotation": {"angle": 45, "axis": "z", "origin": [0, 0, 0]},
			"faces": {
				"north": {"uv": [11, 13.5, 13, 14.5], "texture": "#1"},
				"east": {"uv": [14.5, 8, 16, 9], "texture": "#1"},
				"south": {"uv": [11, 13.5, 13, 14.5], "texture": "#1"},
				"west": {"uv": [14.5, 8, 16, 9], "texture": "#1"},
				"up": {"uv": [10, 14.5, 12, 16], "texture": "#1"},
				"down": {"uv": [10, 14.5, 12, 16], "texture": "#1"}
			}
		},
		{
			"from": [5.1, 1.85, 6.1],
			"to": [10.9, 3.65, 10.9],
			"faces": {
				"north": {"uv": [0, 10, 3, 11], "texture": "#1"},
				"east": {"uv": [0, 10, 2.5, 11], "texture": "#1"},
				"south": {"uv": [0, 10, 3, 11], "texture": "#1"},
				"west": {"uv": [0, 10, 2.5, 11], "texture": "#1"},
				"up": {"uv": [0, 10, 3, 12.5], "texture": "#1"},
				"down": {"uv": [0, 10, 3, 12.5], "texture": "#1"}
			}
		},
		{
			"from": [5.75, 0.75, 3.75],
			"to": [10.25, 3.25, 9.25],
			"faces": {
				"north": {"uv": [12.5, 3, 14.5, 4], "texture": "#1"},
				"east": {"uv": [12.5, 3, 15, 4], "texture": "#1"},
				"south": {"uv": [12.5, 3, 14.5, 4], "texture": "#1"},
				"west": {"uv": [12.5, 3, 15, 4], "texture": "#1"},
				"up": {"uv": [11.5, 2.5, 13.5, 5], "texture": "#1"},
				"down": {"uv": [11.5, 2.5, 13.5, 5], "texture": "#1"}
			}
		},
		{
			"from": [6.25, 6, 9],
			"to": [9.25, 9, 10],
			"rotation": {"angle": 22.5, "axis": "x", "origin": [0, 0, 0]},
			"faces": {
				"north": {"uv": [12, 14.5, 13.5, 16], "texture": "#1"},
				"east": {"uv": [13.5, 14.5, 14, 16], "texture": "#1"},
				"south": {"uv": [12, 14.5, 13.5, 16], "texture": "#1"},
				"west": {"uv": [13.5, 14.5, 14, 16], "texture": "#1"},
				"up": {"uv": [13.5, 14.5, 14, 16], "rotation": 270, "texture": "#1"},
				"down": {"uv": [13.5, 14.5, 14, 16], "rotation": 90, "texture": "#1"}
			}
		}
	],
	"display": {
		"thirdperson_righthand": {
			"translation": [-5.25, 4, 0],
			"scale": [0.8, 0.8, 0.8]
		},
		"thirdperson_lefthand": {
			"translation": [-5.25, 5, -0.5],
			"scale": [0.8, 0.8, 0.8]
		},
		"firstperson_righthand": {
			"translation": [2.75, 5, 0]
		},
		"firstperson_lefthand": {
			"translation": [8.75, 3.5, 0]
		},
		"ground": {
			"translation": [0, 4, 0]
		},
		"gui": {
			"rotation": [10, -50, -10],
			"translation": [0.75, 3.5, 0]
		},
		"head": {
			"translation": [0, 14.25, 0]
		},
		"fixed": {
			"rotation": [-90, 0, 0],
			"translation": [0, 0, -16.5],
			"scale": [2, 2, 2]
		}
	}
}