{
	"credit": "Made with Blockbench",
	"texture_size": [32, 32],
	"textures": {
		"1": "item/cookie1",
		"0_0": "item/bowl"
	},
	"elements": [
		{
			"from": [3, 0, 3],
			"to": [13, 4, 13],
			"faces": {
				"north": {"uv": [0, 0, 5, 2], "texture": "#0_0"},
				"east": {"uv": [5, 0, 0, 2], "texture": "#0_0"},
				"south": {"uv": [0, 0, 5, 2], "texture": "#0_0"},
				"west": {"uv": [5, 0, 0, 2], "texture": "#0_0"},
				"up": {"uv": [5, 7, 0, 2], "texture": "#0_0"},
				"down": {"uv": [5, 7, 0, 12], "texture": "#0_0"}
			}
		},
		{
			"from": [12, 4, 12],
			"to": [4, 1, 4],
			"faces": {
				"north": {"uv": [0.5, 0.5, 4.5, 2], "texture": "#0_0"},
				"east": {"uv": [0.5, 0.5, 4.5, 2], "texture": "#0_0"},
				"south": {"uv": [0.5, 0.5, 4.5, 2], "texture": "#0_0"},
				"west": {"uv": [0.5, 0.5, 4.5, 2], "texture": "#0_0"},
				"up": {"uv": [1, 8, 4.5, 11.5], "texture": "#0_0"},
				"down": {"uv": [3, 4.5, 3, 4.5], "texture": "#0_0"}
			}
		},
		{
			"from": [3.8, 0.8, 3.8],
			"to": [12.2, 3.2, 12.2],
			"faces": {
				"north": {"uv": [16, 8, 8, 10], "texture": "#1"},
				"east": {"uv": [8, 8, 16, 10], "texture": "#1"},
				"south": {"uv": [16, 8, 8, 10], "texture": "#1"},
				"west": {"uv": [8, 8, 16, 10], "texture": "#1"},
				"up": {"uv": [16, 8, 8, 0], "texture": "#1"},
				"down": {"uv": [16, 0, 8, 8], "texture": "#1"}
			}
		},
		{
			"from": [4, 1, 4],
			"to": [12, 3, 12],
			"faces": {
				"north": {"uv": [8, 8, 0, 10], "texture": "#1"},
				"east": {"uv": [0, 8, 8, 10], "texture": "#1"},
				"south": {"uv": [8, 8, 0, 10], "texture": "#1"},
				"west": {"uv": [0, 8, 8, 10], "texture": "#1"},
				"up": {"uv": [8, 8, 0, 0], "texture": "#1"},
				"down": {"uv": [8, 0, 0, 8], "texture": "#1"}
			}
		},
		{
			"from": [1.55, 4.55, 5.55],
			"to": [8.45, 5.45, 12.45],
			"rotation": {"angle": -22.5, "axis": "z", "origin": [0, 0, 0]},
			"faces": {
				"north": {"uv": [16, 8, 8, 10], "texture": "#1"},
				"east": {"uv": [8, 8, 16, 10], "texture": "#1"},
				"south": {"uv": [16, 8, 8, 10], "texture": "#1"},
				"west": {"uv": [8, 8, 16, 10], "texture": "#1"},
				"up": {"uv": [16, 8, 8, 0], "texture": "#1"},
				"down": {"uv": [16, 0, 8, 8], "texture": "#1"}
			}
		},
		{
			"from": [1.75, 4.75, 5.75],
			"to": [8.25, 5.25, 12.25],
			"rotation": {"angle": -22.5, "axis": "z", "origin": [0, 0, 0]},
			"faces": {
				"north": {"uv": [8, 8, 0, 10], "texture": "#1"},
				"east": {"uv": [0, 8, 8, 10], "texture": "#1"},
				"south": {"uv": [8, 8, 0, 10], "texture": "#1"},
				"west": {"uv": [0, 8, 8, 10], "texture": "#1"},
				"up": {"uv": [8, 8, 0, 0], "texture": "#1"},
				"down": {"uv": [8, 0, 0, 8], "texture": "#1"}
			}
		},
		{
			"from": [6.3, -1.7, 5.3],
			"to": [13.7, -0.3, 12.7],
			"rotation": {"angle": 22.5, "axis": "z", "origin": [0, 0, 0]},
			"faces": {
				"north": {"uv": [16, 8, 8, 10], "texture": "#1"},
				"east": {"uv": [8, 8, 16, 10], "texture": "#1"},
				"south": {"uv": [16, 8, 8, 10], "texture": "#1"},
				"west": {"uv": [8, 8, 16, 10], "texture": "#1"},
				"up": {"uv": [16, 8, 8, 0], "texture": "#1"},
				"down": {"uv": [16, 0, 8, 8], "texture": "#1"}
			}
		},
		{
			"from": [6.5, -1.5, 5.5],
			"to": [13.5, -0.5, 12.5],
			"rotation": {"angle": 22.5, "axis": "z", "origin": [0, 0, 0]},
			"faces": {
				"north": {"uv": [8, 8, 0, 10], "texture": "#1"},
				"east": {"uv": [0, 8, 8, 10], "texture": "#1"},
				"south": {"uv": [8, 8, 0, 10], "texture": "#1"},
				"west": {"uv": [0, 8, 8, 10], "texture": "#1"},
				"up": {"uv": [8, 8, 0, 0], "texture": "#1"},
				"down": {"uv": [8, 0, 0, 8], "texture": "#1"}
			}
		},
		{
			"from": [4.3, 3.3, 4.3],
			"to": [11.7, 4.7, 11.7],
			"rotation": {"angle": 22.5, "axis": "y", "origin": [0, 0, 0]},
			"faces": {
				"north": {"uv": [16, 8, 8, 10], "texture": "#1"},
				"east": {"uv": [8, 8, 16, 10], "texture": "#1"},
				"south": {"uv": [16, 8, 8, 10], "texture": "#1"},
				"west": {"uv": [8, 8, 16, 10], "texture": "#1"},
				"up": {"uv": [16, 8, 8, 0], "texture": "#1"},
				"down": {"uv": [16, 0, 8, 8], "texture": "#1"}
			}
		},
		{
			"from": [4.5, 3.5, 4.5],
			"to": [11.5, 4.5, 11.5],
			"rotation": {"angle": 22.5, "axis": "y", "origin": [0, 0, 0]},
			"faces": {
				"north": {"uv": [8, 8, 0, 10], "texture": "#1"},
				"east": {"uv": [0, 8, 8, 10], "texture": "#1"},
				"south": {"uv": [8, 8, 0, 10], "texture": "#1"},
				"west": {"uv": [0, 8, 8, 10], "texture": "#1"},
				"up": {"uv": [8, 8, 0, 0], "texture": "#1"},
				"down": {"uv": [8, 0, 0, 8], "texture": "#1"}
			}
		},
		{
			"from": [-2.45, 3.55, 5.55],
			"to": [4.45, 4.45, 12.45],
			"rotation": {"angle": 45, "axis": "y", "origin": [0, 0, 0]},
			"faces": {
				"north": {"uv": [16, 8, 8, 10], "texture": "#1"},
				"east": {"uv": [8, 8, 16, 10], "texture": "#1"},
				"south": {"uv": [16, 8, 8, 10], "texture": "#1"},
				"west": {"uv": [8, 8, 16, 10], "texture": "#1"},
				"up": {"uv": [16, 8, 8, 0], "texture": "#1"},
				"down": {"uv": [16, 0, 8, 8], "texture": "#1"}
			}
		},
		{
			"from": [-2.25, 3.75, 5.75],
			"to": [4.25, 4.25, 12.25],
			"rotation": {"angle": 45, "axis": "y", "origin": [0, 0, 0]},
			"faces": {
				"north": {"uv": [8, 8, 0, 10], "texture": "#1"},
				"east": {"uv": [0, 8, 8, 10], "texture": "#1"},
				"south": {"uv": [8, 8, 0, 10], "texture": "#1"},
				"west": {"uv": [0, 8, 8, 10], "texture": "#1"},
				"up": {"uv": [8, 8, 0, 0], "texture": "#1"},
				"down": {"uv": [8, 0, 0, 8], "texture": "#1"}
			}
		},
		{
			"from": [4.3, -1.7, 7.3],
			"to": [11.7, -0.3, 14.7],
			"rotation": {"angle": -22.5, "axis": "x", "origin": [0, 0, 0]},
			"faces": {
				"north": {"uv": [16, 8, 8, 10], "texture": "#1"},
				"east": {"uv": [8, 8, 16, 10], "texture": "#1"},
				"south": {"uv": [16, 8, 8, 10], "texture": "#1"},
				"west": {"uv": [8, 8, 16, 10], "texture": "#1"},
				"up": {"uv": [16, 8, 8, 0], "texture": "#1"},
				"down": {"uv": [16, 0, 8, 8], "texture": "#1"}
			}
		},
		{
			"from": [4.5, -1.5, 7.5],
			"to": [11.5, -0.5, 14.5],
			"rotation": {"angle": -22.5, "axis": "x", "origin": [0, 0, 0]},
			"faces": {
				"north": {"uv": [8, 8, 0, 10], "texture": "#1"},
				"east": {"uv": [0, 8, 8, 10], "texture": "#1"},
				"south": {"uv": [8, 8, 0, 10], "texture": "#1"},
				"west": {"uv": [0, 8, 8, 10], "texture": "#1"},
				"up": {"uv": [8, 8, 0, 0], "texture": "#1"},
				"down": {"uv": [8, 0, 0, 8], "texture": "#1"}
			}
		}
	],
	"display": {
		"thirdperson_righthand": {
			"translation": [-5.25, 4, 0],
			"scale": [0.8, 0.8, 0.8]
		},
		"thirdperson_lefthand": {
			"translation": [-5.25, 5, -0.5],
			"scale": [0.8, 0.8, 0.8]
		},
		"firstperson_righthand": {
			"translation": [2.75, 5, 0]
		},
		"firstperson_lefthand": {
			"translation": [8.75, 3.5, 0]
		},
		"ground": {
			"translation": [0, 4, 0]
		},
		"gui": {
			"rotation": [10, -50, -10],
			"translation": [0.75, 3.5, 0]
		},
		"head": {
			"translation": [0, 14.25, 0]
		},
		"fixed": {
			"rotation": [-90, 0, 0],
			"translation": [0, 0, -16.5],
			"scale": [2, 2, 2]
		}
	},
	"groups": [
		0,
		1,
		{
			"name": "group",
			"origin": [8, 8, 8],
			"color": 0,
			"nbt": "{}",
			"children": [2, 3]
		},
		{
			"name": "group",
			"origin": [8, 8, 8],
			"color": 0,
			"nbt": "{}",
			"children": [4, 5]
		},
		{
			"name": "group",
			"origin": [8, 8, 8],
			"color": 0,
			"nbt": "{}",
			"children": [6, 7]
		},
		{
			"name": "group",
			"origin": [8, 8, 8],
			"color": 0,
			"nbt": "{}",
			"children": [8, 9]
		},
		{
			"name": "group",
			"origin": [8, 8, 8],
			"color": 0,
			"nbt": "{}",
			"children": [10, 11]
		},
		{
			"name": "group",
			"origin": [8, 8, 8],
			"color": 0,
			"nbt": "{}",
			"children": [12, 13]
		}
	]
}