{
	"credit": "Made with Blockbench",
	"texture_size": [32, 32],
	"textures": {
		"0": "item/dish",
		"1": "item/apple2",
		"2": "item/apple1",
		"particle": "item/dish"
	},
	"elements": [
		{
			"from": [0, 0, 0],
			"to": [16, 1, 16],
			"faces": {
				"north": {"uv": [0, 0, 8, 0.5], "texture": "#0"},
				"east": {"uv": [0, 0, 8, 0.5], "texture": "#0"},
				"south": {"uv": [0, 0, 8, 0.5], "texture": "#0"},
				"west": {"uv": [0, 0, 8, 0.5], "texture": "#0"},
				"up": {"uv": [0, 0, 8, 8], "texture": "#0"},
				"down": {"uv": [0, 0, 8, 8], "texture": "#0"}
			}
		},
		{
			"from": [0, 0, -1],
			"to": [17, 3, 0],
			"faces": {
				"north": {"uv": [0, 8, 8.5, 9.5], "texture": "#0"},
				"east": {"uv": [8.5, 8, 8, 9.5], "texture": "#0"},
				"south": {"uv": [0, 8, 8.5, 9.5], "texture": "#0"},
				"west": {"uv": [8.5, 8, 8, 9.5], "texture": "#0"},
				"up": {"uv": [0, 8, 8.5, 8.5], "texture": "#0"},
				"down": {"uv": [8.5, 9, 0, 9.5], "texture": "#0"}
			}
		},
		{
			"from": [16, 0, 0],
			"to": [17, 3, 17],
			"faces": {
				"north": {"uv": [8.5, 8, 8, 9.5], "texture": "#0"},
				"east": {"uv": [8.5, 8, 0, 9.5], "texture": "#0"},
				"south": {"uv": [8.5, 8, 8, 9.5], "texture": "#0"},
				"west": {"uv": [0, 8, 8.5, 9.5], "texture": "#0"},
				"up": {"uv": [8.5, 8, 0, 8.5], "rotation": 270, "texture": "#0"},
				"down": {"uv": [8.5, 9, 0, 9.5], "rotation": 90, "texture": "#0"}
			}
		},
		{
			"from": [-1, 0, 16],
			"to": [16, 3, 17],
			"faces": {
				"north": {"uv": [8.5, 8, 0, 9.5], "texture": "#0"},
				"east": {"uv": [8.5, 8, 8, 9.5], "texture": "#0"},
				"south": {"uv": [0, 8, 8.5, 9.5], "texture": "#0"},
				"west": {"uv": [8.5, 8, 8, 9.5], "texture": "#0"},
				"up": {"uv": [8.5, 8, 0, 8.5], "rotation": 180, "texture": "#0"},
				"down": {"uv": [8.5, 9, 0, 9.5], "rotation": 180, "texture": "#0"}
			}
		},
		{
			"from": [-1, 0, -1],
			"to": [0, 3, 16],
			"faces": {
				"north": {"uv": [8.5, 8, 8, 9.5], "texture": "#0"},
				"east": {"uv": [8.5, 8, 0, 9.5], "texture": "#0"},
				"south": {"uv": [8.5, 8, 8, 9.5], "texture": "#0"},
				"west": {"uv": [8.5, 8, 0, 9.5], "texture": "#0"},
				"up": {"uv": [0, 8, 8.5, 8.5], "rotation": 270, "texture": "#0"},
				"down": {"uv": [0, 9, 8.5, 9.5], "rotation": 90, "texture": "#0"}
			}
		},
		{
			"from": [8, 0, 8],
			"to": [16, 8, 16],
			"rotation": {"angle": 0, "axis": "y", "origin": [4, 0, 4]},
			"faces": {
				"north": {"uv": [0, 0, 8, 8], "texture": "#1"},
				"east": {"uv": [8, 0, 0, 8], "texture": "#1"},
				"south": {"uv": [0, 0, 8, 8], "texture": "#1"},
				"west": {"uv": [8, 0, 0, 8], "texture": "#1"},
				"up": {"uv": [16, 8, 8, 0], "texture": "#1"},
				"down": {"uv": [8, 8, 0, 16], "texture": "#1"}
			}
		},
		{
			"from": [4, 8, 13],
			"to": [4, 13, 16],
			"rotation": {"angle": 45, "axis": "y", "origin": [4, 0, 4]},
			"faces": {
				"north": {"uv": [0, 0, 0, 5], "texture": "#1"},
				"east": {"uv": [8, 11, 11, 16], "texture": "#1"},
				"south": {"uv": [0, 0, 0, 5], "texture": "#1"},
				"west": {"uv": [11, 11, 8, 16], "texture": "#1"},
				"up": {"uv": [0, 0, 0, 3], "texture": "#1"},
				"down": {"uv": [0, 0, 0, 3], "texture": "#1"}
			}
		},
		{
			"from": [0, 0.25, 0.25],
			"to": [7.5, 7.75, 7.75],
			"rotation": {"angle": 0, "axis": "y", "origin": [-4, 0, -4]},
			"faces": {
				"north": {"uv": [0, 0, 8, 8], "texture": "#1"},
				"east": {"uv": [8, 0, 0, 8], "texture": "#1"},
				"south": {"uv": [0, 0, 8, 8], "texture": "#1"},
				"west": {"uv": [8, 0, 0, 8], "texture": "#1"},
				"up": {"uv": [16, 8, 8, 0], "texture": "#1"},
				"down": {"uv": [8, 8, 0, 16], "texture": "#1"}
			}
		},
		{
			"from": [-3.75, 7.25, 5.25],
			"to": [-3.75, 11.75, 7.75],
			"rotation": {"angle": 45, "axis": "y", "origin": [-4, 0, -4]},
			"faces": {
				"north": {"uv": [0, 0, 0, 5], "texture": "#1"},
				"east": {"uv": [8, 11, 11, 16], "texture": "#1"},
				"south": {"uv": [0, 0, 0, 5], "texture": "#1"},
				"west": {"uv": [11, 11, 8, 16], "texture": "#1"},
				"up": {"uv": [0, 0, 0, 3], "texture": "#1"},
				"down": {"uv": [0, 0, 0, 3], "texture": "#1"}
			}
		},
		{
			"from": [7.25, 0, 1.75],
			"to": [13.25, 6, 7.75],
			"rotation": {"angle": 0, "axis": "y", "origin": [2.25, 0, -3.25]},
			"faces": {
				"north": {"uv": [0, 12, 6, 6], "texture": "#2"},
				"east": {"uv": [6.04762, 6, 0.04762, 12], "texture": "#2"},
				"south": {"uv": [0, 12, 6, 6], "texture": "#2"},
				"west": {"uv": [6, 6, 0, 12], "texture": "#2"},
				"up": {"uv": [0, 0, 6.04762, 6], "texture": "#2"},
				"down": {"uv": [0, 6, 6, 0], "texture": "#2"}
			}
		},
		{
			"from": [12.25, 6, -3.25],
			"to": [15.25, 9, -3.25],
			"rotation": {"angle": -45, "axis": "y", "origin": [2.25, 0, -3.25]},
			"faces": {
				"north": {"uv": [3, 13, 0, 16], "texture": "#2"},
				"east": {"uv": [0, 0, 0, 1.5], "texture": "#2"},
				"south": {"uv": [0, 13, 3, 16], "texture": "#2"},
				"west": {"uv": [0, 0, 0, 1.5], "texture": "#2"},
				"up": {"uv": [0, 0, 1.5, 0], "texture": "#2"},
				"down": {"uv": [0, 0, 1.52381, 0], "texture": "#2"}
			}
		},
		{
			"from": [14.75, 6.5, -3.75],
			"to": [16.75, 8.5, -3.75],
			"rotation": {"angle": -45, "axis": "y", "origin": [4.25, 0, -2.25]},
			"faces": {
				"north": {"uv": [3, 13, 0, 16], "texture": "#2"},
				"east": {"uv": [0, 0, 0, 1.5], "texture": "#2"},
				"south": {"uv": [0, 13, 3, 16], "texture": "#2"},
				"west": {"uv": [0, 0, 0, 1.5], "texture": "#2"},
				"up": {"uv": [0, 0, 1.5, 0], "texture": "#2"},
				"down": {"uv": [0, 0, 1.52381, 0], "texture": "#2"}
			}
		},
		{
			"from": [6.75, 4.5, 7.25],
			"to": [8.75, 6.5, 7.25],
			"rotation": {"angle": 45, "axis": "y", "origin": [4.25, 0, -2.25]},
			"faces": {
				"north": {"uv": [3, 13, 0, 16], "texture": "#2"},
				"east": {"uv": [0, 0, 0, 1.5], "texture": "#2"},
				"south": {"uv": [0, 13, 3, 16], "texture": "#2"},
				"west": {"uv": [0, 0, 0, 1.5], "texture": "#2"},
				"up": {"uv": [0, 0, 1.5, 0], "texture": "#2"},
				"down": {"uv": [0, 0, 1.52381, 0], "texture": "#2"}
			}
		},
		{
			"from": [11.25, 1.5, 3.25],
			"to": [16.25, 6.5, 8.25],
			"rotation": {"angle": 0, "axis": "y", "origin": [4.25, 0, -2.25]},
			"faces": {
				"north": {"uv": [0, 12, 6, 6], "texture": "#2"},
				"east": {"uv": [6.04762, 6, 0.04762, 12], "texture": "#2"},
				"south": {"uv": [0, 12, 6, 6], "texture": "#2"},
				"west": {"uv": [6, 6, 0, 12], "texture": "#2"},
				"up": {"uv": [0, 0, 6.04762, 6], "texture": "#2"},
				"down": {"uv": [0, 6, 6, 0], "texture": "#2"}
			}
		},
		{
			"from": [12, 1, -0.5],
			"to": [16, 5, 3.5],
			"rotation": {"angle": 0, "axis": "y", "origin": [4.25, 0, -2.25]},
			"faces": {
				"north": {"uv": [0, 12, 6, 6], "texture": "#2"},
				"east": {"uv": [6.04762, 6, 0.04762, 12], "texture": "#2"},
				"south": {"uv": [0, 12, 6, 6], "texture": "#2"},
				"west": {"uv": [6, 6, 0, 12], "texture": "#2"},
				"up": {"uv": [0, 0, 6.04762, 6], "texture": "#2"},
				"down": {"uv": [0, 6, 6, 0], "texture": "#2"}
			}
		},
		{
			"from": [4.75, 4.75, 6.25],
			"to": [9.25, 9.25, 10.75],
			"rotation": {"angle": 0, "axis": "y", "origin": [-2.75, 4, 4.75]},
			"faces": {
				"north": {"uv": [0, 12, 6, 6], "texture": "#2"},
				"east": {"uv": [6.04762, 6, 0.04762, 12], "texture": "#2"},
				"south": {"uv": [0, 12, 6, 6], "texture": "#2"},
				"west": {"uv": [6, 6, 0, 12], "texture": "#2"},
				"up": {"uv": [0, 0, 6.04762, 6], "texture": "#2"},
				"down": {"uv": [0, 6, 6, 0], "texture": "#2"}
			}
		},
		{
			"from": [-0.5, 8.25, 14],
			"to": [2, 10.75, 14],
			"rotation": {"angle": 45, "axis": "y", "origin": [-2.75, 4, 4.75]},
			"faces": {
				"north": {"uv": [3, 13, 0, 16], "texture": "#2"},
				"east": {"uv": [0, 0, 0, 1.5], "texture": "#2"},
				"south": {"uv": [0, 13, 3, 16], "texture": "#2"},
				"west": {"uv": [0, 0, 0, 1.5], "texture": "#2"},
				"up": {"uv": [0, 0, 1.5, 0], "texture": "#2"},
				"down": {"uv": [0, 0, 1.52381, 0], "texture": "#2"}
			}
		},
		{
			"from": [6, 1, -0.5],
			"to": [10, 5, 3.5],
			"rotation": {"angle": 0, "axis": "y", "origin": [4.25, 0, -2.25]},
			"faces": {
				"north": {"uv": [0, 12, 6, 6], "texture": "#2"},
				"east": {"uv": [6.04762, 6, 0.04762, 12], "texture": "#2"},
				"south": {"uv": [0, 12, 6, 6], "texture": "#2"},
				"west": {"uv": [6, 6, 0, 12], "texture": "#2"},
				"up": {"uv": [0, 0, 6.04762, 6], "texture": "#2"},
				"down": {"uv": [0, 6, 6, 0], "texture": "#2"}
			}
		},
		{
			"from": [10, 2, -0.25],
			"to": [12, 4, 1.75],
			"rotation": {"angle": 0, "axis": "y", "origin": [4.25, 0, -2.25]},
			"faces": {
				"north": {"uv": [0, 12, 6, 6], "texture": "#2"},
				"east": {"uv": [6.04762, 6, 0.04762, 12], "texture": "#2"},
				"south": {"uv": [0, 12, 6, 6], "texture": "#2"},
				"west": {"uv": [6, 6, 0, 12], "texture": "#2"},
				"up": {"uv": [0, 0, 6.04762, 6], "texture": "#2"},
				"down": {"uv": [0, 6, 6, 0], "texture": "#2"}
			}
		},
		{
			"from": [-0.5, -0.5, 7.5],
			"to": [8.5, 8.5, 16.5],
			"rotation": {"angle": 0, "axis": "y", "origin": [-4, 0, 4]},
			"faces": {
				"north": {"uv": [0, 0, 8, 8], "texture": "#1"},
				"east": {"uv": [8, 0, 0, 8], "texture": "#1"},
				"south": {"uv": [0, 0, 8, 8], "texture": "#1"},
				"west": {"uv": [8, 0, 0, 8], "texture": "#1"},
				"up": {"uv": [16, 8, 8, 0], "texture": "#1"},
				"down": {"uv": [8, 8, 0, 16], "texture": "#1"}
			}
		},
		{
			"from": [-4.25, 7.75, 12.75],
			"to": [-4.25, 13.25, 16.25],
			"rotation": {"angle": 45, "axis": "y", "origin": [-4, 0, 4]},
			"faces": {
				"north": {"uv": [0, 0, 0, 5], "texture": "#1"},
				"east": {"uv": [8, 11, 11, 16], "texture": "#1"},
				"south": {"uv": [0, 0, 0, 5], "texture": "#1"},
				"west": {"uv": [11, 11, 8, 16], "texture": "#1"},
				"up": {"uv": [0, 0, 0, 3], "texture": "#1"},
				"down": {"uv": [0, 0, 0, 3], "texture": "#1"}
			}
		}
	],
	"display": {
		"thirdperson_righthand": {
			"translation": [-5.25, 4, 0],
			"scale": [0.8, 0.8, 0.8]
		},
		"thirdperson_lefthand": {
			"translation": [-5.25, 5, -0.5],
			"scale": [0.8, 0.8, 0.8]
		},
		"firstperson_righthand": {
			"translation": [2.75, 5, 0]
		},
		"firstperson_lefthand": {
			"translation": [8.75, 3.5, 0]
		},
		"ground": {
			"translation": [0, 4, 0]
		},
		"gui": {
			"rotation": [10, -50, -10],
			"translation": [0.75, 3.5, 0]
		},
		"head": {
			"translation": [0, 14.25, 0]
		},
		"fixed": {
			"rotation": [-90, 0, 0],
			"translation": [0, 0, -16.5],
			"scale": [2, 2, 2]
		}
	}
}