{
	"credit": "Made with Blockbench",
	"texture_size": [32, 32],
	"textures": {
		"0": "item/dish",
		"1": "item/cookie1",
		"particle": "item/dish"
	},
	"elements": [
		{
			"from": [0, 0, 0],
			"to": [16, 1, 16],
			"faces": {
				"north": {"uv": [0, 0, 8, 0.5], "texture": "#0"},
				"east": {"uv": [0, 0, 8, 0.5], "texture": "#0"},
				"south": {"uv": [0, 0, 8, 0.5], "texture": "#0"},
				"west": {"uv": [0, 0, 8, 0.5], "texture": "#0"},
				"up": {"uv": [0, 0, 8, 8], "texture": "#0"},
				"down": {"uv": [0, 0, 8, 8], "texture": "#0"}
			}
		},
		{
			"from": [0, 0, -1],
			"to": [17, 3, 0],
			"faces": {
				"north": {"uv": [0, 8, 8.5, 9.5], "texture": "#0"},
				"east": {"uv": [8.5, 8, 8, 9.5], "texture": "#0"},
				"south": {"uv": [0, 8, 8.5, 9.5], "texture": "#0"},
				"west": {"uv": [8.5, 8, 8, 9.5], "texture": "#0"},
				"up": {"uv": [0, 8, 8.5, 8.5], "texture": "#0"},
				"down": {"uv": [8.5, 9, 0, 9.5], "texture": "#0"}
			}
		},
		{
			"from": [16, 0, 0],
			"to": [17, 3, 17],
			"faces": {
				"north": {"uv": [8.5, 8, 8, 9.5], "texture": "#0"},
				"east": {"uv": [8.5, 8, 0, 9.5], "texture": "#0"},
				"south": {"uv": [8.5, 8, 8, 9.5], "texture": "#0"},
				"west": {"uv": [0, 8, 8.5, 9.5], "texture": "#0"},
				"up": {"uv": [8.5, 8, 0, 8.5], "rotation": 270, "texture": "#0"},
				"down": {"uv": [8.5, 9, 0, 9.5], "rotation": 90, "texture": "#0"}
			}
		},
		{
			"from": [-1, 0, 16],
			"to": [16, 3, 17],
			"faces": {
				"north": {"uv": [8.5, 8, 0, 9.5], "texture": "#0"},
				"east": {"uv": [8.5, 8, 8, 9.5], "texture": "#0"},
				"south": {"uv": [0, 8, 8.5, 9.5], "texture": "#0"},
				"west": {"uv": [8.5, 8, 8, 9.5], "texture": "#0"},
				"up": {"uv": [8.5, 8, 0, 8.5], "rotation": 180, "texture": "#0"},
				"down": {"uv": [8.5, 9, 0, 9.5], "rotation": 180, "texture": "#0"}
			}
		},
		{
			"from": [-1, 0, -1],
			"to": [0, 3, 16],
			"faces": {
				"north": {"uv": [8.5, 8, 8, 9.5], "texture": "#0"},
				"east": {"uv": [8.5, 8, 0, 9.5], "texture": "#0"},
				"south": {"uv": [8.5, 8, 8, 9.5], "texture": "#0"},
				"west": {"uv": [8.5, 8, 0, 9.5], "texture": "#0"},
				"up": {"uv": [0, 8, 8.5, 8.5], "rotation": 270, "texture": "#0"},
				"down": {"uv": [0, 9, 8.5, 9.5], "rotation": 90, "texture": "#0"}
			}
		},
		{
			"from": [8, 1.25, 1],
			"to": [16, 3.25, 9],
			"faces": {
				"north": {"uv": [8, 8, 0, 10], "texture": "#1"},
				"east": {"uv": [0, 8, 8, 10], "texture": "#1"},
				"south": {"uv": [8, 8, 0, 10], "texture": "#1"},
				"west": {"uv": [0, 8, 8, 10], "texture": "#1"},
				"up": {"uv": [8, 8, 0, 0], "texture": "#1"},
				"down": {"uv": [8, 0, 0, 8], "texture": "#1"}
			}
		},
		{
			"from": [7.8, 1.05, 0.8],
			"to": [16.2, 3.45, 9.2],
			"faces": {
				"north": {"uv": [16, 8, 8, 10], "texture": "#1"},
				"east": {"uv": [8, 8, 16, 10], "texture": "#1"},
				"south": {"uv": [16, 8, 8, 10], "texture": "#1"},
				"west": {"uv": [8, 8, 16, 10], "texture": "#1"},
				"up": {"uv": [16, 8, 8, 0], "texture": "#1"},
				"down": {"uv": [16, 0, 8, 8], "texture": "#1"}
			}
		},
		{
			"from": [-8, 3, 7],
			"to": [0, 5, 15],
			"rotation": {"angle": 45, "axis": "y", "origin": [0, 0, 0]},
			"faces": {
				"north": {"uv": [8, 8, 0, 10], "texture": "#1"},
				"east": {"uv": [0, 8, 8, 10], "texture": "#1"},
				"south": {"uv": [8, 8, 0, 10], "texture": "#1"},
				"west": {"uv": [0, 8, 8, 10], "texture": "#1"},
				"up": {"uv": [8, 8, 0, 0], "texture": "#1"},
				"down": {"uv": [8, 0, 0, 8], "texture": "#1"}
			}
		},
		{
			"from": [-8.2, 2.8, 6.8],
			"to": [0.2, 5.2, 15.2],
			"rotation": {"angle": 45, "axis": "y", "origin": [0, 0, 0]},
			"faces": {
				"north": {"uv": [16, 8, 8, 10], "texture": "#1"},
				"east": {"uv": [8, 8, 16, 10], "texture": "#1"},
				"south": {"uv": [16, 8, 8, 10], "texture": "#1"},
				"west": {"uv": [8, 8, 16, 10], "texture": "#1"},
				"up": {"uv": [16, 8, 8, 0], "texture": "#1"},
				"down": {"uv": [16, 0, 8, 8], "texture": "#1"}
			}
		},
		{
			"from": [11.05, 3.05, 1.05],
			"to": [18.95, 4.95, 8.95],
			"rotation": {"angle": -22.5, "axis": "y", "origin": [0, 0, 0]},
			"faces": {
				"north": {"uv": [16, 8, 8, 10], "texture": "#1"},
				"east": {"uv": [8, 8, 16, 10], "texture": "#1"},
				"south": {"uv": [16, 8, 8, 10], "texture": "#1"},
				"west": {"uv": [8, 8, 16, 10], "texture": "#1"},
				"up": {"uv": [16, 8, 8, 0], "texture": "#1"},
				"down": {"uv": [16, 0, 8, 8], "texture": "#1"}
			}
		},
		{
			"from": [11.25, 3.25, 1.25],
			"to": [18.75, 4.75, 8.75],
			"rotation": {"angle": -22.5, "axis": "y", "origin": [0, 0, 0]},
			"faces": {
				"north": {"uv": [8, 8, 0, 10], "texture": "#1"},
				"east": {"uv": [0, 8, 8, 10], "texture": "#1"},
				"south": {"uv": [8, 8, 0, 10], "texture": "#1"},
				"west": {"uv": [0, 8, 8, 10], "texture": "#1"},
				"up": {"uv": [8, 8, 0, 0], "texture": "#1"},
				"down": {"uv": [8, 0, 0, 8], "texture": "#1"}
			}
		},
		{
			"from": [0.75, 2.75, 2.75],
			"to": [9.25, 5.25, 11.25],
			"rotation": {"angle": 22.5, "axis": "y", "origin": [0, 0, 0]},
			"faces": {
				"north": {"uv": [0, 8, 8, 10], "texture": "#1"},
				"east": {"uv": [8, 8, 0, 10], "texture": "#1"},
				"south": {"uv": [0, 8, 8, 10], "texture": "#1"},
				"west": {"uv": [8, 8, 0, 10], "texture": "#1"},
				"up": {"uv": [8, 8, 0, 0], "rotation": 270, "texture": "#1"},
				"down": {"uv": [8, 0, 0, 8], "rotation": 90, "texture": "#1"}
			}
		},
		{
			"from": [0.55, 2.55, 2.55],
			"to": [9.45, 5.45, 11.45],
			"rotation": {"angle": 22.5, "axis": "y", "origin": [0, 0, 0]},
			"faces": {
				"north": {"uv": [8, 8, 16, 10], "texture": "#1"},
				"east": {"uv": [16, 8, 8, 10], "texture": "#1"},
				"south": {"uv": [8, 8, 16, 10], "texture": "#1"},
				"west": {"uv": [16, 8, 8, 10], "texture": "#1"},
				"up": {"uv": [16, 8, 8, 0], "rotation": 270, "texture": "#1"},
				"down": {"uv": [16, 0, 8, 8], "rotation": 90, "texture": "#1"}
			}
		},
		{
			"from": [7.65, 0.9, 7.65],
			"to": [16.35, 3.6, 16.35],
			"faces": {
				"north": {"uv": [16, 8, 8, 10], "texture": "#1"},
				"east": {"uv": [8, 8, 16, 10], "texture": "#1"},
				"south": {"uv": [16, 8, 8, 10], "texture": "#1"},
				"west": {"uv": [8, 8, 16, 10], "texture": "#1"},
				"up": {"uv": [16, 8, 8, 0], "texture": "#1"},
				"down": {"uv": [16, 0, 8, 8], "texture": "#1"}
			}
		},
		{
			"from": [7.85, 1.1, 7.85],
			"to": [16.15, 3.4, 16.15],
			"faces": {
				"north": {"uv": [8, 8, 0, 10], "texture": "#1"},
				"east": {"uv": [0, 8, 8, 10], "texture": "#1"},
				"south": {"uv": [8, 8, 0, 10], "texture": "#1"},
				"west": {"uv": [0, 8, 8, 10], "texture": "#1"},
				"up": {"uv": [8, 8, 0, 0], "texture": "#1"},
				"down": {"uv": [8, 0, 0, 8], "texture": "#1"}
			}
		},
		{
			"from": [1, 1.5, 8],
			"to": [9, 3.5, 16],
			"faces": {
				"north": {"uv": [8, 8, 0, 10], "texture": "#1"},
				"east": {"uv": [0, 8, 8, 10], "texture": "#1"},
				"south": {"uv": [8, 8, 0, 10], "texture": "#1"},
				"west": {"uv": [0, 8, 8, 10], "texture": "#1"},
				"up": {"uv": [8, 8, 0, 0], "texture": "#1"},
				"down": {"uv": [8, 0, 0, 8], "texture": "#1"}
			}
		},
		{
			"from": [0.8, 1.3, 7.8],
			"to": [9.2, 3.7, 16.2],
			"faces": {
				"north": {"uv": [16, 8, 8, 10], "texture": "#1"},
				"east": {"uv": [8, 8, 16, 10], "texture": "#1"},
				"south": {"uv": [16, 8, 8, 10], "texture": "#1"},
				"west": {"uv": [8, 8, 16, 10], "texture": "#1"},
				"up": {"uv": [16, 8, 8, 0], "texture": "#1"},
				"down": {"uv": [16, 0, 8, 8], "texture": "#1"}
			}
		},
		{
			"from": [0.75, 1.75, -0.25],
			"to": [9.25, 4.25, 8.25],
			"faces": {
				"north": {"uv": [8, 8, 0, 10], "texture": "#1"},
				"east": {"uv": [0, 8, 8, 10], "texture": "#1"},
				"south": {"uv": [8, 8, 0, 10], "texture": "#1"},
				"west": {"uv": [0, 8, 8, 10], "texture": "#1"},
				"up": {"uv": [8, 8, 0, 0], "texture": "#1"},
				"down": {"uv": [8, 0, 0, 8], "texture": "#1"}
			}
		},
		{
			"from": [0.55, 1.55, -0.45],
			"to": [9.45, 4.45, 8.45],
			"faces": {
				"north": {"uv": [16, 8, 8, 10], "texture": "#1"},
				"east": {"uv": [8, 8, 16, 10], "texture": "#1"},
				"south": {"uv": [16, 8, 8, 10], "texture": "#1"},
				"west": {"uv": [8, 8, 16, 10], "texture": "#1"},
				"up": {"uv": [16, 8, 8, 0], "texture": "#1"},
				"down": {"uv": [16, 0, 8, 8], "texture": "#1"}
			}
		}
	],
	"display": {
		"thirdperson_righthand": {
			"translation": [-5.25, 4, 0],
			"scale": [0.8, 0.8, 0.8]
		},
		"thirdperson_lefthand": {
			"translation": [-5.25, 5, -0.5],
			"scale": [0.8, 0.8, 0.8]
		},
		"firstperson_righthand": {
			"translation": [2.75, 5, 0]
		},
		"firstperson_lefthand": {
			"translation": [8.75, 3.5, 0]
		},
		"ground": {
			"translation": [0, 4, 0]
		},
		"gui": {
			"rotation": [10, -50, -10],
			"translation": [0.75, 3.5, 0]
		},
		"head": {
			"translation": [0, 14.25, 0]
		},
		"fixed": {
			"rotation": [-90, 0, 0],
			"translation": [0, 0, -16.5],
			"scale": [2, 2, 2]
		}
	}
}