{
	"credit": "Made with Blockbench",
	"texture_size": [32, 32],
	"textures": {
		"0": "item/dish",
		"1": "item/garlic1",
		"particle": "item/dish"
	},
	"elements": [
		{
			"from": [0, 0, 0],
			"to": [16, 1, 16],
			"faces": {
				"north": {"uv": [0, 0, 8, 0.5], "texture": "#0"},
				"east": {"uv": [0, 0, 8, 0.5], "texture": "#0"},
				"south": {"uv": [0, 0, 8, 0.5], "texture": "#0"},
				"west": {"uv": [0, 0, 8, 0.5], "texture": "#0"},
				"up": {"uv": [0, 0, 8, 8], "texture": "#0"},
				"down": {"uv": [0, 0, 8, 8], "texture": "#0"}
			}
		},
		{
			"from": [0, 0, -1],
			"to": [17, 3, 0],
			"faces": {
				"north": {"uv": [0, 8, 8.5, 9.5], "texture": "#0"},
				"east": {"uv": [8.5, 8, 8, 9.5], "texture": "#0"},
				"south": {"uv": [0, 8, 8.5, 9.5], "texture": "#0"},
				"west": {"uv": [8.5, 8, 8, 9.5], "texture": "#0"},
				"up": {"uv": [0, 8, 8.5, 8.5], "texture": "#0"},
				"down": {"uv": [8.5, 9, 0, 9.5], "texture": "#0"}
			}
		},
		{
			"from": [16, 0, 0],
			"to": [17, 3, 17],
			"faces": {
				"north": {"uv": [8.5, 8, 8, 9.5], "texture": "#0"},
				"east": {"uv": [8.5, 8, 0, 9.5], "texture": "#0"},
				"south": {"uv": [8.5, 8, 8, 9.5], "texture": "#0"},
				"west": {"uv": [0, 8, 8.5, 9.5], "texture": "#0"},
				"up": {"uv": [8.5, 8, 0, 8.5], "rotation": 270, "texture": "#0"},
				"down": {"uv": [8.5, 9, 0, 9.5], "rotation": 90, "texture": "#0"}
			}
		},
		{
			"from": [-1, 0, 16],
			"to": [16, 3, 17],
			"faces": {
				"north": {"uv": [8.5, 8, 0, 9.5], "texture": "#0"},
				"east": {"uv": [8.5, 8, 8, 9.5], "texture": "#0"},
				"south": {"uv": [0, 8, 8.5, 9.5], "texture": "#0"},
				"west": {"uv": [8.5, 8, 8, 9.5], "texture": "#0"},
				"up": {"uv": [8.5, 8, 0, 8.5], "rotation": 180, "texture": "#0"},
				"down": {"uv": [8.5, 9, 0, 9.5], "rotation": 180, "texture": "#0"}
			}
		},
		{
			"from": [-1, 0, -1],
			"to": [0, 3, 16],
			"faces": {
				"north": {"uv": [8.5, 8, 8, 9.5], "texture": "#0"},
				"east": {"uv": [8.5, 8, 0, 9.5], "texture": "#0"},
				"south": {"uv": [8.5, 8, 8, 9.5], "texture": "#0"},
				"west": {"uv": [8.5, 8, 0, 9.5], "texture": "#0"},
				"up": {"uv": [0, 8, 8.5, 8.5], "rotation": 270, "texture": "#0"},
				"down": {"uv": [0, 9, 8.5, 9.5], "rotation": 90, "texture": "#0"}
			}
		},
		{
			"from": [5.75, 0.75, -0.25],
			"to": [10.25, 5.25, 16.25],
			"faces": {
				"north": {"uv": [11, 8, 15, 12], "texture": "#1"},
				"east": {"uv": [0, 8, 16, 12], "texture": "#1"},
				"south": {"uv": [11, 8, 15, 12], "texture": "#1"},
				"west": {"uv": [0, 8, 16, 12], "texture": "#1"},
				"up": {"uv": [0, 4, 16, 8], "rotation": 90, "texture": "#1"},
				"down": {"uv": [0, 12, 16, 16], "rotation": 90, "texture": "#1"}
			}
		},
		{
			"from": [11, 1, 0],
			"to": [15, 5, 16],
			"faces": {
				"north": {"uv": [11, 8, 15, 12], "texture": "#1"},
				"east": {"uv": [0, 8, 16, 12], "texture": "#1"},
				"south": {"uv": [11, 8, 15, 12], "texture": "#1"},
				"west": {"uv": [0, 8, 16, 12], "texture": "#1"},
				"up": {"uv": [0, 4, 16, 8], "rotation": 90, "texture": "#1"},
				"down": {"uv": [0, 12, 16, 16], "rotation": 90, "texture": "#1"}
			}
		},
		{
			"from": [8.4, 3.9, -0.1],
			"to": [12.6, 8.1, 16.1],
			"faces": {
				"north": {"uv": [11, 8, 15, 12], "texture": "#1"},
				"east": {"uv": [0, 8, 16, 12], "texture": "#1"},
				"south": {"uv": [11, 8, 15, 12], "texture": "#1"},
				"west": {"uv": [0, 8, 16, 12], "texture": "#1"},
				"up": {"uv": [0, 4, 16, 8], "rotation": 90, "texture": "#1"},
				"down": {"uv": [0, 12, 16, 16], "rotation": 90, "texture": "#1"}
			}
		},
		{
			"from": [2.4, 3.9, -0.1],
			"to": [6.6, 8.1, 16.1],
			"faces": {
				"north": {"uv": [11, 8, 15, 12], "texture": "#1"},
				"east": {"uv": [0, 8, 16, 12], "texture": "#1"},
				"south": {"uv": [11, 8, 15, 12], "texture": "#1"},
				"west": {"uv": [0, 8, 16, 12], "texture": "#1"},
				"up": {"uv": [0, 4, 16, 8], "rotation": 90, "texture": "#1"},
				"down": {"uv": [0, 12, 16, 16], "rotation": 90, "texture": "#1"}
			}
		},
		{
			"from": [1, 1, 0],
			"to": [5, 5, 16],
			"faces": {
				"north": {"uv": [11, 8, 15, 12], "texture": "#1"},
				"east": {"uv": [0, 8, 16, 12], "texture": "#1"},
				"south": {"uv": [11, 8, 15, 12], "texture": "#1"},
				"west": {"uv": [0, 8, 16, 12], "texture": "#1"},
				"up": {"uv": [0, 4, 16, 8], "rotation": 90, "texture": "#1"},
				"down": {"uv": [0, 12, 16, 16], "rotation": 90, "texture": "#1"}
			}
		}
	],
	"display": {
		"thirdperson_righthand": {
			"translation": [-5.25, 4, 0],
			"scale": [0.8, 0.8, 0.8]
		},
		"thirdperson_lefthand": {
			"translation": [-5.25, 5, -0.5],
			"scale": [0.8, 0.8, 0.8]
		},
		"firstperson_righthand": {
			"translation": [2.75, 5, 0]
		},
		"firstperson_lefthand": {
			"translation": [8.75, 3.5, 0]
		},
		"ground": {
			"translation": [0, 4, 0]
		},
		"gui": {
			"rotation": [10, -50, -10],
			"translation": [0.75, 3.5, 0]
		},
		"head": {
			"translation": [0, 14.25, 0]
		},
		"fixed": {
			"rotation": [-90, 0, 0],
			"translation": [0, 0, -16.5],
			"scale": [2, 2, 2]
		}
	}
}