{
	"credit": "Made with Blockbench",
	"texture_size": [32, 32],
	"textures": {
		"0": "item/bowl",
		"particle": "item/0"
	},
	"elements": [
		{
			"from": [3, 0, 3],
			"to": [13, 4, 13],
			"faces": {
				"north": {"uv": [0, 0, 5, 2], "texture": "#0"},
				"east": {"uv": [5, 0, 0, 2], "texture": "#0"},
				"south": {"uv": [0, 0, 5, 2], "texture": "#0"},
				"west": {"uv": [5, 0, 0, 2], "texture": "#0"},
				"up": {"uv": [5, 7, 0, 2], "texture": "#0"},
				"down": {"uv": [5, 7, 0, 12], "texture": "#0"}
			}
		},
		{
			"from": [12, 4, 12],
			"to": [4, 1, 4],
			"faces": {
				"north": {"uv": [0.5, 0.5, 4.5, 2], "texture": "#0"},
				"east": {"uv": [0.5, 0.5, 4.5, 2], "texture": "#0"},
				"south": {"uv": [0.5, 0.5, 4.5, 2], "texture": "#0"},
				"west": {"uv": [0.5, 0.5, 4.5, 2], "texture": "#0"},
				"up": {"uv": [1, 8, 4.5, 11.5], "texture": "#0"},
				"down": {"uv": [3, 4.5, 3, 4.5], "texture": "#0"}
			}
		},
		{
			"from": [4, 3, 4],
			"to": [12, 3, 12],
			"faces": {
				"north": {"uv": [0, 0, 4, 0], "texture": "#0"},
				"east": {"uv": [0, 0, 4, 0], "texture": "#0"},
				"south": {"uv": [0, 0, 4, 0], "texture": "#0"},
				"west": {"uv": [0, 0, 4, 0], "texture": "#0"},
				"up": {"uv": [8, 12, 12, 16], "texture": "#0"},
				"down": {"uv": [0.5, 2.5, 4.5, 6.5], "texture": "#0"}
			}
		},
		{
			"from": [5, 2.75, 12],
			"to": [7, 3.75, 14],
			"rotation": {"angle": 22.5, "axis": "y", "origin": [0, 0, 0]},
			"faces": {
				"north": {"uv": [12, 14.5, 13, 15], "texture": "#0"},
				"east": {"uv": [13, 14.5, 12, 15], "texture": "#0"},
				"south": {"uv": [12, 14.5, 13, 15], "texture": "#0"},
				"west": {"uv": [13, 14.5, 12, 15], "texture": "#0"},
				"up": {"uv": [12, 15, 13, 16], "texture": "#0"},
				"down": {"uv": [12, 15, 13, 16], "texture": "#0"}
			}
		},
		{
			"from": [6, 4, 3],
			"to": [8, 6, 5],
			"rotation": {"angle": 22.5, "axis": "x", "origin": [0, 0, 0]},
			"faces": {
				"north": {"uv": [13, 15, 14, 16], "texture": "#0"},
				"east": {"uv": [14, 15, 13, 16], "texture": "#0"},
				"south": {"uv": [13, 15, 14, 16], "texture": "#0"},
				"west": {"uv": [14, 15, 13, 16], "texture": "#0"},
				"up": {"uv": [13, 15, 14, 16], "texture": "#0"},
				"down": {"uv": [13, 15, 14, 16], "texture": "#0"}
			}
		},
		{
			"from": [-4, 2.75, 10],
			"to": [-2, 3.75, 11],
			"rotation": {"angle": 45, "axis": "y", "origin": [0, 0, 0]},
			"faces": {
				"north": {"uv": [14, 14.5, 13, 15], "texture": "#0"},
				"east": {"uv": [13.5, 14.5, 14, 15], "texture": "#0"},
				"south": {"uv": [13, 14.5, 14, 15], "texture": "#0"},
				"west": {"uv": [13, 14.5, 13.5, 15], "texture": "#0"},
				"up": {"uv": [13, 14.5, 14, 15], "texture": "#0"},
				"down": {"uv": [13, 14.5, 14, 15], "texture": "#0"}
			}
		},
		{
			"from": [6, 2.75, 9],
			"to": [8, 3.75, 11],
			"rotation": {"angle": 22.5, "axis": "y", "origin": [0, 0, 0]},
			"faces": {
				"north": {"uv": [14, 14.5, 15, 15], "texture": "#0"},
				"east": {"uv": [14, 14.5, 15, 15], "texture": "#0"},
				"south": {"uv": [14, 14.5, 15, 15], "texture": "#0"},
				"west": {"uv": [14, 14.5, 15, 15], "texture": "#0"},
				"up": {"uv": [14, 15, 15, 16], "texture": "#0"},
				"down": {"uv": [14, 15, 15, 16], "texture": "#0"}
			}
		},
		{
			"from": [5, 0.5, 5],
			"to": [6, 1.5, 6],
			"rotation": {"angle": 22.5, "axis": "z", "origin": [0, 0, 0]},
			"faces": {
				"north": {"uv": [14, 15, 14.5, 15.5], "texture": "#0"},
				"east": {"uv": [14, 15, 14.5, 15.5], "texture": "#0"},
				"south": {"uv": [14, 15, 14.5, 15.5], "texture": "#0"},
				"west": {"uv": [14, 15, 14.5, 15.5], "texture": "#0"},
				"up": {"uv": [14, 15.5, 14.5, 16], "texture": "#0"},
				"down": {"uv": [14.5, 15.5, 15, 16], "texture": "#0"}
			}
		},
		{
			"from": [5.5, 4.25, 7],
			"to": [7.5, 6.25, 10],
			"rotation": {"angle": -22.5, "axis": "z", "origin": [0, 0, 0]},
			"faces": {
				"north": {"uv": [15, 12.5, 16, 13.5], "texture": "#0"},
				"east": {"uv": [13.5, 13.5, 15, 14.5], "texture": "#0"},
				"south": {"uv": [15, 13.5, 16, 14.5], "texture": "#0"},
				"west": {"uv": [13.5, 13.5, 15, 14.5], "texture": "#0"},
				"up": {"uv": [15, 14.5, 16, 16], "texture": "#0"},
				"down": {"uv": [15, 14.5, 16, 16], "texture": "#0"}
			}
		}
	],
	"display": {
		"thirdperson_righthand": {
			"translation": [-5.25, 4, 0],
			"scale": [0.8, 0.8, 0.8]
		},
		"thirdperson_lefthand": {
			"translation": [-5.25, 5, -0.5],
			"scale": [0.8, 0.8, 0.8]
		},
		"firstperson_righthand": {
			"translation": [2.75, 5, 0]
		},
		"firstperson_lefthand": {
			"translation": [8.75, 3.5, 0]
		},
		"ground": {
			"translation": [0, 4, 0]
		},
		"gui": {
			"rotation": [10, -50, -10],
			"translation": [0.75, 3.5, 0]
		},
		"head": {
			"translation": [0, 14.25, 0]
		},
		"fixed": {
			"rotation": [-90, 0, 0],
			"translation": [0, 0, -16.5],
			"scale": [2, 2, 2]
		}
	}
}