{
	"credit": "Made with Blockbench",
	"texture_size": [32, 32],
	"textures": {
		"0": "item/dish",
		"1": "item/bowl",
		"particle": "item/dish"
	},
	"elements": [
		{
			"from": [3, 0, 4],
			"to": [7, 3, 8],
			"faces": {
				"north": {"uv": [6, 11, 8, 12.5], "texture": "#0"},
				"east": {"uv": [8, 11, 6, 12.5], "texture": "#0"},
				"south": {"uv": [6, 11, 8, 12.5], "texture": "#0"},
				"west": {"uv": [8, 11, 6, 12.5], "texture": "#0"},
				"up": {"uv": [8, 0, 8.5, 0.5], "texture": "#0"},
				"down": {"uv": [6, 12.5, 8, 14.5], "texture": "#0"}
			}
		},
		{
			"from": [10, 0, 2],
			"to": [14, 3, 6],
			"faces": {
				"north": {"uv": [6, 11, 8, 12.5], "texture": "#0"},
				"east": {"uv": [8, 11, 6, 12.5], "texture": "#0"},
				"south": {"uv": [6, 11, 8, 12.5], "texture": "#0"},
				"west": {"uv": [8, 11, 6, 12.5], "texture": "#0"},
				"up": {"uv": [8, 0, 8.5, 0.5], "texture": "#0"},
				"down": {"uv": [6, 12.5, 8, 14.5], "texture": "#0"}
			}
		},
		{
			"from": [8, 0, 10],
			"to": [12, 3, 14],
			"faces": {
				"north": {"uv": [6, 11, 8, 12.5], "texture": "#0"},
				"east": {"uv": [8, 11, 6, 12.5], "texture": "#0"},
				"south": {"uv": [6, 11, 8, 12.5], "texture": "#0"},
				"west": {"uv": [8, 11, 6, 12.5], "texture": "#0"},
				"up": {"uv": [8, 0, 8.5, 0.5], "texture": "#0"},
				"down": {"uv": [6, 12.5, 8, 14.5], "texture": "#0"}
			}
		},
		{
			"from": [3, 2.75, 4],
			"to": [7, 2.75, 8],
			"faces": {
				"north": {"uv": [0, 0, 1, 0], "texture": "#0"},
				"east": {"uv": [0, 0, 1, 0], "texture": "#0"},
				"south": {"uv": [0, 0, 1, 0], "texture": "#0"},
				"west": {"uv": [0, 0, 1, 0], "texture": "#0"},
				"up": {"uv": [3.5, 9.5, 5.5, 11.5], "texture": "#0"},
				"down": {"uv": [3.5, 9.5, 5.5, 11.5], "texture": "#0"}
			}
		},
		{
			"from": [8, 2.75, 10],
			"to": [12, 2.75, 14],
			"faces": {
				"north": {"uv": [0, 0, 1, 0], "texture": "#1"},
				"east": {"uv": [0, 0, 1, 0], "texture": "#1"},
				"south": {"uv": [0, 0, 1, 0], "texture": "#1"},
				"west": {"uv": [0, 0, 1, 0], "texture": "#1"},
				"up": {"uv": [10, 9, 12, 11], "texture": "#1"},
				"down": {"uv": [10, 9, 12, 11], "texture": "#1"}
			}
		},
		{
			"from": [10, 2.75, 2],
			"to": [14, 2.75, 6],
			"faces": {
				"north": {"uv": [0, 0, 1, 0], "texture": "#1"},
				"east": {"uv": [0, 0, 1, 0], "texture": "#1"},
				"south": {"uv": [0, 0, 1, 0], "texture": "#1"},
				"west": {"uv": [0, 0, 1, 0], "texture": "#1"},
				"up": {"uv": [10, 5, 12, 7], "texture": "#1"},
				"down": {"uv": [10, 5, 12, 7], "texture": "#1"}
			}
		}
	],
	"display": {
		"thirdperson_righthand": {
			"translation": [-0.75, 6.5, 2],
			"scale": [0.8, 0.8, 0.8]
		},
		"thirdperson_lefthand": {
			"translation": [0.75, 5, 2.5],
			"scale": [0.8, 0.8, 0.8]
		},
		"firstperson_righthand": {
			"translation": [2.75, 5, 0]
		},
		"firstperson_lefthand": {
			"translation": [8.75, 3.5, 0]
		},
		"ground": {
			"translation": [0, 4, 0]
		},
		"gui": {
			"rotation": [10, -50, -10],
			"translation": [-1.25, 3.75, 0],
			"scale": [1.1, 1.1, 1.1]
		},
		"head": {
			"translation": [0, 14.25, 0]
		},
		"fixed": {
			"rotation": [-90, 0, 0],
			"translation": [0, 0, -16],
			"scale": [2, 2, 2]
		}
	}
}