{
	"credit": "Made with Blockbench",
	"texture_size": [32, 32],
	"textures": {
		"0": "item/bowl",
		"particle": "item/0"
	},
	"elements": [
		{
			"from": [3, 0, 3],
			"to": [13, 4, 13],
			"faces": {
				"north": {"uv": [0, 0, 5, 2], "texture": "#0"},
				"east": {"uv": [5, 0, 0, 2], "texture": "#0"},
				"south": {"uv": [0, 0, 5, 2], "texture": "#0"},
				"west": {"uv": [5, 0, 0, 2], "texture": "#0"},
				"up": {"uv": [5, 7, 0, 2], "texture": "#0"},
				"down": {"uv": [5, 7, 0, 12], "texture": "#0"}
			}
		},
		{
			"from": [12, 4, 12],
			"to": [4, 1, 4],
			"faces": {
				"north": {"uv": [0.5, 0.5, 4.5, 2], "texture": "#0"},
				"east": {"uv": [0.5, 0.5, 4.5, 2], "texture": "#0"},
				"south": {"uv": [0.5, 0.5, 4.5, 2], "texture": "#0"},
				"west": {"uv": [0.5, 0.5, 4.5, 2], "texture": "#0"},
				"up": {"uv": [1, 8, 4.5, 11.5], "texture": "#0"},
				"down": {"uv": [3, 4.5, 3, 4.5], "texture": "#0"}
			}
		},
		{
			"from": [4, 3, 4],
			"to": [12, 3, 12],
			"faces": {
				"north": {"uv": [0, 0, 4, 0], "texture": "#0"},
				"east": {"uv": [0, 0, 4, 0], "texture": "#0"},
				"south": {"uv": [0, 0, 4, 0], "texture": "#0"},
				"west": {"uv": [0, 0, 4, 0], "texture": "#0"},
				"up": {"uv": [9, 4, 13, 8], "texture": "#0"},
				"down": {"uv": [0.5, 2.5, 4.5, 6.5], "texture": "#0"}
			}
		},
		{
			"from": [9, -1, 6],
			"to": [11, 1, 8],
			"rotation": {"angle": -22.5, "axis": "x", "origin": [0, 0, 0]},
			"faces": {
				"north": {"uv": [9.5, 8.5, 10.5, 9.5], "texture": "#0"},
				"east": {"uv": [9.5, 8.5, 10.5, 9.5], "texture": "#0"},
				"south": {"uv": [9.5, 8.5, 10.5, 9.5], "texture": "#0"},
				"west": {"uv": [9.5, 8.5, 10.5, 9.5], "texture": "#0"},
				"up": {"uv": [9.5, 8.5, 10.5, 9.5], "texture": "#0"},
				"down": {"uv": [9.5, 8.5, 10.5, 9.5], "texture": "#0"}
			}
		},
		{
			"from": [5.25, 2.25, 11.25],
			"to": [6.75, 3.75, 12.75],
			"faces": {
				"north": {"uv": [10.5, 9, 11.5, 10], "texture": "#0"},
				"east": {"uv": [10.5, 9, 11.5, 10], "texture": "#0"},
				"south": {"uv": [10.5, 9, 11.5, 10], "texture": "#0"},
				"west": {"uv": [10.5, 9, 11.5, 10], "texture": "#0"},
				"up": {"uv": [10.5, 9, 11.5, 10], "texture": "#0"},
				"down": {"uv": [10.5, 9, 11.5, 10], "texture": "#0"}
			}
		},
		{
			"from": [2, 2, 7],
			"to": [4, 4, 9],
			"rotation": {"angle": 22.5, "axis": "y", "origin": [0, 0, 0]},
			"faces": {
				"north": {"uv": [6.5, 2, 7.5, 3], "texture": "#0"},
				"east": {"uv": [6.5, 2, 7.5, 3], "texture": "#0"},
				"south": {"uv": [6.5, 2, 7.5, 3], "texture": "#0"},
				"west": {"uv": [6.5, 2, 7.5, 3], "texture": "#0"},
				"up": {"uv": [6.5, 2, 7.5, 3], "texture": "#0"},
				"down": {"uv": [6.5, 2, 7.5, 3], "texture": "#0"}
			}
		},
		{
			"from": [-0.75, 2.25, 13.25],
			"to": [0.75, 3.75, 14.75],
			"rotation": {"angle": 45, "axis": "y", "origin": [0, 0, 0]},
			"faces": {
				"north": {"uv": [0.5, 15, 1.5, 16], "texture": "#0"},
				"east": {"uv": [0.5, 15, 1.5, 16], "texture": "#0"},
				"south": {"uv": [0.5, 15, 1.5, 16], "texture": "#0"},
				"west": {"uv": [0.5, 15, 1.5, 16], "texture": "#0"},
				"up": {"uv": [0.5, 15, 1.5, 16], "texture": "#0"},
				"down": {"uv": [0.5, 15, 1.5, 16], "texture": "#0"}
			}
		}
	],
	"display": {
		"thirdperson_righthand": {
			"translation": [-5.25, 4, 0],
			"scale": [0.8, 0.8, 0.8]
		},
		"thirdperson_lefthand": {
			"translation": [-5.25, 5, -0.5],
			"scale": [0.8, 0.8, 0.8]
		},
		"firstperson_righthand": {
			"translation": [2.75, 5, 0]
		},
		"firstperson_lefthand": {
			"translation": [8.75, 3.5, 0]
		},
		"ground": {
			"translation": [0, 4, 0]
		},
		"gui": {
			"rotation": [10, -50, -10],
			"translation": [0.75, 3.5, 0]
		},
		"head": {
			"translation": [0, 14.25, 0]
		},
		"fixed": {
			"rotation": [-90, 0, 0],
			"translation": [0, 0, -16.5],
			"scale": [2, 2, 2]
		}
	}
}