{
	"credit": "Made with Blockbench",
	"textures": {
		"0": "block/saplings/wood_barrel",
		"1": "block/saplings/maple_tree",
		"2": "block/saplings/maple_leaves_top",
		"3": "block/saplings/maple_leaves_side2",
		"4": "block/saplings/maple_leaves_side1",
		"6": "block/saplings/wood_barrel_bottom",
		"7": "block/saplings/potted_dirt",
		"particle": "block/saplings/wood_barrel"
	},
	"elements": [
		{
			"from": [2.01164, 0, 1.94564],
			"to": [14.12044, 5.2976, 14.05444],
			"rotation": {"angle": 0, "axis": "y", "origin": [2.01164, 0, 1.94564]},
			"faces": {
				"north": {"uv": [16, 9, 0, 16], "texture": "#0"},
				"east": {"uv": [16, 9, 0, 16], "texture": "#0"},
				"south": {"uv": [16, 9, 0, 16], "texture": "#0"},
				"west": {"uv": [0, 9, 16, 16], "texture": "#0"},
				"up": {"uv": [0, 0, 16, 16], "texture": "#7"},
				"down": {"uv": [0, 0, 16, 16], "texture": "#6"}
			}
		},
		{
			"from": [2.01164, 5.2976, 1.94564],
			"to": [14.12044, 7.0544, 3.45924],
			"rotation": {"angle": 0, "axis": "y", "origin": [2.01164, 0, 1.94564]},
			"faces": {
				"north": {"uv": [16, 8, 0, 9], "texture": "#0"},
				"east": {"uv": [0, 7, 2, 9], "texture": "#0"},
				"south": {"uv": [0, 8, 16, 9], "texture": "#0"},
				"west": {"uv": [0, 7, 1, 9], "rotation": 90, "texture": "#0"},
				"up": {"uv": [0, 7, 16, 9], "texture": "#0"}
			}
		},
		{
			"from": [2.01164, 5.2976, 3.45924],
			"to": [3.52524, 7.0544, 12.54084],
			"rotation": {"angle": 0, "axis": "y", "origin": [2.01164, 0, 1.94564]},
			"faces": {
				"east": {"uv": [14, 9, 2, 8], "texture": "#0"},
				"west": {"uv": [2, 8, 14, 9], "texture": "#0"},
				"up": {"uv": [2, 7, 14, 9], "rotation": 90, "texture": "#0"}
			}
		},
		{
			"from": [2.01164, 5.2976, 12.54084],
			"to": [14.12044, 7.0544, 14.05444],
			"rotation": {"angle": 0, "axis": "y", "origin": [2.01164, 0, 1.94564]},
			"faces": {
				"north": {"uv": [0, 8, 16, 9], "texture": "#0"},
				"east": {"uv": [16, 7, 14, 9], "texture": "#0"},
				"south": {"uv": [16, 8, 0, 9], "texture": "#0"},
				"west": {"uv": [14, 7, 16, 9], "texture": "#0"},
				"up": {"uv": [16, 7, 0, 9], "texture": "#0"}
			}
		},
		{
			"from": [12.60684, 5.2976, 3.45924],
			"to": [14.12044, 7.0544, 12.54084],
			"rotation": {"angle": 0, "axis": "y", "origin": [2.01164, 0, 1.94564]},
			"faces": {
				"east": {"uv": [14, 9, 2, 8], "texture": "#0"},
				"west": {"uv": [2, 8, 14, 9], "texture": "#0"},
				"up": {"uv": [2, 7, 14, 9], "rotation": 90, "texture": "#0"}
			}
		},
		{
			"from": [8.10488, 4.7301, 0.67424],
			"to": [8.10488, 19.38174, 15.32589],
			"rotation": {"angle": 0, "axis": "y", "origin": [8.10488, 12.05592, 8.00006]},
			"faces": {
				"east": {"uv": [16, 0, 0, 16], "texture": "#1"},
				"west": {"uv": [0, 0, 16, 16], "texture": "#1"}
			}
		},
		{
			"from": [0.77906, 4.7301, 8.00006],
			"to": [15.4307, 19.38174, 8.00006],
			"rotation": {"angle": 0, "axis": "y", "origin": [0.77906, -1.68, 0.67424]},
			"faces": {
				"north": {"uv": [0, 0, 16, 16], "texture": "#1"},
				"south": {"uv": [16, 0, 0, 16], "texture": "#1"}
			}
		},
		{
			"from": [0.77906, 9.24727, 16.79459],
			"to": [15.4307, 22.06746, 16.79459],
			"rotation": {"angle": -22.5, "axis": "x", "origin": [8.10488, 19.32028, 11.30022]},
			"faces": {
				"north": {"uv": [16, 0, 0, 14], "texture": "#4"},
				"south": {"uv": [0, 0, 16, 14], "texture": "#4"}
			}
		},
		{
			"from": [-5.69547, 11.14111, 12.64314],
			"to": [8.95618, 24.87703, 12.64314],
			"rotation": {"angle": -45, "axis": "y", "origin": [1.63035, 17.55121, 14.47459]},
			"faces": {
				"north": {"uv": [16, 0, 0, 15], "texture": "#3"},
				"south": {"uv": [0, 0, 16, 15], "texture": "#3"}
			}
		},
		{
			"from": [-5.69547, 11.14111, 3.35699],
			"to": [8.95618, 24.87703, 3.35699],
			"rotation": {"angle": 45, "axis": "y", "origin": [1.63035, 17.55121, 1.52554]},
			"faces": {
				"north": {"uv": [16, 0, 0, 15], "texture": "#3"},
				"south": {"uv": [0, 0, 16, 15], "texture": "#3"}
			}
		},
		{
			"from": [7.25358, 11.14111, 3.35699],
			"to": [21.90523, 24.87703, 3.35699],
			"rotation": {"angle": -45, "axis": "y", "origin": [14.57941, 17.55121, 1.52554]},
			"faces": {
				"north": {"uv": [0, 0, 16, 15], "texture": "#3"},
				"south": {"uv": [16, 0, 0, 15], "texture": "#3"}
			}
		},
		{
			"from": [7.25358, 11.14111, 12.64314],
			"to": [21.90523, 24.87703, 12.64314],
			"rotation": {"angle": 45, "axis": "y", "origin": [14.57941, 17.55121, 14.47459]},
			"faces": {
				"north": {"uv": [0, 0, 16, 15], "texture": "#3"},
				"south": {"uv": [16, 0, 0, 15], "texture": "#3"}
			}
		},
		{
			"from": [0.77906, 10.0879, -1.35674],
			"to": [15.4307, 22.9081, -1.35674],
			"rotation": {"angle": 22.5, "axis": "x", "origin": [8.10488, 18.32946, 2.30617]},
			"faces": {
				"north": {"uv": [16, 0, 0, 14], "texture": "#4"},
				"south": {"uv": [0, 0, 16, 14], "texture": "#4"}
			}
		},
		{
			"from": [15.54179, 9.35475, 0.67424],
			"to": [15.54179, 22.17494, 15.32589],
			"rotation": {"angle": 22.5, "axis": "z", "origin": [10.04743, 19.42776, 8.00006]},
			"faces": {
				"east": {"uv": [16, 0, 0, 14], "texture": "#4"},
				"west": {"uv": [0, 0, 16, 14], "texture": "#4"}
			}
		},
		{
			"from": [-1.04092, 9.31733, 0.67424],
			"to": [-1.04092, 22.13752, 15.32589],
			"rotation": {"angle": -22.5, "axis": "z", "origin": [4.45345, 18.47461, 8.00006]},
			"faces": {
				"east": {"uv": [16, 0, 0, 14], "texture": "#4"},
				"west": {"uv": [0, 0, 16, 14], "texture": "#4"}
			}
		},
		{
			"from": [0.77906, 23.96038, 0.67424],
			"to": [15.4307, 23.96038, 15.32589],
			"rotation": {"angle": 0, "axis": "y", "origin": [0.77906, 2.89864, 0.67424]},
			"faces": {
				"up": {"uv": [0, 0, 16, 16], "texture": "#2"},
				"down": {"uv": [0, 0, 16, 16], "texture": "#2"}
			}
		},
		{
			"from": [0.77906, 24.87611, 0.67424],
			"to": [15.4307, 24.87611, 15.32589],
			"rotation": {"angle": 45, "axis": "y", "origin": [8.10488, 24.87611, 8.00006]},
			"faces": {
				"up": {"uv": [0, 0, 16, 16], "texture": "#2"},
				"down": {"uv": [0, 0, 16, 16], "texture": "#2"}
			}
		},
		{
			"from": [13.70032, 12.11699, 15.25996],
			"to": [13.70032, 17.48939, 21.52776],
			"rotation": {"angle": -45, "axis": "y", "origin": [17.86489, 14.80319, 18.39386]},
			"faces": {
				"east": {"uv": [0, 0, 7, 6], "texture": "#0"},
				"west": {"uv": [0, 6, 7, 0], "rotation": 180, "texture": "#0"}
			}
		},
		{
			"from": [2.34963, 12.11699, 15.25996],
			"to": [2.34963, 17.48939, 21.52776],
			"rotation": {"angle": 45, "axis": "y", "origin": [-1.81495, 14.80319, 18.39386]},
			"faces": {
				"east": {"uv": [7, 6, 0, 0], "rotation": 180, "texture": "#0"},
				"west": {"uv": [7, 0, 0, 6], "texture": "#0"}
			}
		},
		{
			"from": [13.70032, 12.11699, -5.52773],
			"to": [13.70032, 17.48939, 0.74007],
			"rotation": {"angle": 45, "axis": "y", "origin": [17.86489, 14.80319, -2.39383]},
			"faces": {
				"east": {"uv": [7, 0, 0, 6], "texture": "#0"},
				"west": {"uv": [7, 6, 0, 0], "rotation": 180, "texture": "#0"}
			}
		},
		{
			"from": [2.34963, 12.11699, -5.52773],
			"to": [2.34963, 17.48939, 0.74007],
			"rotation": {"angle": -45, "axis": "y", "origin": [-1.81495, 14.80319, -2.39383]},
			"faces": {
				"east": {"uv": [0, 6, 7, 0], "rotation": 180, "texture": "#0"},
				"west": {"uv": [0, 0, 7, 6], "texture": "#0"}
			}
		}
	],
	"groups": [
		{
			"name": "barrel",
			"origin": [8, 8, 8],
			"color": 0,
			"children": [0, 1, 2, 3, 4]
		},
		{
			"name": "tree",
			"origin": [8, 8, 8],
			"color": 0,
			"children": [5, 6]
		},
		{
			"name": "leaves",
			"origin": [8, 8, 8],
			"color": 0,
			"children": [7, 8, 9, 10, 11, 12, 13, 14, 15, 16, 17, 18, 19, 20]
		}
	]
}