{
	"credit": "Made with Blockbench",
	"textures": {
		"0": "block/saplings/rhododendron_stem",
		"1": "block/saplings/rhododendron_bottom",
		"2": "block/saplings/rhododendron_top",
		"4": "block/saplings/rhododendron_details",
		"5": "block/saplings/potted_dirt",
		"6": "block/saplings/wood_box",
		"particle": "block/saplings/rhododendron_bottom"
	},
	"elements": [
		{
			"from": [-0.50515, 10.25469, -2.1497],
			"to": [17.09485, 20.15469, -2.1497],
			"rotation": {"angle": 22.5, "axis": "x", "origin": [-0.50515, 8.05469, -4.3497]},
			"faces": {
				"north": {"uv": [0, 0, 16, 9], "texture": "#1"},
				"south": {"uv": [0, 0, 16, 9], "texture": "#1"}
			}
		},
		{
			"from": [6.33886, 4, -6.83896],
			"to": [6.33886, 17.2, 10.76104],
			"rotation": {"angle": -45, "axis": "y", "origin": [-0.26114, 10.6, 7.46104]},
			"faces": {
				"east": {"uv": [16, 0, 0, 12], "texture": "#0"},
				"west": {"uv": [0, 0, 16, 12], "texture": "#0"}
			}
		},
		{
			"from": [-0.50515, 10.25469, 18.62743],
			"to": [17.09485, 20.15469, 18.62743],
			"rotation": {"angle": -22.5, "axis": "x", "origin": [-0.50515, 8.05469, 20.82743]},
			"faces": {
				"north": {"uv": [16, 0, 0, 9], "texture": "#1"},
				"south": {"uv": [16, 0, 0, 9], "texture": "#1"}
			}
		},
		{
			"from": [10.25084, 4, -6.83896],
			"to": [10.25084, 17.2, 10.76104],
			"rotation": {"angle": 45, "axis": "y", "origin": [16.85084, 10.6, 7.46104]},
			"faces": {
				"east": {"uv": [16, 0, 0, 12], "texture": "#0"},
				"west": {"uv": [0, 0, 16, 12], "texture": "#0"}
			}
		},
		{
			"from": [16.70438, 9.28906, -0.98669],
			"to": [16.70438, 19.18906, 16.61331],
			"rotation": {"angle": 22.5, "axis": "z", "origin": [20.00438, 14.23906, 11.11331]},
			"faces": {
				"east": {"uv": [0, 0, 16, 9], "texture": "#1"},
				"west": {"uv": [0, 0, 16, 9], "texture": "#1"}
			}
		},
		{
			"from": [-0.11468, 9.28906, -0.98669],
			"to": [-0.11468, 19.18906, 16.61331],
			"rotation": {"angle": -22.5, "axis": "z", "origin": [-3.41468, 14.23906, 11.11331]},
			"faces": {
				"east": {"uv": [16, 0, 0, 9], "texture": "#1"},
				"west": {"uv": [16, 0, 0, 9], "texture": "#1"}
			}
		},
		{
			"from": [-3.40127, 14.93675, 1.41331],
			"to": [9.79873, 14.93675, 14.61331],
			"rotation": {"angle": 22.5, "axis": "z", "origin": [-3.90127, 10.53675, 15.51331]},
			"faces": {
				"east": {"uv": [0, 0, 12, 0], "texture": "#2"},
				"up": {"uv": [14, 2, 2, 14], "texture": "#2"},
				"down": {"uv": [2, 2, 14, 14], "texture": "#2"}
			}
		},
		{
			"from": [1.49485, 14.77009, 7.56947],
			"to": [14.69485, 14.77009, 20.76947],
			"rotation": {"angle": 22.5, "axis": "x", "origin": [3.89485, 12.57009, 22.46947]},
			"faces": {
				"east": {"uv": [0, 0, 12, 0], "texture": "#2"},
				"up": {"uv": [14, 2, 2, 14], "texture": "#2"},
				"down": {"uv": [2, 2, 14, 14], "texture": "#2"}
			}
		},
		{
			"from": [6.7919, 14.93713, 1.41331],
			"to": [19.9919, 14.93713, 14.61331],
			"rotation": {"angle": -22.5, "axis": "z", "origin": [20.4919, 10.53713, 15.51331]},
			"faces": {
				"west": {"uv": [12, 0, 0, 0], "texture": "#2"},
				"up": {"uv": [14, 2, 2, 14], "texture": "#2"},
				"down": {"uv": [14, 2, 2, 14], "texture": "#2"}
			}
		},
		{
			"from": [1.49485, 14.7697, -4.29081],
			"to": [14.69485, 14.7697, 8.90919],
			"rotation": {"angle": -22.5, "axis": "x", "origin": [3.89485, 12.5697, -5.99081]},
			"faces": {
				"east": {"uv": [12, 0, 0, 0], "texture": "#2"},
				"up": {"uv": [14, 2, 2, 14], "texture": "#2"},
				"down": {"uv": [2, 14, 14, 2], "texture": "#2"}
			}
		},
		{
			"from": [1.69485, 19.88387, 1.63887],
			"to": [14.89485, 19.88387, 14.83887],
			"rotation": {"angle": 0, "axis": "z", "origin": [7.19485, 1.73387, 13.73887]},
			"faces": {
				"east": {"uv": [0, 0, 12, 0], "texture": "#2"},
				"up": {"uv": [2, 2, 14, 14], "texture": "#2"},
				"down": {"uv": [2, 2, 14, 14], "texture": "#2"}
			}
		},
		{
			"from": [14.63624, 17.2, 0.15121],
			"to": [14.63624, 21.6, 7.85121],
			"rotation": {"angle": -22.5, "axis": "z", "origin": [14.63624, 19.4, 5.10121]},
			"faces": {
				"east": {"uv": [9, 15, 16, 11], "texture": "#4"},
				"west": {"uv": [9, 15, 16, 11], "texture": "#4"}
			}
		},
		{
			"from": [12.95346, 17.19958, 0.15121],
			"to": [12.95346, 21.59958, 7.85121],
			"rotation": {"angle": 22.5, "axis": "z", "origin": [12.95346, 19.39958, 5.10121]},
			"faces": {
				"east": {"uv": [16, 15, 9, 11], "texture": "#4"},
				"west": {"uv": [16, 15, 9, 11], "texture": "#4"}
			}
		},
		{
			"from": [9.68624, 17.2, 5.10121],
			"to": [17.38624, 21.6, 5.10121],
			"rotation": {"angle": 22.5, "axis": "x", "origin": [14.63624, 20.5, 5.10121]},
			"faces": {
				"north": {"uv": [9, 15, 16, 11], "texture": "#4"},
				"south": {"uv": [9, 15, 16, 11], "texture": "#4"}
			}
		},
		{
			"from": [9.68624, 17.19958, 2.57652],
			"to": [17.38624, 21.59958, 2.57652],
			"rotation": {"angle": -22.5, "axis": "x", "origin": [14.63624, 20.49958, 2.57652]},
			"faces": {
				"north": {"uv": [16, 15, 9, 11], "texture": "#4"},
				"south": {"uv": [16, 15, 9, 11], "texture": "#4"}
			}
		},
		{
			"from": [12.14485, 20.5, 2.18887],
			"to": [15.44485, 20.5, 5.48887],
			"rotation": {"angle": 0, "axis": "y", "origin": [13.24485, 43.6, 3.28887]},
			"faces": {
				"east": {"uv": [0, 0, 3, 0], "texture": "#4"},
				"up": {"uv": [5, 15, 8, 12], "texture": "#4"},
				"down": {"uv": [5, 15, 8, 12], "texture": "#4"}
			}
		},
		{
			"from": [8.84485, 18.3, -1.11113],
			"to": [18.74485, 18.3, 8.78887],
			"rotation": {"angle": 0, "axis": "y", "origin": [1.14485, -13.6, -9.91113]},
			"faces": {
				"up": {"uv": [0, 0, 9, 9], "texture": "#4"},
				"down": {"uv": [0, 0, 9, 9], "texture": "#4"}
			}
		},
		{
			"from": [-3.25515, 18.2, -0.01113],
			"to": [6.64485, 18.2, 9.88887],
			"rotation": {"angle": 0, "axis": "y", "origin": [-10.95515, -13.6, -8.81113]},
			"faces": {
				"up": {"uv": [0, 0, 9, 9], "texture": "#4"},
				"down": {"uv": [0, 0, 9, 9], "texture": "#4"}
			}
		},
		{
			"from": [0.04485, 20.5, 3.28887],
			"to": [3.34485, 20.5, 6.58887],
			"rotation": {"angle": 0, "axis": "y", "origin": [1.14485, 43.6, 4.38887]},
			"faces": {
				"east": {"uv": [0, 0, 3, 0], "texture": "#4"},
				"up": {"uv": [5, 15, 8, 12], "texture": "#4"},
				"down": {"uv": [5, 15, 8, 12], "texture": "#4"}
			}
		},
		{
			"from": [-2.41376, 17.19958, 3.67652],
			"to": [5.28624, 21.59958, 3.67652],
			"rotation": {"angle": -22.5, "axis": "x", "origin": [2.53624, 20.49958, 3.67652]},
			"faces": {
				"north": {"uv": [16, 15, 9, 11], "texture": "#4"},
				"south": {"uv": [16, 15, 9, 11], "texture": "#4"}
			}
		},
		{
			"from": [-2.41376, 17.2, 6.20121],
			"to": [5.28624, 21.6, 6.20121],
			"rotation": {"angle": 22.5, "axis": "x", "origin": [2.53624, 20.5, 6.20121]},
			"faces": {
				"north": {"uv": [9, 15, 16, 11], "texture": "#4"},
				"south": {"uv": [9, 15, 16, 11], "texture": "#4"}
			}
		},
		{
			"from": [0.85346, 17.19958, 1.25121],
			"to": [0.85346, 21.59958, 8.95121],
			"rotation": {"angle": 22.5, "axis": "z", "origin": [0.85346, 19.39958, 6.20121]},
			"faces": {
				"east": {"uv": [16, 15, 9, 11], "texture": "#4"},
				"west": {"uv": [16, 15, 9, 11], "texture": "#4"}
			}
		},
		{
			"from": [2.53624, 17.2, 1.25121],
			"to": [2.53624, 21.6, 8.95121],
			"rotation": {"angle": -22.5, "axis": "z", "origin": [2.53624, 19.4, 6.20121]},
			"faces": {
				"east": {"uv": [9, 15, 16, 11], "texture": "#4"},
				"west": {"uv": [9, 15, 16, 11], "texture": "#4"}
			}
		},
		{
			"from": [3.34485, 18.2, 9.88887],
			"to": [13.24485, 18.2, 19.78887],
			"rotation": {"angle": 0, "axis": "y", "origin": [-4.35515, -13.6, 1.08887]},
			"faces": {
				"up": {"uv": [0, 0, 9, 9], "texture": "#4"},
				"down": {"uv": [0, 0, 9, 9], "texture": "#4"}
			}
		},
		{
			"from": [6.64485, 20.5, 13.18887],
			"to": [9.94485, 20.5, 16.48887],
			"rotation": {"angle": 0, "axis": "y", "origin": [7.74485, 43.6, 14.28887]},
			"faces": {
				"east": {"uv": [0, 0, 3, 0], "texture": "#4"},
				"up": {"uv": [5, 15, 8, 12], "texture": "#4"},
				"down": {"uv": [5, 15, 8, 12], "texture": "#4"}
			}
		},
		{
			"from": [4.18624, 17.19958, 13.57652],
			"to": [11.88624, 21.59958, 13.57652],
			"rotation": {"angle": -22.5, "axis": "x", "origin": [9.13624, 20.49958, 13.57652]},
			"faces": {
				"north": {"uv": [16, 15, 9, 11], "texture": "#4"},
				"south": {"uv": [16, 15, 9, 11], "texture": "#4"}
			}
		},
		{
			"from": [4.18624, 17.2, 16.10121],
			"to": [11.88624, 21.6, 16.10121],
			"rotation": {"angle": 22.5, "axis": "x", "origin": [9.13624, 20.5, 16.10121]},
			"faces": {
				"north": {"uv": [9, 15, 16, 11], "texture": "#4"},
				"south": {"uv": [9, 15, 16, 11], "texture": "#4"}
			}
		},
		{
			"from": [7.45346, 17.19958, 11.15121],
			"to": [7.45346, 21.59958, 18.85121],
			"rotation": {"angle": 22.5, "axis": "z", "origin": [7.45346, 19.39958, 16.10121]},
			"faces": {
				"east": {"uv": [16, 15, 9, 11], "texture": "#4"},
				"west": {"uv": [16, 15, 9, 11], "texture": "#4"}
			}
		},
		{
			"from": [9.13624, 17.2, 11.15121],
			"to": [9.13624, 21.6, 18.85121],
			"rotation": {"angle": -22.5, "axis": "z", "origin": [9.13624, 19.4, 16.10121]},
			"faces": {
				"east": {"uv": [9, 15, 16, 11], "texture": "#4"},
				"west": {"uv": [9, 15, 16, 11], "texture": "#4"}
			}
		},
		{
			"from": [0, 0, 0],
			"to": [16, 4, 16],
			"faces": {
				"north": {"uv": [0, 12, 16, 16], "texture": "#6"},
				"east": {"uv": [0, 12, 16, 16], "texture": "#6"},
				"south": {"uv": [0, 12, 16, 16], "texture": "#6"},
				"west": {"uv": [0, 12, 16, 16], "texture": "#6"},
				"up": {"uv": [0, 0, 16, 16], "texture": "#5"},
				"down": {"uv": [4, 15, 5, 16], "texture": "#6"}
			}
		},
		{
			"from": [0, 4, 0],
			"to": [16, 6, 2],
			"faces": {
				"north": {"uv": [0, 10, 16, 12], "texture": "#6"},
				"east": {"uv": [0, 10, 2, 12], "texture": "#6"},
				"south": {"uv": [0, 10, 16, 12], "texture": "#6"},
				"west": {"uv": [14, 10, 16, 12], "texture": "#6"},
				"up": {"uv": [0, 7, 16, 9], "texture": "#6"}
			}
		},
		{
			"from": [0, 4, 14],
			"to": [16, 6, 16],
			"faces": {
				"north": {"uv": [0, 10, 16, 12], "texture": "#6"},
				"east": {"uv": [0, 10, 2, 12], "texture": "#6"},
				"south": {"uv": [0, 10, 16, 12], "texture": "#6"},
				"west": {"uv": [14, 10, 16, 12], "texture": "#6"},
				"up": {"uv": [0, 7, 16, 9], "texture": "#6"}
			}
		},
		{
			"from": [0, 4, 2],
			"to": [2, 6, 14],
			"faces": {
				"east": {"uv": [2, 10, 14, 12], "texture": "#6"},
				"west": {"uv": [2, 10, 14, 12], "texture": "#6"},
				"up": {"uv": [2, 7, 14, 9], "rotation": 90, "texture": "#6"}
			}
		},
		{
			"from": [14, 4, 2],
			"to": [16, 6, 14],
			"faces": {
				"east": {"uv": [2, 10, 14, 12], "texture": "#6"},
				"west": {"uv": [2, 12, 14, 14], "texture": "#6"},
				"up": {"uv": [2, 7, 14, 9], "rotation": 90, "texture": "#6"}
			}
		}
	],
	"groups": [
		{
			"name": "bush",
			"origin": [7, -2.06012, 13],
			"color": 0,
			"children": [0, 1, 2, 3, 4, 5, 6, 7, 8, 9, 10]
		},
		{
			"name": "flowers",
			"origin": [8.7649, 8, 9.14759],
			"color": 0,
			"children": [11, 12, 13, 14, 15, 16, 17, 18, 19, 20, 21, 22, 23, 24, 25, 26, 27, 28]
		},
		29,
		30,
		31,
		32,
		33
	]
}