{
	"credit": "Made with Blockbench",
	"textures": {
		"0": "block/saplings/garden_pot_side",
		"2": "block/saplings/garden_pot_bottom",
		"3": "block/saplings/garden_pot_top",
		"4": "block/saplings/thuja_bottom",
		"5": "block/saplings/thuja_top",
		"particle": "block/saplings/garden_pot_side"
	},
	"elements": [
		{
			"from": [3, 0, 3],
			"to": [13, 6, 13],
			"rotation": {"angle": 0, "axis": "y", "origin": [3, 0, 3]},
			"faces": {
				"north": {"uv": [3, 10, 13, 16], "texture": "#0"},
				"east": {"uv": [3, 10, 13, 16], "texture": "#0"},
				"south": {"uv": [3, 10, 13, 16], "texture": "#0"},
				"west": {"uv": [3, 10, 13, 16], "texture": "#0"},
				"down": {"uv": [3, 6, 13, 16], "texture": "#2"}
			}
		},
		{
			"from": [2.5, 6, 2.5],
			"to": [13.5, 8, 13.5],
			"rotation": {"angle": 0, "axis": "y", "origin": [2.5, 7.5, 2.5]},
			"faces": {
				"north": {"uv": [3, 8, 13, 10], "texture": "#0"},
				"east": {"uv": [3, 8, 13, 10], "texture": "#0"},
				"south": {"uv": [3, 8, 13, 10], "texture": "#0"},
				"west": {"uv": [3, 8, 13, 10], "texture": "#0"},
				"up": {"uv": [3, 6, 13, 16], "texture": "#3"},
				"down": {"uv": [3, 6, 13, 16], "texture": "#2"}
			}
		},
		{
			"from": [2.71559, 8.22388, 4.18006],
			"to": [12.72056, 14.22687, 4.18006],
			"rotation": {"angle": -22.5, "axis": "x", "origin": [7.71807, 11.22538, 4.18006]},
			"faces": {
				"north": {"uv": [3, 10, 13, 16], "texture": "#4"},
				"south": {"uv": [3, 10, 13, 16], "texture": "#4"}
			}
		},
		{
			"from": [3.91355, 8.22466, 2.98211],
			"to": [3.91355, 14.22764, 12.98708],
			"rotation": {"angle": 22.5, "axis": "z", "origin": [3.91355, 11.22615, 7.9846]},
			"faces": {
				"east": {"uv": [3, 10, 13, 16], "texture": "#4"},
				"west": {"uv": [3, 10, 13, 16], "texture": "#4"}
			}
		},
		{
			"from": [11.57101, 8.22466, 2.98211],
			"to": [11.57101, 14.22764, 12.98708],
			"rotation": {"angle": -22.5, "axis": "z", "origin": [11.57101, 11.22615, 7.9846]},
			"faces": {
				"east": {"uv": [13, 10, 3, 16], "texture": "#4"},
				"west": {"uv": [13, 10, 3, 16], "texture": "#4"}
			}
		},
		{
			"from": [2.71559, 8.22466, 11.83754],
			"to": [12.72056, 14.22764, 11.83754],
			"rotation": {"angle": 22.5, "axis": "x", "origin": [7.71807, 11.22615, 11.83754]},
			"faces": {
				"north": {"uv": [3, 10, 13, 16], "texture": "#4"},
				"south": {"uv": [3, 10, 13, 16], "texture": "#4"}
			}
		},
		{
			"from": [10.61383, 13.57953, 2.98211],
			"to": [10.61383, 26.58599, 12.98708],
			"rotation": {"angle": 22.5, "axis": "z", "origin": [10.61383, 19.08226, 7.9846]},
			"faces": {
				"east": {"uv": [3, 3, 13, 16], "texture": "#5"},
				"west": {"uv": [3, 3, 13, 16], "texture": "#5"}
			}
		},
		{
			"from": [4.87073, 13.58029, 2.98211],
			"to": [4.87073, 26.58676, 12.98708],
			"rotation": {"angle": -22.5, "axis": "z", "origin": [4.87073, 19.08303, 7.9846]},
			"faces": {
				"east": {"uv": [3, 3, 13, 16], "texture": "#5"},
				"west": {"uv": [3, 3, 13, 16], "texture": "#5"}
			}
		},
		{
			"from": [2.71559, 12.55099, 10.30804],
			"to": [12.72056, 25.55746, 10.30804],
			"rotation": {"angle": -22.5, "axis": "x", "origin": [7.71807, 20.0066, 8.0088]},
			"faces": {
				"north": {"uv": [3, 3, 13, 16], "texture": "#5"},
				"south": {"uv": [3, 3, 13, 16], "texture": "#5"}
			}
		},
		{
			"from": [2.71559, 8.22388, 11.83754],
			"to": [12.72056, 14.22687, 11.83754],
			"rotation": {"angle": 22.5, "axis": "x", "origin": [7.71807, 11.22538, 11.83754]},
			"faces": {
				"north": {"uv": [3, 10, 13, 16], "texture": "#4"},
				"south": {"uv": [3, 10, 13, 16], "texture": "#4"}
			}
		},
		{
			"from": [2.71559, 8.22388, 4.18006],
			"to": [12.72056, 14.22687, 4.18006],
			"rotation": {"angle": -22.5, "axis": "x", "origin": [7.71807, 11.22538, 4.18006]},
			"faces": {
				"north": {"uv": [3, 10, 13, 16], "texture": "#4"},
				"south": {"uv": [3, 10, 13, 16], "texture": "#4"}
			}
		},
		{
			"from": [2.71559, 12.55099, 5.70957],
			"to": [12.72056, 25.55746, 5.70957],
			"rotation": {"angle": 22.5, "axis": "x", "origin": [7.71807, 20.0066, 8.0088]},
			"faces": {
				"north": {"uv": [3, 3, 13, 16], "texture": "#5"},
				"south": {"uv": [3, 3, 13, 16], "texture": "#5"}
			}
		},
		{
			"from": [3.81614, 8.45175, 4.10686],
			"to": [11.62002, 8.45175, 11.91074],
			"rotation": {"angle": 0, "axis": "y", "origin": [3.81614, -0.05248, 4.10686]},
			"faces": {
				"up": {"uv": [3, 0, 13, 10], "texture": "#4", "cullface": "up"},
				"down": {"uv": [3, 0, 13, 10], "texture": "#4"}
			}
		}
	],
	"groups": [
		{
			"name": "pot",
			"origin": [2.5, 7.5, 2.5],
			"color": 0,
			"children": [0, 1]
		},
		{
			"name": "thuja",
			"origin": [6.35717, 8.74092, 8],
			"color": 0,
			"children": [2, 3, 4, 5, 6, 7, 8, 9, 10, 11, 12]
		}
	]
}