{
	"credit": "ttrafford",
	"parent": "minecraft:block/carpet",
	"textures": {
		"0": "block/moss_block",
		"2": "block/moss_carpet/moss_carpet_east",
		"3": "block/moss_carpet/moss_carpet_north",
		"4": "block/moss_carpet/moss_carpet_south",
		"5": "block/moss_carpet/moss_carpet_west",
		"particle": "block/moss_block"
	},
	"elements": [
		{
			"name": "moss_carpet",
			"from": [0, 0, 0],
			"to": [16, 1, 16],
			"faces": {
				"north": {"uv": [16, 1, 0, 0], "texture": "#0", "cullface": "north"},
				"east": {"uv": [15, 0, 16, 16], "rotation": 90, "texture": "#0", "cullface": "east"},
				"south": {"uv": [0, 15, 16, 16], "texture": "#0", "cullface": "south"},
				"west": {"uv": [0, 0, 1, 16], "rotation": 270, "texture": "#0", "cullface": "west"},
				"up": {"uv": [0, 0, 16, 16], "texture": "#0"},
				"down": {"uv": [0, 16, 16, 0], "texture": "#0", "cullface": "down"}
			}
		},
		{
			"name": "west",
			"from": [-0.02, -2, -0.02],
			"to": [-0.02, 1, 16.02],
			"rotation": {"angle": 0, "axis": "y", "origin": [0, -16, 0]},
			"faces": {
				"east": {"uv": [16, 0, 0, 3], "texture": "#5", "cullface": "west"},
				"west": {"uv": [0, 0, 16, 3], "texture": "#5", "cullface": "west"}
			}
		},
		{
			"name": "west_1l",
			"from": [-0.02, -3, 0],
			"to": [-0.02, -2, 6],
			"rotation": {"angle": 0, "axis": "y", "origin": [-2, 0, 0]},
			"faces": {
				"east": {"uv": [6, 3, 0, 4], "texture": "#5", "cullface": "west"},
				"west": {"uv": [0, 3, 6, 4], "texture": "#5", "cullface": "west"}
			}
		},
		{
			"name": "west_2l",
			"from": [-0.02, -4, 1],
			"to": [-0.02, -3, 6],
			"rotation": {"angle": 0, "axis": "y", "origin": [-2, -1, 0]},
			"faces": {
				"east": {"uv": [1, 4, 6, 5], "texture": "#5", "cullface": "west"},
				"west": {"uv": [1, 4, 6, 5], "texture": "#5", "cullface": "west"}
			}
		},
		{
			"name": "west_3l",
			"from": [-0.02, -5, 2],
			"to": [-0.02, -4, 5],
			"rotation": {"angle": 0, "axis": "y", "origin": [-2, -2, 0]},
			"faces": {
				"east": {"uv": [2, 5, 5, 6], "texture": "#5", "cullface": "west"},
				"west": {"uv": [2, 5, 5, 6], "texture": "#5", "cullface": "west"}
			}
		},
		{
			"name": "west_4l",
			"from": [-0.02, -6, 3],
			"to": [-0.02, -5, 4],
			"rotation": {"angle": 0, "axis": "y", "origin": [-2, -3, 0]},
			"faces": {
				"east": {"uv": [3, 6, 4, 7], "texture": "#5", "cullface": "west"},
				"west": {"uv": [3, 6, 4, 7], "texture": "#5", "cullface": "west"}
			}
		},
		{
			"name": "west_1r",
			"from": [-0.02, -3, 7],
			"to": [-0.02, -2, 16],
			"rotation": {"angle": 0, "axis": "y", "origin": [-2, 0, 4]},
			"faces": {
				"east": {"uv": [7, 3, 16, 4], "texture": "#5", "cullface": "west"},
				"west": {"uv": [7, 3, 16, 4], "texture": "#5", "cullface": "west"}
			}
		},
		{
			"name": "west_2r",
			"from": [-0.02, -4, 9],
			"to": [-0.02, -3, 15],
			"rotation": {"angle": 0, "axis": "y", "origin": [-2, -1, 4]},
			"faces": {
				"east": {"uv": [15, 4, 9, 5], "texture": "#5", "cullface": "west"},
				"west": {"uv": [9, 4, 15, 5], "texture": "#5", "cullface": "west"}
			}
		},
		{
			"name": "west_3r",
			"from": [-0.02, -5, 11],
			"to": [-0.02, -4, 13],
			"rotation": {"angle": 0, "axis": "y", "origin": [-2, -2, 4]},
			"faces": {
				"east": {"uv": [11, 5, 13, 6], "texture": "#5", "cullface": "west"},
				"west": {"uv": [11, 5, 13, 6], "texture": "#5", "cullface": "west"}
			}
		},
		{
			"name": "west_4r",
			"from": [-0.02, -6, 11],
			"to": [-0.02, -5, 12],
			"rotation": {"angle": 0, "axis": "y", "origin": [-2, -3, 4]},
			"faces": {
				"east": {"uv": [11, 6, 12, 7], "texture": "#5", "cullface": "west"},
				"west": {"uv": [11, 6, 12, 7], "texture": "#5", "cullface": "west"}
			}
		},
		{
			"name": "south",
			"from": [-0.02, -2, 16.02],
			"to": [16.02, 1, 16.02],
			"rotation": {"angle": 0, "axis": "y", "origin": [0, -16, 0]},
			"faces": {
				"north": {"uv": [16, 0, 0, 3], "texture": "#4", "cullface": "south"},
				"south": {"uv": [0, 0, 16, 3], "texture": "#4", "cullface": "south"}
			}
		},
		{
			"name": "south_1l",
			"from": [-0.02, -3, 16.02],
			"to": [6.02, -2, 16.02],
			"rotation": {"angle": 0, "axis": "y", "origin": [0, -19, 0]},
			"faces": {
				"north": {"uv": [6, 3, 0, 4], "texture": "#4", "cullface": "south"},
				"south": {"uv": [0, 3, 6, 4], "texture": "#4", "cullface": "south"}
			}
		},
		{
			"name": "south_2l",
			"from": [0.98, -4, 16.02],
			"to": [6.02, -3, 16.02],
			"rotation": {"angle": 0, "axis": "y", "origin": [0, -20, 0]},
			"faces": {
				"north": {"uv": [6, 4, 1, 5], "texture": "#4", "cullface": "south"},
				"south": {"uv": [1, 4, 6, 5], "texture": "#4", "cullface": "south"}
			}
		},
		{
			"name": "south_3l",
			"from": [1.98, -5, 16.02],
			"to": [5.02, -4, 16.02],
			"rotation": {"angle": 0, "axis": "y", "origin": [0, -21, 0]},
			"faces": {
				"north": {"uv": [5, 5, 2, 6], "texture": "#4", "cullface": "south"},
				"south": {"uv": [2, 5, 5, 6], "texture": "#4", "cullface": "south"}
			}
		},
		{
			"name": "south_4l",
			"from": [2.98, -6, 16.02],
			"to": [4.02, -5, 16.02],
			"rotation": {"angle": 0, "axis": "y", "origin": [3, -22, 0]},
			"faces": {
				"north": {"uv": [4, 6, 3, 7], "texture": "#4", "cullface": "south"},
				"south": {"uv": [3, 6, 4, 7], "texture": "#4", "cullface": "south"}
			}
		},
		{
			"name": "south_1r",
			"from": [6.98, -3, 16.02],
			"to": [16.02, -2, 16.02],
			"rotation": {"angle": 0, "axis": "y", "origin": [7, -19, 0]},
			"faces": {
				"north": {"uv": [16, 3, 7, 4], "texture": "#4", "cullface": "south"},
				"south": {"uv": [7, 4, 16, 3], "texture": "#4", "cullface": "south"}
			}
		},
		{
			"name": "south_2r",
			"from": [8.98, -4, 16.02],
			"to": [15.02, -3, 16.02],
			"rotation": {"angle": 0, "axis": "y", "origin": [9, -20, 0]},
			"faces": {
				"north": {"uv": [15, 4, 9, 5], "texture": "#4", "cullface": "south"},
				"south": {"uv": [9, 4, 15, 5], "texture": "#4", "cullface": "south"}
			}
		},
		{
			"name": "south_3r",
			"from": [10.98, -5, 16.02],
			"to": [13.02, -4, 16.02],
			"rotation": {"angle": 0, "axis": "y", "origin": [11, -21, 0]},
			"faces": {
				"north": {"uv": [13, 5, 11, 6], "texture": "#4", "cullface": "south"},
				"south": {"uv": [11, 5, 13, 6], "texture": "#4", "cullface": "south"}
			}
		},
		{
			"name": "south_4r",
			"from": [10.98, -6, 16.02],
			"to": [12.02, -5, 16.02],
			"rotation": {"angle": 0, "axis": "y", "origin": [11, -22, 0]},
			"faces": {
				"north": {"uv": [12, 6, 11, 7], "texture": "#4", "cullface": "south"},
				"south": {"uv": [11, 6, 12, 7], "texture": "#4", "cullface": "south"}
			}
		},
		{
			"name": "east",
			"from": [16.02, -2, -0.02],
			"to": [16.02, 1, 16.02],
			"rotation": {"angle": 0, "axis": "y", "origin": [0, -16, 0]},
			"faces": {
				"east": {"uv": [16, 3, 0, 0], "rotation": 180, "texture": "#2", "cullface": "east"},
				"west": {"uv": [16, 0, 0, 3], "texture": "#2", "cullface": "east"}
			}
		},
		{
			"name": "east_1l",
			"from": [16.02, -3, 6.98],
			"to": [16.02, -2, 16.02],
			"rotation": {"angle": 0, "axis": "y", "origin": [0, -13, 0]},
			"faces": {
				"east": {"uv": [0, 4, 9, 3], "rotation": 180, "texture": "#2", "cullface": "east"},
				"west": {"uv": [0, 3, 9, 4], "texture": "#2", "cullface": "east"}
			}
		},
		{
			"name": "east_2l",
			"from": [16.02, -4, 8.98],
			"to": [16.02, -3, 15.02],
			"rotation": {"angle": 0, "axis": "y", "origin": [0, -14, 0]},
			"faces": {
				"east": {"uv": [1, 5, 7, 4], "rotation": 180, "texture": "#2", "cullface": "east"},
				"west": {"uv": [1, 4, 7, 5], "texture": "#2", "cullface": "east"}
			}
		},
		{
			"name": "east_3l",
			"from": [16.02, -5, 10.98],
			"to": [16.02, -4, 13.02],
			"rotation": {"angle": 0, "axis": "y", "origin": [0, -15, -3]},
			"faces": {
				"east": {"uv": [3, 6, 5, 5], "rotation": 180, "texture": "#2", "cullface": "east"},
				"west": {"uv": [3, 5, 5, 6], "texture": "#2", "cullface": "east"}
			}
		},
		{
			"name": "east_4l",
			"from": [16.02, -6, 10.98],
			"to": [16.02, -5, 12.02],
			"rotation": {"angle": 0, "axis": "y", "origin": [0, -16, -4]},
			"faces": {
				"east": {"uv": [4, 7, 5, 6], "rotation": 180, "texture": "#2", "cullface": "east"},
				"west": {"uv": [4, 6, 5, 7], "texture": "#2", "cullface": "east"}
			}
		},
		{
			"name": "east_1r",
			"from": [16.02, -3, -0.02],
			"to": [16.02, -2, 6.02],
			"rotation": {"angle": 0, "axis": "y", "origin": [0, -13, 0]},
			"faces": {
				"east": {"uv": [10, 4, 16, 3], "rotation": 180, "texture": "#2", "cullface": "east"},
				"west": {"uv": [10, 3, 16, 4], "texture": "#2", "cullface": "east"}
			}
		},
		{
			"name": "east_2r",
			"from": [16.02, -4, 0.98],
			"to": [16.02, -3, 6.02],
			"rotation": {"angle": 0, "axis": "y", "origin": [0, -14, -13]},
			"faces": {
				"east": {"uv": [10, 5, 15, 4], "texture": "#2", "cullface": "east"},
				"west": {"uv": [10, 4, 15, 5], "texture": "#2", "cullface": "east"}
			}
		},
		{
			"name": "east_3r",
			"from": [16.02, -5, 1.98],
			"to": [16.02, -4, 5.02],
			"rotation": {"angle": 0, "axis": "y", "origin": [0, -15, -11]},
			"faces": {
				"east": {"uv": [11, 6, 14, 5], "rotation": 180, "texture": "#2", "cullface": "east"},
				"west": {"uv": [11, 5, 14, 6], "texture": "#2", "cullface": "east"}
			}
		},
		{
			"name": "east_4r",
			"from": [16.02, -6, 2.98],
			"to": [16.02, -5, 4.02],
			"rotation": {"angle": 0, "axis": "y", "origin": [0, -16, 3]},
			"faces": {
				"east": {"uv": [13, 6, 12, 7], "rotation": 270, "texture": "#2", "cullface": "east"},
				"west": {"uv": [12, 6, 13, 7], "texture": "#2", "cullface": "east"}
			}
		},
		{
			"name": "north",
			"from": [-0.02, -2, -0.02],
			"to": [16.02, 1, -0.02],
			"rotation": {"angle": 0, "axis": "y", "origin": [0, -16, 0]},
			"faces": {
				"north": {"uv": [0, 0, 16, 3], "texture": "#3", "cullface": "north"},
				"south": {"uv": [16, 0, 0, 3], "texture": "#3", "cullface": "north"}
			}
		},
		{
			"name": "north_1l",
			"from": [9.98, -3, -0.02],
			"to": [16.02, -2, -0.02],
			"rotation": {"angle": 0, "axis": "y", "origin": [0, -19, 0]},
			"faces": {
				"north": {"uv": [0, 3, 6, 4], "texture": "#3", "cullface": "north"},
				"south": {"uv": [6, 3, 0, 4], "texture": "#3", "cullface": "north"}
			}
		},
		{
			"name": "north_2l",
			"from": [9.98, -4, -0.02],
			"to": [15.02, -3, -0.02],
			"rotation": {"angle": 0, "axis": "y", "origin": [0, -20, 0]},
			"faces": {
				"north": {"uv": [1, 4, 6, 5], "texture": "#3", "cullface": "north"},
				"south": {"uv": [6, 4, 1, 5], "texture": "#3", "cullface": "north"}
			}
		},
		{
			"name": "north_3l",
			"from": [10.98, -5, -0.02],
			"to": [14.02, -4, -0.02],
			"rotation": {"angle": 0, "axis": "y", "origin": [0, -21, 0]},
			"faces": {
				"north": {"uv": [2, 5, 5, 6], "texture": "#3", "cullface": "north"},
				"south": {"uv": [5, 5, 2, 6], "texture": "#3", "cullface": "north"}
			}
		},
		{
			"name": "north_4l",
			"from": [11.98, -6, -0.02],
			"to": [13.02, -5, -0.02],
			"rotation": {"angle": 0, "axis": "y", "origin": [0, -22, 0]},
			"faces": {
				"north": {"uv": [3, 6, 4, 7], "texture": "#3", "cullface": "north"},
				"south": {"uv": [3, 6, 4, 7], "texture": "#3", "cullface": "north"}
			}
		},
		{
			"name": "north_1r",
			"from": [-0.02, -3, -0.02],
			"to": [9.02, -2, -0.02],
			"rotation": {"angle": 0, "axis": "y", "origin": [-7, -19, 0]},
			"faces": {
				"north": {"uv": [7, 3, 16, 4], "texture": "#3", "cullface": "north"},
				"south": {"uv": [16, 3, 7, 4], "texture": "#3", "cullface": "north"}
			}
		},
		{
			"name": "north_2r",
			"from": [0.98, -4, -0.02],
			"to": [7.02, -3, -0.02],
			"rotation": {"angle": 0, "axis": "y", "origin": [-7, -20, 0]},
			"faces": {
				"north": {"uv": [9, 4, 15, 5], "texture": "#3", "cullface": "north"},
				"south": {"uv": [15, 4, 9, 5], "texture": "#3", "cullface": "north"}
			}
		},
		{
			"name": "north_3r",
			"from": [2.98, -5, -0.02],
			"to": [5.02, -4, -0.02],
			"rotation": {"angle": 0, "axis": "y", "origin": [-7, -21, 0]},
			"faces": {
				"north": {"uv": [11, 5, 13, 6], "texture": "#3", "cullface": "north"},
				"south": {"uv": [13, 5, 11, 6], "texture": "#3", "cullface": "north"}
			}
		},
		{
			"name": "north_4r",
			"from": [3.98, -6, -0.02],
			"to": [5.02, -5, -0.02],
			"rotation": {"angle": 0, "axis": "y", "origin": [-7, -22, 0]},
			"faces": {
				"north": {"uv": [11, 6, 12, 7], "texture": "#3", "cullface": "north"},
				"south": {"uv": [11, 6, 12, 7], "texture": "#3", "cullface": "north"}
			}
		}
	],
	"display": {
		"thirdperson_righthand": {
			"rotation": [-90, 0, 0],
			"translation": [0, -2, -2.5],
			"scale": [0.27, 0.27, 0.27]
		},
		"thirdperson_lefthand": {
			"rotation": [-90, 0, 0],
			"translation": [0, -2, -2.5],
			"scale": [0.27, 0.27, 0.27]
		},
		"firstperson_righthand": {
			"rotation": [-47, 3, 0],
			"translation": [1.5, 2.5, -4.75],
			"scale": [0.5, 0.5, 0.5]
		},
		"firstperson_lefthand": {
			"rotation": [-47, 3, 0],
			"translation": [1.5, 2.5, -4.75],
			"scale": [0.5, 0.5, 0.5]
		},
		"ground": {
			"translation": [0, 3.5, 0],
			"scale": [0.3, 0.3, 0.3]
		},
		"gui": {
			"rotation": [20, 49, 0],
			"translation": [0, 6, 0],
			"scale": [0.68, 0.68, 0.68]
		},
		"head": {
			"translation": [0, 14.5, 0],
			"scale": [0.9, 0.9, 0.9]
		},
		"fixed": {
			"rotation": [90, 0, 0],
			"translation": [0, 0, 7.5]
		}
	},
	"groups": [
		0,
		{
			"name": "west",
			"origin": [0, -16, 0],
			"color": 0,
			"children": [1, 2, 3, 4, 5, 6, 7, 8, 9]
		},
		{
			"name": "south",
			"origin": [0, -16, 0],
			"color": 0,
			"children": [10, 11, 12, 13, 14, 15, 16, 17, 18]
		},
		{
			"name": "east",
			"origin": [0, -16, 0],
			"color": 0,
			"children": [19, 20, 21, 22, 23, 24, 25, 26, 27]
		},
		{
			"name": "north",
			"origin": [0, -19, 0],
			"color": 0,
			"children": [28, 29, 30, 31, 32, 33, 34, 35, 36]
		}
	]
}