{
	"credit": "ttrafford",
	"parent": "minecraft:block/carpet",
	"textures": {
		"0": "block/pale_moss_block",
		"2": "block/pale_moss_carpet/pale_moss_carpet_east",
		"3": "block/pale_moss_carpet/pale_moss_carpet_north",
		"4": "block/pale_moss_carpet/pale_moss_carpet_south",
		"5": "block/pale_moss_carpet/pale_moss_carpet_west",
		"particle": "block/pale_moss_block"
	},
	"elements": [
		{
			"name": "pale_moss_carpet",
			"from": [0, 0, 0],
			"to": [16, 1, 16],
			"faces": {
				"north": {"uv": [16, 1, 0, 0], "texture": "#0", "cullface": "north"},
				"east": {"uv": [15, 0, 16, 16], "rotation": 90, "texture": "#0", "cullface": "east"},
				"south": {"uv": [0, 15, 16, 16], "texture": "#0", "cullface": "south"},
				"west": {"uv": [0, 0, 1, 16], "rotation": 270, "texture": "#0", "cullface": "west"},
				"up": {"uv": [0, 0, 16, 16], "texture": "#0"},
				"down": {"uv": [0, 16, 16, 0], "texture": "#0", "cullface": "down"}
			}
		},
		{
			"name": "north",
			"from": [-0.02, -6, -0.02],
			"to": [16.02, 1, -0.02],
			"rotation": {"angle": 0, "axis": "y", "origin": [0, -16, 0]},
			"faces": {
				"north": {"uv": [0, 0, 16, 7], "texture": "#3", "cullface": "north"},
				"south": {"uv": [16, 0, 0, 7], "texture": "#3", "cullface": "north"}
			}
		},
		{
			"name": "south",
			"from": [-0.02, -6, 16.02],
			"to": [16.02, 1, 16.02],
			"rotation": {"angle": 0, "axis": "y", "origin": [0, -16, 0]},
			"faces": {
				"north": {"uv": [16, 0, 0, 7], "texture": "#4", "cullface": "south"},
				"south": {"uv": [0, 0, 16, 7], "texture": "#4", "cullface": "south"}
			}
		},
		{
			"name": "west",
			"from": [-0.02, -6, -0.02],
			"to": [-0.02, 1, 16.02],
			"rotation": {"angle": 0, "axis": "y", "origin": [0, -16, 0]},
			"faces": {
				"east": {"uv": [16, 0, 0, 7], "texture": "#5", "cullface": "west"},
				"west": {"uv": [0, 0, 16, 7], "texture": "#5", "cullface": "west"}
			}
		},
		{
			"name": "east",
			"from": [16.02, -6, -0.02],
			"to": [16.02, 1, 16.02],
			"rotation": {"angle": 0, "axis": "y", "origin": [0, -16, 0]},
			"faces": {
				"east": {"uv": [16, 7, 0, 0], "rotation": 180, "texture": "#2", "cullface": "east"},
				"west": {"uv": [16, 0, 0, 7], "texture": "#2", "cullface": "east"}
			}
		}
	],
	"display": {
		"thirdperson_righthand": {
			"rotation": [-90, 0, 0],
			"translation": [0, -2, -2.5],
			"scale": [0.27, 0.27, 0.27]
		},
		"thirdperson_lefthand": {
			"rotation": [-90, 0, 0],
			"translation": [0, -2, -2.5],
			"scale": [0.27, 0.27, 0.27]
		},
		"firstperson_righthand": {
			"rotation": [-47, 3, 0],
			"translation": [1.5, 2.5, -4.75],
			"scale": [0.5, 0.5, 0.5]
		},
		"firstperson_lefthand": {
			"rotation": [-47, 3, 0],
			"translation": [1.5, 2.5, -4.75],
			"scale": [0.5, 0.5, 0.5]
		},
		"ground": {
			"translation": [0, 3.5, 0],
			"scale": [0.3, 0.3, 0.3]
		},
		"gui": {
			"rotation": [20, 49, 0],
			"translation": [0, 6, 0],
			"scale": [0.68, 0.68, 0.68]
		},
		"head": {
			"translation": [0, 14.5, 0],
			"scale": [0.9, 0.9, 0.9]
		},
		"fixed": {
			"rotation": [90, 0, 0],
			"translation": [0, 0, 7.5]
		}
	}
}