{
	"credit": "Made with Blockbench",
	"textures": {
		"0": "block/sweet_berry_bush_full",
		"particle": "block/sweet_berry_bush_full"
	},
	"elements": [
		{
			"name": "shrub1",
			"from": [3, 2, 4],
			"to": [13, 10, 12],
			"faces": {
				"north": {"uv": [0, 0, 9, 7], "texture": "#0"},
				"east": {"uv": [0, 0, 7, 7], "texture": "#0"},
				"south": {"uv": [0, 0, 9, 7], "texture": "#0"},
				"west": {"uv": [0, 0, 7, 7], "texture": "#0"},
				"up": {"uv": [0, 0, 9, 7], "texture": "#0"},
				"down": {"uv": [0, 0, 9, 7], "texture": "#0"}
			}
		},
		{
			"name": "shrub2",
			"from": [4, 1.875, 3],
			"to": [12, 10.125, 13],
			"faces": {
				"north": {"uv": [0, 0, 7, 7], "texture": "#0"},
				"east": {"uv": [0, 0, 9, 7], "texture": "#0"},
				"south": {"uv": [0, 0, 7, 7], "texture": "#0"},
				"west": {"uv": [0, 0, 9, 7], "texture": "#0"},
				"up": {"uv": [0, 0, 9, 7], "rotation": 90, "texture": "#0"},
				"down": {"uv": [0, 0, 9, 7], "rotation": 90, "texture": "#0"}
			}
		},
		{
			"name": "log1",
			"from": [6.5, 0, 6],
			"to": [9.5, 4, 10],
			"faces": {
				"north": {"uv": [11, 6, 15, 10], "texture": "#0"},
				"east": {"uv": [10, 6, 16, 10], "texture": "#0"},
				"south": {"uv": [11, 6, 15, 10], "texture": "#0"},
				"west": {"uv": [10, 6, 16, 10], "texture": "#0"},
				"up": {"uv": [10, 10, 16, 16], "texture": "#0"},
				"down": {"uv": [10, 10, 16, 16], "rotation": 180, "texture": "#0"}
			}
		},
		{
			"name": "log2",
			"from": [6, 0, 6.5],
			"to": [10, 4, 9.5],
			"faces": {
				"north": {"uv": [10, 6, 16, 10], "texture": "#0"},
				"east": {"uv": [11, 6, 15, 10], "texture": "#0"},
				"south": {"uv": [10, 6, 16, 10], "texture": "#0"},
				"west": {"uv": [11, 6, 15, 10], "texture": "#0"},
				"up": {"uv": [10, 10, 16, 16], "texture": "#0"},
				"down": {"uv": [10, 10, 16, 16], "texture": "#0"}
			}
		}
	]
}