{
	"credit": "Made with Blockbench",
	"textures": {
		"0": "block/sweet_berry_bush_full",
		"particle": "block/sweet_berry_bush_full"
	},
	"elements": [
		{
			"name": "shrub1",
			"from": [2, 2, 3],
			"to": [14, 12, 13],
			"faces": {
				"north": {"uv": [0, 0, 10, 8], "texture": "#0"},
				"east": {"uv": [0, 0, 8, 8], "texture": "#0"},
				"south": {"uv": [0, 0, 10, 8], "texture": "#0"},
				"west": {"uv": [0, 0, 8, 8], "texture": "#0"},
				"up": {"uv": [0, 0, 10, 8], "texture": "#0"},
				"down": {"uv": [0, 0, 10, 8], "texture": "#0"}
			}
		},
		{
			"name": "shrub2",
			"from": [3, 1.875, 2],
			"to": [13, 12.125, 14],
			"faces": {
				"north": {"uv": [0, 0, 8, 8], "texture": "#0"},
				"east": {"uv": [0, 0, 10, 8], "texture": "#0"},
				"south": {"uv": [0, 0, 8, 8], "texture": "#0"},
				"west": {"uv": [0, 0, 10, 8], "texture": "#0"},
				"up": {"uv": [0, 0, 10, 8], "rotation": 90, "texture": "#0"},
				"down": {"uv": [0, 0, 10, 8], "rotation": 90, "texture": "#0"}
			}
		},
		{
			"name": "log1",
			"from": [6.5, 0, 6],
			"to": [9.5, 4, 10],
			"faces": {
				"north": {"uv": [11, 6, 15, 10], "texture": "#0"},
				"east": {"uv": [10, 6, 16, 10], "texture": "#0"},
				"south": {"uv": [11, 6, 15, 10], "texture": "#0"},
				"west": {"uv": [10, 6, 16, 10], "texture": "#0"},
				"up": {"uv": [10, 10, 16, 16], "texture": "#0"},
				"down": {"uv": [10, 10, 16, 16], "rotation": 180, "texture": "#0"}
			}
		},
		{
			"name": "log2",
			"from": [6, 0, 6.5],
			"to": [10, 4, 9.5],
			"faces": {
				"north": {"uv": [10, 6, 16, 10], "texture": "#0"},
				"east": {"uv": [11, 6, 15, 10], "texture": "#0"},
				"south": {"uv": [10, 6, 16, 10], "texture": "#0"},
				"west": {"uv": [11, 6, 15, 10], "texture": "#0"},
				"up": {"uv": [10, 10, 16, 16], "texture": "#0"},
				"down": {"uv": [10, 10, 16, 16], "texture": "#0"}
			}
		},
		{
			"name": "berry1",
			"from": [5, 8, 1.5],
			"to": [7, 10, 3.5],
			"faces": {
				"north": {"uv": [4, 10, 6, 12], "texture": "#0"},
				"east": {"uv": [6, 10, 8, 12], "texture": "#0"},
				"south": {"uv": [6, 10, 8, 12], "texture": "#0"},
				"west": {"uv": [4, 10, 6, 12], "texture": "#0"},
				"up": {"uv": [4, 8, 6, 10], "rotation": 90, "texture": "#0"},
				"down": {"uv": [4, 8, 6, 10], "rotation": 180, "texture": "#0"}
			}
		},
		{
			"name": "berry2",
			"from": [12.5, 5, 5.5],
			"to": [14.5, 7, 7.5],
			"faces": {
				"north": {"uv": [4, 10, 6, 12], "texture": "#0"},
				"east": {"uv": [6, 10, 8, 12], "texture": "#0"},
				"south": {"uv": [6, 10, 8, 12], "texture": "#0"},
				"west": {"uv": [4, 10, 6, 12], "texture": "#0"},
				"up": {"uv": [4, 10, 6, 12], "rotation": 90, "texture": "#0"},
				"down": {"uv": [4, 8, 6, 10], "rotation": 180, "texture": "#0"}
			}
		},
		{
			"name": "berry3",
			"from": [7.5, 7, 12.5],
			"to": [9.5, 9, 14.5],
			"faces": {
				"north": {"uv": [4, 10, 6, 12], "texture": "#0"},
				"east": {"uv": [6, 10, 8, 12], "texture": "#0"},
				"south": {"uv": [6, 10, 8, 12], "texture": "#0"},
				"west": {"uv": [4, 10, 6, 12], "texture": "#0"},
				"up": {"uv": [4, 10, 6, 12], "rotation": 90, "texture": "#0"},
				"down": {"uv": [4, 8, 6, 10], "rotation": 180, "texture": "#0"}
			}
		},
		{
			"name": "berry4",
			"from": [1.5, 7, 5.5],
			"to": [3.5, 9, 7.5],
			"faces": {
				"north": {"uv": [4, 10, 6, 12], "texture": "#0"},
				"east": {"uv": [6, 10, 8, 12], "texture": "#0"},
				"south": {"uv": [6, 10, 8, 12], "texture": "#0"},
				"west": {"uv": [4, 10, 6, 12], "texture": "#0"},
				"up": {"uv": [4, 8, 6, 10], "texture": "#0"},
				"down": {"uv": [4, 8, 6, 10], "rotation": 180, "texture": "#0"}
			}
		}
	]
}