{
	"credit": "Made with Blockbench",
	"textures": {
		"0": "entity/enchanting_table_book",
		"particle": "entity/enchanting_table_book"
	},
	"elements": [
		{
			"from": [4.5, 7.5, 3],
			"to": [11.5, 7.5, 13],
			"faces": {
				"north": {"uv": [0, 0, 2, 2], "texture": "#missing"},
				"east": {"uv": [0, 0, 2, 2], "texture": "#missing"},
				"south": {"uv": [0, 0, 2, 2], "texture": "#missing"},
				"west": {"uv": [0, 0, 2, 2], "texture": "#missing"},
				"up": {"uv": [1.75, 0, 0, 5], "texture": "#0"},
				"down": {"uv": [1.25, 0, 3, 5], "texture": "#0"}
			}
		},
		{
			"from": [4.5, 7.505, 4],
			"to": [9.5, 8.505, 12],
			"faces": {
				"north": {"uv": [4.5, 5, 5.75, 5.25], "texture": "#0"},
				"east": {"uv": [4.5, 5.5, 4.75, 9.5], "texture": "#0"},
				"south": {"uv": [4.5, 5.25, 5.75, 5.5], "texture": "#0"},
				"west": {"uv": [0, 5.5, 0.25, 9.5], "texture": "#0"},
				"up": {"uv": [4.75, 5.5, 6, 9.5], "rotation": 180, "texture": "#0"},
				"down": {"uv": [0.25, 5.5, 0.5, 5.75], "texture": "#0"}
			}
		},
		{
			"from": [4.495, 7.5, 3],
			"to": [4.495, 8.5, 13],
			"faces": {
				"north": {"uv": [0, 0, 0, 1], "texture": "#missing"},
				"east": {"uv": [1.5, 0, 1.75, 5], "rotation": 90, "texture": "#0"},
				"south": {"uv": [0, 0, 0, 1], "texture": "#missing"},
				"west": {"uv": [1.25, 0, 1.5, 5], "rotation": 90, "texture": "#0"},
				"up": {"uv": [0, 0, 0, 10], "texture": "#missing"},
				"down": {"uv": [0, 0, 0, 10], "texture": "#missing"}
			}
		}
	]
}