{
	"credit": "Made with Blockbench",
	"textures": {
		"0": "entity/enchanting_table_book",
		"particle": "entity/enchanting_table_book"
	},
	"elements": [
		{
			"from": [5.5, 8, 4],
			"to": [10.5, 8, 12],
			"rotation": {"angle": 0, "axis": "z", "origin": [8, 8, 8]},
			"faces": {
				"north": {"uv": [0.25, 5.25, 2.75, 5.5], "texture": "#0"},
				"east": {"uv": [1.5, 5.5, 1.75, 6.75], "texture": "#0"},
				"south": {"uv": [0.25, 5, 2.75, 5.25], "texture": "#0"},
				"west": {"uv": [0, 5.5, 0.25, 9.5], "texture": "#0"},
				"up": {"uv": [4.75, 5.5, 6, 9.5], "rotation": 180, "texture": "#0"},
				"down": {"uv": [3.25, 5.5, 4.5, 9.5], "texture": "#0"}
			}
		}
	]
}