{
	"credit": "Made with Blockbench",
	"ambientocclusion": false,

	"textures": {
		"0": "block/flowers/dandelion",
		"particle": "block/flowers/dandelion"
	},
	"elements": [
		{
			"from": [9.5, 0, 9.5],
			"to": [10.5, 9, 10.5],
			"rotation": {"angle": 0, "axis": "y", "origin": [9.5, 0, 9.5]},
			"faces": {
				"north": {"uv": [3, 7, 4, 16], "texture": "#0"},
				"east": {"uv": [3, 7, 4, 16], "texture": "#0"},
				"south": {"uv": [3, 7, 4, 16], "texture": "#0"},
				"west": {"uv": [3, 7, 4, 16], "texture": "#0"}
			}
		},
		{
			"from": [8.5, 9, 8.5],
			"to": [11.5, 10, 11.5],
			"rotation": {"angle": 0, "axis": "y", "origin": [8.5, 9, 8.5]},
			"faces": {
				"north": {"uv": [8, 0, 9, 3], "rotation": 90, "texture": "#0"},
				"east": {"uv": [8, 0, 9, 3], "rotation": 90, "texture": "#0"},
				"south": {"uv": [8, 0, 9, 3], "rotation": 90, "texture": "#0"},
				"west": {"uv": [8, 0, 9, 3], "rotation": 90, "texture": "#0"},
				"up": {"uv": [4, 0, 7, 3], "texture": "#0"},
				"down": {"uv": [0, 0, 3, 3], "texture": "#0"}
			}
		},
		{
			"from": [9.5, 9.5, 6.5],
			"to": [10.5, 10, 8.5],
			"rotation": {"angle": 0, "axis": "y", "origin": [10.5, 10.5, 6.5]},
			"faces": {
				"north": {"uv": [0, 6, 1, 5], "texture": "#0"},
				"east": {"uv": [1, 6, 0, 4], "rotation": 90, "texture": "#0"},
				"west": {"uv": [1, 4, 0, 6], "rotation": 90, "texture": "#0"},
				"up": {"uv": [0, 6, 1, 4], "texture": "#0"},
				"down": {"uv": [0, 4, 1, 6], "texture": "#0"}
			}
		},
		{
			"from": [6.5, 9.5, 9.5],
			"to": [8.5, 10, 10.5],
			"rotation": {"angle": 0, "axis": "y", "origin": [10, 9.75, 10]},
			"faces": {
				"north": {"uv": [1, 6, 0, 4], "rotation": 90, "texture": "#0"},
				"south": {"uv": [1, 4, 0, 6], "rotation": 90, "texture": "#0"},
				"west": {"uv": [1, 6, 0, 5], "texture": "#0"},
				"up": {"uv": [0, 4, 1, 6], "rotation": 90, "texture": "#0"},
				"down": {"uv": [0, 6, 1, 4], "rotation": 270, "texture": "#0"}
			}
		},
		{
			"from": [9.5, 9.2, 11.5],
			"to": [10.5, 9.7, 13.5],
			"rotation": {"angle": -45, "axis": "y", "origin": [10, 9.75, 10]},
			"faces": {
				"east": {"uv": [1, 4, 0, 6], "rotation": 90, "texture": "#0"},
				"south": {"uv": [1, 6, 0, 5], "texture": "#0"},
				"west": {"uv": [1, 6, 0, 4], "rotation": 90, "texture": "#0"},
				"up": {"uv": [0, 4, 1, 6], "texture": "#0"},
				"down": {"uv": [0, 6, 1, 4], "texture": "#0"}
			}
		},
		{
			"from": [11.5, 9.2, 9.5],
			"to": [13.5, 9.7, 10.5],
			"rotation": {"angle": -45, "axis": "y", "origin": [10, 9.75, 10]},
			"faces": {
				"north": {"uv": [1, 4, 0, 6], "rotation": 90, "texture": "#0"},
				"east": {"uv": [0, 6, 1, 5], "texture": "#0"},
				"south": {"uv": [1, 6, 0, 4], "rotation": 90, "texture": "#0"},
				"up": {"uv": [0, 6, 1, 4], "rotation": 90, "texture": "#0"},
				"down": {"uv": [0, 4, 1, 6], "rotation": 270, "texture": "#0"}
			}
		},
		{
			"from": [9.5, 9.2, 6.5],
			"to": [10.5, 9.7, 8.5],
			"rotation": {"angle": -45, "axis": "y", "origin": [10, 9.75, 10]},
			"faces": {
				"north": {"uv": [0, 6, 1, 5], "texture": "#0"},
				"east": {"uv": [1, 6, 0, 4], "rotation": 90, "texture": "#0"},
				"west": {"uv": [1, 4, 0, 6], "rotation": 90, "texture": "#0"},
				"up": {"uv": [0, 6, 1, 4], "texture": "#0"},
				"down": {"uv": [0, 4, 1, 6], "texture": "#0"}
			}
		},
		{
			"from": [6.5, 9.2, 9.5],
			"to": [8.5, 9.7, 10.5],
			"rotation": {"angle": -45, "axis": "y", "origin": [10, 9.75, 10]},
			"faces": {
				"north": {"uv": [1, 6, 0, 4], "rotation": 90, "texture": "#0"},
				"south": {"uv": [1, 4, 0, 6], "rotation": 90, "texture": "#0"},
				"west": {"uv": [1, 6, 0, 5], "texture": "#0"},
				"up": {"uv": [0, 4, 1, 6], "rotation": 90, "texture": "#0"},
				"down": {"uv": [0, 6, 1, 4], "rotation": 270, "texture": "#0"}
			}
		},
		{
			"from": [11.5, 9.5, 9.5],
			"to": [13.5, 10, 10.5],
			"rotation": {"angle": 0, "axis": "y", "origin": [10, 9.75, 10]},
			"faces": {
				"north": {"uv": [1, 4, 0, 6], "rotation": 90, "texture": "#0"},
				"east": {"uv": [0, 6, 1, 5], "texture": "#0"},
				"south": {"uv": [1, 6, 0, 4], "rotation": 90, "texture": "#0"},
				"up": {"uv": [0, 6, 1, 4], "rotation": 90, "texture": "#0"},
				"down": {"uv": [0, 4, 1, 6], "rotation": 270, "texture": "#0"}
			}
		},
		{
			"from": [10.60607, 10.20962, 9.5],
			"to": [12.60607, 10.70962, 10.5],
			"rotation": {"angle": 45, "axis": "z", "origin": [11.60607, 10.45962, 10]},
			"faces": {
				"north": {"uv": [1, 4, 0, 6], "rotation": 90, "texture": "#0"},
				"east": {"uv": [0, 6, 1, 5], "texture": "#0"},
				"south": {"uv": [1, 6, 0, 4], "rotation": 90, "texture": "#0"},
				"west": {"uv": [0, 4, 1, 5], "texture": "#0"},
				"up": {"uv": [0, 6, 1, 4], "rotation": 90, "texture": "#0"},
				"down": {"uv": [0, 4, 1, 6], "rotation": 270, "texture": "#0"}
			}
		},
		{
			"from": [9.5, 9.07396, 7.86434],
			"to": [10.5, 9.57396, 9.86434],
			"rotation": {"angle": 45, "axis": "x", "origin": [10, 10.45962, 10]},
			"faces": {
				"north": {"uv": [1, 6, 0, 5], "texture": "#0"},
				"east": {"uv": [1, 6, 0, 4], "rotation": 90, "texture": "#0"},
				"south": {"uv": [1, 4, 0, 5], "texture": "#0"},
				"west": {"uv": [1, 4, 0, 6], "rotation": 90, "texture": "#0"},
				"up": {"uv": [0, 4, 1, 6], "rotation": 180, "texture": "#0"},
				"down": {"uv": [0, 6, 1, 4], "rotation": 180, "texture": "#0"}
			}
		},
		{
			"from": [9.5, 9.07396, 10.13566],
			"to": [10.5, 9.57396, 12.13566],
			"rotation": {"angle": -45, "axis": "x", "origin": [10, 10.45962, 10]},
			"faces": {
				"north": {"uv": [0, 4, 1, 5], "texture": "#0"},
				"east": {"uv": [1, 4, 0, 6], "rotation": 90, "texture": "#0"},
				"south": {"uv": [0, 6, 1, 5], "texture": "#0"},
				"west": {"uv": [1, 6, 0, 4], "rotation": 90, "texture": "#0"},
				"up": {"uv": [0, 6, 1, 4], "rotation": 180, "texture": "#0"},
				"down": {"uv": [0, 4, 1, 6], "rotation": 180, "texture": "#0"}
			}
		},
		{
			"from": [7.39393, 10.20962, 9.5],
			"to": [9.39393, 10.70962, 10.5],
			"rotation": {"angle": -45, "axis": "z", "origin": [8.39393, 10.45962, 10]},
			"faces": {
				"north": {"uv": [1, 6, 0, 4], "rotation": 90, "texture": "#0"},
				"east": {"uv": [1, 4, 0, 5], "texture": "#0"},
				"south": {"uv": [1, 4, 0, 6], "rotation": 90, "texture": "#0"},
				"west": {"uv": [1, 6, 0, 5], "texture": "#0"},
				"up": {"uv": [0, 4, 1, 6], "rotation": 90, "texture": "#0"},
				"down": {"uv": [0, 6, 1, 4], "rotation": 270, "texture": "#0"}
			}
		},
		{
			"from": [9.5, 9.5, 11.5],
			"to": [10.5, 10, 13.5],
			"rotation": {"angle": 0, "axis": "y", "origin": [10.5, 10.5, 13.5]},
			"faces": {
				"east": {"uv": [1, 4, 0, 6], "rotation": 90, "texture": "#0"},
				"south": {"uv": [1, 6, 0, 5], "texture": "#0"},
				"west": {"uv": [1, 6, 0, 4], "rotation": 90, "texture": "#0"},
				"up": {"uv": [0, 4, 1, 6], "texture": "#0"},
				"down": {"uv": [0, 6, 1, 4], "texture": "#0"}
			}
		},
		{
			"from": [9.5, 2.86569, 3.27505],
			"to": [10.5, 3.36569, 8.27505],
			"rotation": {"angle": 22.5, "axis": "x", "origin": [5.5, 2.86569, 3.27505]},
			"faces": {
				"north": {"uv": [13, 13, 14, 14], "texture": "#0"},
				"east": {"uv": [13, 9, 14, 14], "rotation": 90, "texture": "#0"},
				"west": {"uv": [13, 14, 14, 9], "rotation": 90, "texture": "#0"},
				"up": {"uv": [13, 9, 14, 14], "texture": "#0"},
				"down": {"uv": [13, 14, 14, 9], "texture": "#0"}
			}
		},
		{
			"from": [7.82297, 0.90176, 9.5],
			"to": [8.32297, 2.90176, 10.5],
			"rotation": {"angle": 45, "axis": "z", "origin": [10, 1.87168, 10]},
			"faces": {
				"north": {"uv": [14, 16, 13, 14], "rotation": 180, "texture": "#0"},
				"east": {"uv": [14, 14, 13, 16], "texture": "#0"},
				"south": {"uv": [14, 14, 13, 16], "texture": "#0"},
				"west": {"uv": [14, 16, 13, 14], "rotation": 180, "texture": "#0"}
			}
		},
		{
			"from": [6.40656, 0.2165, 10.5],
			"to": [7.40656, 0.7165, 11.5],
			"rotation": {"angle": -22.5, "axis": "z", "origin": [10, 1.87168, 10]},
			"faces": {
				"east": {"uv": [15, 10, 14, 11], "texture": "#0"},
				"south": {"uv": [15, 10, 14, 11], "texture": "#0"},
				"west": {"uv": [15, 10, 14, 11], "texture": "#0"},
				"up": {"uv": [14, 11, 15, 10], "rotation": 90, "texture": "#0"},
				"down": {"uv": [14, 11, 15, 10], "rotation": 270, "texture": "#0"}
			}
		},
		{
			"from": [6.40656, 0.2165, 8.5],
			"to": [7.40656, 0.7165, 9.5],
			"rotation": {"angle": -22.5, "axis": "z", "origin": [10, 1.87168, 10]},
			"faces": {
				"north": {"uv": [13, 10, 12, 11], "texture": "#0"},
				"east": {"uv": [13, 10, 12, 11], "texture": "#0"},
				"west": {"uv": [13, 10, 12, 11], "texture": "#0"},
				"up": {"uv": [12, 11, 13, 10], "rotation": 90, "texture": "#0"},
				"down": {"uv": [12, 11, 13, 10], "rotation": 270, "texture": "#0"}
			}
		},
		{
			"from": [4.40656, 0.2165, 10.5],
			"to": [5.40656, 0.7165, 11.5],
			"rotation": {"angle": -22.5, "axis": "z", "origin": [10, 1.87168, 10]},
			"faces": {
				"east": {"uv": [15, 10, 14, 11], "texture": "#0"},
				"south": {"uv": [15, 10, 14, 11], "texture": "#0"},
				"west": {"uv": [15, 10, 14, 11], "texture": "#0"},
				"up": {"uv": [14, 11, 15, 10], "rotation": 90, "texture": "#0"},
				"down": {"uv": [14, 11, 15, 10], "rotation": 270, "texture": "#0"}
			}
		},
		{
			"from": [4.40656, 0.2165, 8.5],
			"to": [5.40656, 0.7165, 9.5],
			"rotation": {"angle": -22.5, "axis": "z", "origin": [10, 1.87168, 10]},
			"faces": {
				"north": {"uv": [13, 10, 12, 11], "texture": "#0"},
				"east": {"uv": [13, 10, 12, 11], "texture": "#0"},
				"west": {"uv": [13, 10, 12, 11], "texture": "#0"},
				"up": {"uv": [12, 11, 13, 10], "rotation": 90, "texture": "#0"},
				"down": {"uv": [12, 11, 13, 10], "rotation": 270, "texture": "#0"}
			}
		},
		{
			"from": [3.40656, 0.2165, 9.5],
			"to": [8.40656, 0.7165, 10.5],
			"rotation": {"angle": -22.5, "axis": "z", "origin": [10, 1.87168, 10]},
			"faces": {
				"north": {"uv": [13, 9, 14, 14], "rotation": 90, "texture": "#0"},
				"south": {"uv": [13, 14, 14, 9], "rotation": 90, "texture": "#0"},
				"west": {"uv": [14, 13, 13, 14], "texture": "#0"},
				"up": {"uv": [13, 14, 14, 9], "rotation": 90, "texture": "#0"},
				"down": {"uv": [13, 9, 14, 14], "rotation": 270, "texture": "#0"}
			}
		},
		{
			"from": [11.67703, 0.90176, 9.5],
			"to": [12.17703, 2.90176, 10.5],
			"rotation": {"angle": -45, "axis": "z", "origin": [10, 1.87168, 10]},
			"faces": {
				"north": {"uv": [13, 16, 14, 14], "rotation": 180, "texture": "#0"},
				"east": {"uv": [13, 16, 14, 14], "rotation": 180, "texture": "#0"},
				"south": {"uv": [13, 14, 14, 16], "texture": "#0"},
				"west": {"uv": [13, 14, 14, 16], "texture": "#0"}
			}
		},
		{
			"from": [12.59344, 0.2165, 10.5],
			"to": [13.59344, 0.7165, 11.5],
			"rotation": {"angle": 22.5, "axis": "z", "origin": [10, 1.87168, 10]},
			"faces": {
				"east": {"uv": [14, 10, 15, 11], "texture": "#0"},
				"south": {"uv": [14, 10, 15, 11], "texture": "#0"},
				"west": {"uv": [14, 10, 15, 11], "texture": "#0"},
				"up": {"uv": [14, 10, 15, 11], "rotation": 90, "texture": "#0"},
				"down": {"uv": [14, 10, 15, 11], "rotation": 270, "texture": "#0"}
			}
		},
		{
			"from": [12.59344, 0.2165, 8.5],
			"to": [13.59344, 0.7165, 9.5],
			"rotation": {"angle": 22.5, "axis": "z", "origin": [10, 1.87168, 10]},
			"faces": {
				"north": {"uv": [12, 10, 13, 11], "texture": "#0"},
				"east": {"uv": [12, 10, 13, 11], "texture": "#0"},
				"west": {"uv": [12, 10, 13, 11], "texture": "#0"},
				"up": {"uv": [12, 10, 13, 11], "rotation": 90, "texture": "#0"},
				"down": {"uv": [12, 10, 13, 11], "rotation": 270, "texture": "#0"}
			}
		},
		{
			"from": [14.59344, 0.2165, 10.5],
			"to": [15.59344, 0.7165, 11.5],
			"rotation": {"angle": 22.5, "axis": "z", "origin": [10, 1.87168, 10]},
			"faces": {
				"east": {"uv": [14, 10, 15, 11], "texture": "#0"},
				"south": {"uv": [14, 10, 15, 11], "texture": "#0"},
				"west": {"uv": [14, 10, 15, 11], "texture": "#0"},
				"up": {"uv": [14, 10, 15, 11], "rotation": 90, "texture": "#0"},
				"down": {"uv": [14, 10, 15, 11], "rotation": 270, "texture": "#0"}
			}
		},
		{
			"from": [14.59344, 0.2165, 8.5],
			"to": [15.59344, 0.7165, 9.5],
			"rotation": {"angle": 22.5, "axis": "z", "origin": [10, 1.87168, 10]},
			"faces": {
				"north": {"uv": [12, 10, 13, 11], "texture": "#0"},
				"east": {"uv": [12, 10, 13, 11], "texture": "#0"},
				"west": {"uv": [12, 10, 13, 11], "texture": "#0"},
				"up": {"uv": [12, 10, 13, 11], "rotation": 90, "texture": "#0"},
				"down": {"uv": [12, 10, 13, 11], "rotation": 270, "texture": "#0"}
			}
		},
		{
			"from": [11.59344, 0.2165, 9.5],
			"to": [16.59344, 0.7165, 10.5],
			"rotation": {"angle": 22.5, "axis": "z", "origin": [10, 1.87168, 10]},
			"faces": {
				"north": {"uv": [13, 14, 14, 9], "rotation": 90, "texture": "#0"},
				"east": {"uv": [13, 13, 14, 14], "texture": "#0"},
				"south": {"uv": [13, 9, 14, 14], "rotation": 90, "texture": "#0"},
				"up": {"uv": [13, 9, 14, 14], "rotation": 90, "texture": "#0"},
				"down": {"uv": [13, 14, 14, 9], "rotation": 270, "texture": "#0"}
			}
		},
		{
			"from": [9.5, -0.46967, 11.13388],
			"to": [10.5, 1.53033, 11.63388],
			"rotation": {"angle": 45, "axis": "x", "origin": [10, 0.53033, 11.38388]},
			"faces": {
				"north": {"uv": [14, 14, 13, 16], "texture": "#0"},
				"east": {"uv": [14, 14, 13, 16], "texture": "#0"},
				"south": {"uv": [14, 16, 13, 14], "rotation": 180, "texture": "#0"},
				"west": {"uv": [14, 16, 13, 14], "rotation": 180, "texture": "#0"}
			}
		},
		{
			"from": [10.5, 2.86569, 12.72495],
			"to": [11.5, 3.36569, 13.72495],
			"rotation": {"angle": -22.5, "axis": "x", "origin": [5.5, 2.86569, 16.72495]},
			"faces": {
				"north": {"uv": [15, 10, 14, 11], "texture": "#0"},
				"east": {"uv": [15, 10, 14, 11], "texture": "#0"},
				"south": {"uv": [15, 10, 14, 11], "texture": "#0"},
				"up": {"uv": [14, 11, 15, 10], "texture": "#0"},
				"down": {"uv": [14, 11, 15, 10], "texture": "#0"}
			}
		},
		{
			"from": [8.5, 2.86569, 12.72495],
			"to": [9.5, 3.36569, 13.72495],
			"rotation": {"angle": -22.5, "axis": "x", "origin": [5.5, 2.86569, 16.72495]},
			"faces": {
				"north": {"uv": [13, 10, 12, 11], "texture": "#0"},
				"south": {"uv": [13, 10, 12, 11], "texture": "#0"},
				"west": {"uv": [13, 10, 12, 11], "texture": "#0"},
				"up": {"uv": [12, 11, 13, 10], "texture": "#0"},
				"down": {"uv": [12, 11, 13, 10], "texture": "#0"}
			}
		},
		{
			"from": [10.5, 2.86569, 14.72495],
			"to": [11.5, 3.36569, 15.72495],
			"rotation": {"angle": -22.5, "axis": "x", "origin": [5.5, 2.86569, 16.72495]},
			"faces": {
				"north": {"uv": [15, 10, 14, 11], "texture": "#0"},
				"east": {"uv": [15, 10, 14, 11], "texture": "#0"},
				"south": {"uv": [15, 10, 14, 11], "texture": "#0"},
				"up": {"uv": [14, 11, 15, 10], "texture": "#0"},
				"down": {"uv": [14, 11, 15, 10], "texture": "#0"}
			}
		},
		{
			"from": [8.5, 2.86569, 14.72495],
			"to": [9.5, 3.36569, 15.72495],
			"rotation": {"angle": -22.5, "axis": "x", "origin": [5.5, 2.86569, 16.72495]},
			"faces": {
				"north": {"uv": [13, 10, 12, 11], "texture": "#0"},
				"south": {"uv": [13, 10, 12, 11], "texture": "#0"},
				"west": {"uv": [13, 10, 12, 11], "texture": "#0"},
				"up": {"uv": [12, 11, 13, 10], "texture": "#0"},
				"down": {"uv": [12, 11, 13, 10], "texture": "#0"}
			}
		},
		{
			"from": [9.5, 2.86569, 11.72495],
			"to": [10.5, 3.36569, 16.72495],
			"rotation": {"angle": -22.5, "axis": "x", "origin": [5.5, 2.86569, 16.72495]},
			"faces": {
				"east": {"uv": [13, 14, 14, 9], "rotation": 90, "texture": "#0"},
				"south": {"uv": [14, 13, 13, 14], "texture": "#0"},
				"west": {"uv": [13, 9, 14, 14], "rotation": 90, "texture": "#0"},
				"up": {"uv": [13, 14, 14, 9], "texture": "#0"},
				"down": {"uv": [13, 9, 14, 14], "texture": "#0"}
			}
		},
		{
			"from": [9.5, -0.46967, 8.36612],
			"to": [10.5, 1.53033, 8.86612],
			"rotation": {"angle": -45, "axis": "x", "origin": [10, 0.53033, 8.61612]},
			"faces": {
				"north": {"uv": [13, 16, 14, 14], "rotation": 180, "texture": "#0"},
				"east": {"uv": [13, 14, 14, 16], "texture": "#0"},
				"south": {"uv": [13, 14, 14, 16], "texture": "#0"},
				"west": {"uv": [13, 16, 14, 14], "rotation": 180, "texture": "#0"}
			}
		},
		{
			"from": [8.5, 2.86569, 4.27505],
			"to": [9.5, 3.36569, 5.27505],
			"rotation": {"angle": 22.5, "axis": "x", "origin": [5.5, 2.86569, 3.27505]},
			"faces": {
				"north": {"uv": [12, 10, 13, 11], "texture": "#0"},
				"south": {"uv": [12, 10, 13, 11], "texture": "#0"},
				"west": {"uv": [12, 10, 13, 11], "texture": "#0"},
				"up": {"uv": [12, 10, 13, 11], "texture": "#0"},
				"down": {"uv": [12, 10, 13, 11], "texture": "#0"}
			}
		},
		{
			"from": [10.5, 2.86569, 4.27505],
			"to": [11.5, 3.36569, 5.27505],
			"rotation": {"angle": 22.5, "axis": "x", "origin": [5.5, 2.86569, 3.27505]},
			"faces": {
				"north": {"uv": [14, 10, 15, 11], "texture": "#0"},
				"east": {"uv": [14, 10, 15, 11], "texture": "#0"},
				"south": {"uv": [14, 10, 15, 11], "texture": "#0"},
				"up": {"uv": [14, 10, 15, 11], "texture": "#0"},
				"down": {"uv": [14, 10, 15, 11], "texture": "#0"}
			}
		},
		{
			"from": [8.5, 2.86569, 6.27505],
			"to": [9.5, 3.36569, 7.27505],
			"rotation": {"angle": 22.5, "axis": "x", "origin": [5.5, 2.86569, 3.27505]},
			"faces": {
				"north": {"uv": [12, 10, 13, 11], "texture": "#0"},
				"south": {"uv": [12, 10, 13, 11], "texture": "#0"},
				"west": {"uv": [12, 10, 13, 11], "texture": "#0"},
				"up": {"uv": [12, 10, 13, 11], "texture": "#0"},
				"down": {"uv": [12, 10, 13, 11], "texture": "#0"}
			}
		},
		{
			"from": [10.5, 2.86569, 6.27505],
			"to": [11.5, 3.36569, 7.27505],
			"rotation": {"angle": 22.5, "axis": "x", "origin": [5.5, 2.86569, 3.27505]},
			"faces": {
				"north": {"uv": [14, 10, 15, 11], "texture": "#0"},
				"east": {"uv": [14, 10, 15, 11], "texture": "#0"},
				"south": {"uv": [14, 10, 15, 11], "texture": "#0"},
				"up": {"uv": [14, 10, 15, 11], "texture": "#0"},
				"down": {"uv": [14, 10, 15, 11], "texture": "#0"}
			}
		},
		{
			"from": [12.5, 0, 3.5],
			"to": [13.5, 6, 4.5],
			"rotation": {"angle": 0, "axis": "y", "origin": [12.5, -3, 3.5]},
			"faces": {
				"north": {"uv": [3, 10, 4, 16], "texture": "#0"},
				"east": {"uv": [3, 10, 4, 16], "texture": "#0"},
				"south": {"uv": [3, 10, 4, 16], "texture": "#0"},
				"west": {"uv": [3, 10, 4, 16], "texture": "#0"}
			}
		},
		{
			"from": [3.5, 4.5, 7.5],
			"to": [4.5, 5, 9.5],
			"rotation": {"angle": 0, "axis": "y", "origin": [4.5, 5.5, 9.5]},
			"faces": {
				"east": {"uv": [1, 4, 0, 6], "rotation": 90, "texture": "#0"},
				"south": {"uv": [1, 6, 0, 5], "texture": "#0"},
				"west": {"uv": [1, 6, 0, 4], "rotation": 90, "texture": "#0"},
				"up": {"uv": [0, 4, 1, 6], "texture": "#0"},
				"down": {"uv": [0, 6, 1, 4], "texture": "#0"}
			}
		},
		{
			"from": [1.39393, 5.20962, 5.5],
			"to": [3.39393, 5.70962, 6.5],
			"rotation": {"angle": -45, "axis": "z", "origin": [2.39393, 5.45962, 6]},
			"faces": {
				"north": {"uv": [1, 6, 0, 4], "rotation": 90, "texture": "#0"},
				"east": {"uv": [1, 4, 0, 5], "texture": "#0"},
				"south": {"uv": [1, 4, 0, 6], "rotation": 90, "texture": "#0"},
				"west": {"uv": [1, 6, 0, 5], "texture": "#0"},
				"up": {"uv": [0, 4, 1, 6], "rotation": 90, "texture": "#0"},
				"down": {"uv": [0, 6, 1, 4], "rotation": 270, "texture": "#0"}
			}
		},
		{
			"from": [3.5, 4.07396, 6.13566],
			"to": [4.5, 4.57396, 8.13566],
			"rotation": {"angle": -45, "axis": "x", "origin": [4, 5.45962, 6]},
			"faces": {
				"north": {"uv": [0, 4, 1, 5], "texture": "#0"},
				"east": {"uv": [1, 4, 0, 6], "rotation": 90, "texture": "#0"},
				"south": {"uv": [0, 6, 1, 5], "texture": "#0"},
				"west": {"uv": [1, 6, 0, 4], "rotation": 90, "texture": "#0"},
				"up": {"uv": [0, 6, 1, 4], "rotation": 180, "texture": "#0"},
				"down": {"uv": [0, 4, 1, 6], "rotation": 180, "texture": "#0"}
			}
		},
		{
			"from": [3.5, 4.07396, 3.86434],
			"to": [4.5, 4.57396, 5.86434],
			"rotation": {"angle": 45, "axis": "x", "origin": [4, 5.45962, 6]},
			"faces": {
				"north": {"uv": [1, 6, 0, 5], "texture": "#0"},
				"east": {"uv": [1, 6, 0, 4], "rotation": 90, "texture": "#0"},
				"south": {"uv": [1, 4, 0, 5], "texture": "#0"},
				"west": {"uv": [1, 4, 0, 6], "rotation": 90, "texture": "#0"},
				"up": {"uv": [0, 4, 1, 6], "rotation": 180, "texture": "#0"},
				"down": {"uv": [0, 6, 1, 4], "rotation": 180, "texture": "#0"}
			}
		},
		{
			"from": [4.60607, 5.20962, 5.5],
			"to": [6.60607, 5.70962, 6.5],
			"rotation": {"angle": 45, "axis": "z", "origin": [5.60607, 5.45962, 6]},
			"faces": {
				"north": {"uv": [1, 4, 0, 6], "rotation": 90, "texture": "#0"},
				"east": {"uv": [0, 6, 1, 5], "texture": "#0"},
				"south": {"uv": [1, 6, 0, 4], "rotation": 90, "texture": "#0"},
				"west": {"uv": [0, 4, 1, 5], "texture": "#0"},
				"up": {"uv": [0, 6, 1, 4], "rotation": 90, "texture": "#0"},
				"down": {"uv": [0, 4, 1, 6], "rotation": 270, "texture": "#0"}
			}
		},
		{
			"from": [5.5, 4.5, 5.5],
			"to": [7.5, 5, 6.5],
			"rotation": {"angle": 0, "axis": "y", "origin": [4, 4.75, 6]},
			"faces": {
				"north": {"uv": [1, 4, 0, 6], "rotation": 90, "texture": "#0"},
				"east": {"uv": [0, 6, 1, 5], "texture": "#0"},
				"south": {"uv": [1, 6, 0, 4], "rotation": 90, "texture": "#0"},
				"up": {"uv": [0, 6, 1, 4], "rotation": 90, "texture": "#0"},
				"down": {"uv": [0, 4, 1, 6], "rotation": 270, "texture": "#0"}
			}
		},
		{
			"from": [0.5, 4.2, 5.5],
			"to": [2.5, 4.7, 6.5],
			"rotation": {"angle": -45, "axis": "y", "origin": [4, 4.75, 6]},
			"faces": {
				"north": {"uv": [1, 6, 0, 4], "rotation": 90, "texture": "#0"},
				"south": {"uv": [1, 4, 0, 6], "rotation": 90, "texture": "#0"},
				"west": {"uv": [1, 6, 0, 5], "texture": "#0"},
				"up": {"uv": [0, 4, 1, 6], "rotation": 90, "texture": "#0"},
				"down": {"uv": [0, 6, 1, 4], "rotation": 270, "texture": "#0"}
			}
		},
		{
			"from": [3.5, 4.2, 2.5],
			"to": [4.5, 4.7, 4.5],
			"rotation": {"angle": -45, "axis": "y", "origin": [4, 4.75, 6]},
			"faces": {
				"north": {"uv": [0, 6, 1, 5], "texture": "#0"},
				"east": {"uv": [1, 6, 0, 4], "rotation": 90, "texture": "#0"},
				"west": {"uv": [1, 4, 0, 6], "rotation": 90, "texture": "#0"},
				"up": {"uv": [0, 6, 1, 4], "texture": "#0"},
				"down": {"uv": [0, 4, 1, 6], "texture": "#0"}
			}
		},
		{
			"from": [5.5, 4.2, 5.5],
			"to": [7.5, 4.7, 6.5],
			"rotation": {"angle": -45, "axis": "y", "origin": [4, 4.75, 6]},
			"faces": {
				"north": {"uv": [1, 4, 0, 6], "rotation": 90, "texture": "#0"},
				"east": {"uv": [0, 6, 1, 5], "texture": "#0"},
				"south": {"uv": [1, 6, 0, 4], "rotation": 90, "texture": "#0"},
				"up": {"uv": [0, 6, 1, 4], "rotation": 90, "texture": "#0"},
				"down": {"uv": [0, 4, 1, 6], "rotation": 270, "texture": "#0"}
			}
		},
		{
			"from": [3.5, 4.2, 7.5],
			"to": [4.5, 4.7, 9.5],
			"rotation": {"angle": -45, "axis": "y", "origin": [4, 4.75, 6]},
			"faces": {
				"east": {"uv": [1, 4, 0, 6], "rotation": 90, "texture": "#0"},
				"south": {"uv": [1, 6, 0, 5], "texture": "#0"},
				"west": {"uv": [1, 6, 0, 4], "rotation": 90, "texture": "#0"},
				"up": {"uv": [0, 4, 1, 6], "texture": "#0"},
				"down": {"uv": [0, 6, 1, 4], "texture": "#0"}
			}
		},
		{
			"from": [0.5, 4.5, 5.5],
			"to": [2.5, 5, 6.5],
			"rotation": {"angle": 0, "axis": "y", "origin": [4, 4.75, 6]},
			"faces": {
				"north": {"uv": [1, 6, 0, 4], "rotation": 90, "texture": "#0"},
				"south": {"uv": [1, 4, 0, 6], "rotation": 90, "texture": "#0"},
				"west": {"uv": [1, 6, 0, 5], "texture": "#0"},
				"up": {"uv": [0, 4, 1, 6], "rotation": 90, "texture": "#0"},
				"down": {"uv": [0, 6, 1, 4], "rotation": 270, "texture": "#0"}
			}
		},
		{
			"from": [3.5, 4.5, 2.5],
			"to": [4.5, 5, 4.5],
			"rotation": {"angle": 0, "axis": "y", "origin": [4.5, 5.5, 2.5]},
			"faces": {
				"north": {"uv": [0, 6, 1, 5], "texture": "#0"},
				"east": {"uv": [1, 6, 0, 4], "rotation": 90, "texture": "#0"},
				"west": {"uv": [1, 4, 0, 6], "rotation": 90, "texture": "#0"},
				"up": {"uv": [0, 6, 1, 4], "texture": "#0"},
				"down": {"uv": [0, 4, 1, 6], "texture": "#0"}
			}
		},
		{
			"from": [2.5, 4, 4.5],
			"to": [5.5, 5, 7.5],
			"rotation": {"angle": 0, "axis": "y", "origin": [2.5, 4, 4.5]},
			"faces": {
				"north": {"uv": [8, 0, 9, 3], "rotation": 90, "texture": "#0"},
				"east": {"uv": [8, 0, 9, 3], "rotation": 90, "texture": "#0"},
				"south": {"uv": [8, 0, 9, 3], "rotation": 90, "texture": "#0"},
				"west": {"uv": [8, 0, 9, 3], "rotation": 90, "texture": "#0"},
				"up": {"uv": [4, 0, 7, 3], "texture": "#0"},
				"down": {"uv": [0, 0, 3, 3], "texture": "#0"}
			}
		},
		{
			"from": [3.5, 0, 5.5],
			"to": [4.5, 4, 6.5],
			"rotation": {"angle": 0, "axis": "y", "origin": [3.5, -5, 5.5]},
			"faces": {
				"north": {"uv": [3, 12, 4, 16], "texture": "#0"},
				"east": {"uv": [3, 12, 4, 16], "texture": "#0"},
				"south": {"uv": [3, 12, 4, 16], "texture": "#0"},
				"west": {"uv": [3, 12, 4, 16], "texture": "#0"}
			}
		},
		{
			"from": [11.5, 6, 2.5],
			"to": [14.5, 7, 5.5],
			"rotation": {"angle": 0, "axis": "y", "origin": [11.5, 6, 2.5]},
			"faces": {
				"north": {"uv": [8, 0, 9, 3], "rotation": 90, "texture": "#0"},
				"east": {"uv": [8, 0, 9, 3], "rotation": 90, "texture": "#0"},
				"south": {"uv": [8, 0, 9, 3], "rotation": 90, "texture": "#0"},
				"west": {"uv": [8, 0, 9, 3], "rotation": 90, "texture": "#0"},
				"up": {"uv": [4, 0, 7, 3], "texture": "#0"},
				"down": {"uv": [0, 0, 3, 3], "texture": "#0"}
			}
		},
		{
			"from": [12.5, 6.5, 0.5],
			"to": [13.5, 7, 2.5],
			"rotation": {"angle": 0, "axis": "y", "origin": [13.5, 7.5, 0.5]},
			"faces": {
				"north": {"uv": [0, 6, 1, 5], "texture": "#0"},
				"east": {"uv": [1, 6, 0, 4], "rotation": 90, "texture": "#0"},
				"west": {"uv": [1, 4, 0, 6], "rotation": 90, "texture": "#0"},
				"up": {"uv": [0, 6, 1, 4], "texture": "#0"},
				"down": {"uv": [0, 4, 1, 6], "texture": "#0"}
			}
		},
		{
			"from": [9.5, 6.5, 3.5],
			"to": [11.5, 7, 4.5],
			"rotation": {"angle": 0, "axis": "y", "origin": [13, 6.75, 4]},
			"faces": {
				"north": {"uv": [1, 6, 0, 4], "rotation": 90, "texture": "#0"},
				"south": {"uv": [1, 4, 0, 6], "rotation": 90, "texture": "#0"},
				"west": {"uv": [1, 6, 0, 5], "texture": "#0"},
				"up": {"uv": [0, 4, 1, 6], "rotation": 90, "texture": "#0"},
				"down": {"uv": [0, 6, 1, 4], "rotation": 270, "texture": "#0"}
			}
		},
		{
			"from": [12.5, 6.2, 5.5],
			"to": [13.5, 6.7, 7.5],
			"rotation": {"angle": -45, "axis": "y", "origin": [13, 6.75, 4]},
			"faces": {
				"east": {"uv": [1, 4, 0, 6], "rotation": 90, "texture": "#0"},
				"south": {"uv": [1, 6, 0, 5], "texture": "#0"},
				"west": {"uv": [1, 6, 0, 4], "rotation": 90, "texture": "#0"},
				"up": {"uv": [0, 4, 1, 6], "texture": "#0"},
				"down": {"uv": [0, 6, 1, 4], "texture": "#0"}
			}
		},
		{
			"from": [14.5, 6.2, 3.5],
			"to": [16.5, 6.7, 4.5],
			"rotation": {"angle": -45, "axis": "y", "origin": [13, 6.75, 4]},
			"faces": {
				"north": {"uv": [1, 4, 0, 6], "rotation": 90, "texture": "#0"},
				"east": {"uv": [0, 6, 1, 5], "texture": "#0"},
				"south": {"uv": [1, 6, 0, 4], "rotation": 90, "texture": "#0"},
				"up": {"uv": [0, 6, 1, 4], "rotation": 90, "texture": "#0"},
				"down": {"uv": [0, 4, 1, 6], "rotation": 270, "texture": "#0"}
			}
		},
		{
			"from": [12.5, 6.2, 0.5],
			"to": [13.5, 6.7, 2.5],
			"rotation": {"angle": -45, "axis": "y", "origin": [13, 6.75, 4]},
			"faces": {
				"north": {"uv": [0, 6, 1, 5], "texture": "#0"},
				"east": {"uv": [1, 6, 0, 4], "rotation": 90, "texture": "#0"},
				"west": {"uv": [1, 4, 0, 6], "rotation": 90, "texture": "#0"},
				"up": {"uv": [0, 6, 1, 4], "texture": "#0"},
				"down": {"uv": [0, 4, 1, 6], "texture": "#0"}
			}
		},
		{
			"from": [9.5, 6.2, 3.5],
			"to": [11.5, 6.7, 4.5],
			"rotation": {"angle": -45, "axis": "y", "origin": [13, 6.75, 4]},
			"faces": {
				"north": {"uv": [1, 6, 0, 4], "rotation": 90, "texture": "#0"},
				"south": {"uv": [1, 4, 0, 6], "rotation": 90, "texture": "#0"},
				"west": {"uv": [1, 6, 0, 5], "texture": "#0"},
				"up": {"uv": [0, 4, 1, 6], "rotation": 90, "texture": "#0"},
				"down": {"uv": [0, 6, 1, 4], "rotation": 270, "texture": "#0"}
			}
		},
		{
			"from": [14.5, 6.5, 3.5],
			"to": [16.5, 7, 4.5],
			"rotation": {"angle": 0, "axis": "y", "origin": [13, 6.75, 4]},
			"faces": {
				"north": {"uv": [1, 4, 0, 6], "rotation": 90, "texture": "#0"},
				"east": {"uv": [0, 6, 1, 5], "texture": "#0"},
				"south": {"uv": [1, 6, 0, 4], "rotation": 90, "texture": "#0"},
				"up": {"uv": [0, 6, 1, 4], "rotation": 90, "texture": "#0"},
				"down": {"uv": [0, 4, 1, 6], "rotation": 270, "texture": "#0"}
			}
		},
		{
			"from": [13.60607, 7.20962, 3.5],
			"to": [15.60607, 7.70962, 4.5],
			"rotation": {"angle": 45, "axis": "z", "origin": [14.60607, 7.45962, 4]},
			"faces": {
				"north": {"uv": [1, 4, 0, 6], "rotation": 90, "texture": "#0"},
				"east": {"uv": [0, 6, 1, 5], "texture": "#0"},
				"south": {"uv": [1, 6, 0, 4], "rotation": 90, "texture": "#0"},
				"west": {"uv": [0, 4, 1, 5], "texture": "#0"},
				"up": {"uv": [0, 6, 1, 4], "rotation": 90, "texture": "#0"},
				"down": {"uv": [0, 4, 1, 6], "rotation": 270, "texture": "#0"}
			}
		},
		{
			"from": [12.5, 6.07396, 1.86434],
			"to": [13.5, 6.57396, 3.86434],
			"rotation": {"angle": 45, "axis": "x", "origin": [13, 7.45962, 4]},
			"faces": {
				"north": {"uv": [1, 6, 0, 5], "texture": "#0"},
				"east": {"uv": [1, 6, 0, 4], "rotation": 90, "texture": "#0"},
				"south": {"uv": [1, 4, 0, 5], "texture": "#0"},
				"west": {"uv": [1, 4, 0, 6], "rotation": 90, "texture": "#0"},
				"up": {"uv": [0, 4, 1, 6], "rotation": 180, "texture": "#0"},
				"down": {"uv": [0, 6, 1, 4], "rotation": 180, "texture": "#0"}
			}
		},
		{
			"from": [12.5, 6.07396, 4.13566],
			"to": [13.5, 6.57396, 6.13566],
			"rotation": {"angle": -45, "axis": "x", "origin": [13, 7.45962, 4]},
			"faces": {
				"north": {"uv": [0, 4, 1, 5], "texture": "#0"},
				"east": {"uv": [1, 4, 0, 6], "rotation": 90, "texture": "#0"},
				"south": {"uv": [0, 6, 1, 5], "texture": "#0"},
				"west": {"uv": [1, 6, 0, 4], "rotation": 90, "texture": "#0"},
				"up": {"uv": [0, 6, 1, 4], "rotation": 180, "texture": "#0"},
				"down": {"uv": [0, 4, 1, 6], "rotation": 180, "texture": "#0"}
			}
		},
		{
			"from": [10.39393, 7.20962, 3.5],
			"to": [12.39393, 7.70962, 4.5],
			"rotation": {"angle": -45, "axis": "z", "origin": [11.39393, 7.45962, 4]},
			"faces": {
				"north": {"uv": [1, 6, 0, 4], "rotation": 90, "texture": "#0"},
				"east": {"uv": [1, 4, 0, 5], "texture": "#0"},
				"south": {"uv": [1, 4, 0, 6], "rotation": 90, "texture": "#0"},
				"west": {"uv": [1, 6, 0, 5], "texture": "#0"},
				"up": {"uv": [0, 4, 1, 6], "rotation": 90, "texture": "#0"},
				"down": {"uv": [0, 6, 1, 4], "rotation": 270, "texture": "#0"}
			}
		},
		{
			"from": [12.5, 6.5, 5.5],
			"to": [13.5, 7, 7.5],
			"rotation": {"angle": 0, "axis": "y", "origin": [13.5, 7.5, 7.5]},
			"faces": {
				"east": {"uv": [1, 4, 0, 6], "rotation": 90, "texture": "#0"},
				"south": {"uv": [1, 6, 0, 5], "texture": "#0"},
				"west": {"uv": [1, 6, 0, 4], "rotation": 90, "texture": "#0"},
				"up": {"uv": [0, 4, 1, 6], "texture": "#0"},
				"down": {"uv": [0, 6, 1, 4], "texture": "#0"}
			}
		}
	],
	"groups": [
		0,
		1,
		2,
		3,
		4,
		5,
		6,
		7,
		8,
		9,
		10,
		11,
		12,
		13,
		{
			"name": "group",
			"origin": [0, 0, 0],
			"color": 0,
			"children": [14, 15, 16, 17, 18, 19, 20, 21, 22, 23, 24, 25, 26, 27, 28, 29, 30, 31, 32, 33, 34, 35, 36, 37]
		},
		38,
		39,
		40,
		41,
		42,
		43,
		44,
		45,
		46,
		47,
		48,
		49,
		50,
		51,
		52,
		53,
		54,
		55,
		56,
		57,
		58,
		59,
		60,
		61,
		62,
		63,
		64,
		65
	]
}