{
	"credit": "Made with Blockbench",
	"ambientocclusion": false,
	"textures": {
		"0": "block/flowers/oxe_eye_daisy1",
		"1": "block/flowers/oxe_eye_daisy2",
		"particle": "block/flowers/oxe_eye_daisy1"
	},
	"elements": [
		{
			"from": [3, 5, 6],
			"to": [5, 8, 8],
			"rotation": {"angle": -45, "axis": "y", "origin": [4, 6.11421, 7]},
			"faces": {
				"north": {"uv": [9, 5, 11, 8], "texture": "#0"},
				"east": {"uv": [9, 5, 11, 8], "texture": "#0"},
				"south": {"uv": [9, 5, 11, 8], "texture": "#0"},
				"west": {"uv": [9, 5, 11, 8], "texture": "#0"},
				"up": {"uv": [9, 2, 11, 4], "texture": "#0"},
				"down": {"uv": [9, 9, 11, 11], "texture": "#0"}
			}
		},
		{
			"from": [3, 5.18034, 8.10978],
			"to": [5, 5.68034, 11.10978],
			"rotation": {"angle": -22.5, "axis": "x", "origin": [4, 6.11421, 7]},
			"faces": {
				"east": {"uv": [5, 6, 6, 3], "rotation": 90, "texture": "#0"},
				"south": {"uv": [2, 1, 4, 2], "texture": "#0"},
				"west": {"uv": [5, 3, 6, 6], "rotation": 90, "texture": "#0"},
				"up": {"uv": [4, 6, 2, 3], "texture": "#0"},
				"down": {"uv": [2, 3, 4, 6], "texture": "#0"}
			}
		},
		{
			"from": [4.88099, 5.52585, 6],
			"to": [7.88099, 6.02585, 8],
			"rotation": {"angle": -45, "axis": "y", "origin": [4, 6.11421, 7]},
			"faces": {
				"north": {"uv": [5, 6, 6, 3], "rotation": 90, "texture": "#0"},
				"east": {"uv": [2, 1, 4, 2], "texture": "#0"},
				"south": {"uv": [5, 3, 6, 6], "rotation": 90, "texture": "#0"},
				"west": {"uv": [2, 1, 4, 2], "texture": "#0"},
				"up": {"uv": [2, 3, 4, 6], "rotation": 90, "texture": "#0"},
				"down": {"uv": [2, 6, 4, 3], "rotation": 270, "texture": "#0"}
			}
		},
		{
			"from": [0.11901, 5.52585, 6],
			"to": [3.11901, 6.02585, 8],
			"rotation": {"angle": 45, "axis": "y", "origin": [4, 6.11421, 7]},
			"faces": {
				"north": {"uv": [5, 3, 6, 6], "rotation": 90, "texture": "#0"},
				"south": {"uv": [5, 6, 6, 3], "rotation": 90, "texture": "#0"},
				"west": {"uv": [2, 1, 4, 2], "texture": "#0"},
				"up": {"uv": [2, 6, 4, 3], "rotation": 90, "texture": "#0"},
				"down": {"uv": [2, 3, 4, 6], "rotation": 270, "texture": "#0"}
			}
		},
		{
			"from": [-0.10978, 5.18034, 6],
			"to": [2.89022, 5.68034, 8],
			"rotation": {"angle": -22.5, "axis": "z", "origin": [4, 6.11421, 7]},
			"faces": {
				"north": {"uv": [5, 3, 6, 6], "rotation": 90, "texture": "#0"},
				"south": {"uv": [5, 6, 6, 3], "rotation": 90, "texture": "#0"},
				"west": {"uv": [2, 1, 4, 2], "texture": "#0"},
				"up": {"uv": [2, 6, 4, 3], "rotation": 90, "texture": "#0"},
				"down": {"uv": [2, 3, 4, 6], "rotation": 270, "texture": "#0"}
			}
		},
		{
			"from": [3.5, 0, 6.5],
			"to": [4.5, 5, 7.5],
			"rotation": {"angle": 0, "axis": "y", "origin": [0.5, 0, 2.5]},
			"faces": {
				"north": {"uv": [6, 11, 7, 16], "texture": "#0"},
				"east": {"uv": [6, 11, 7, 16], "texture": "#0"},
				"south": {"uv": [6, 11, 7, 16], "texture": "#0"},
				"west": {"uv": [6, 11, 7, 16], "texture": "#0"}
			}
		},
		{
			"from": [3, 5.18034, 2.89022],
			"to": [5, 5.68034, 5.89022],
			"rotation": {"angle": 22.5, "axis": "x", "origin": [4, 6.11421, 7]},
			"faces": {
				"north": {"uv": [2, 1, 4, 2], "texture": "#0"},
				"east": {"uv": [5, 3, 6, 6], "rotation": 90, "texture": "#0"},
				"west": {"uv": [5, 6, 6, 3], "rotation": 90, "texture": "#0"},
				"up": {"uv": [2, 3, 4, 6], "texture": "#0"},
				"down": {"uv": [2, 6, 4, 3], "texture": "#0"}
			}
		},
		{
			"from": [5.10978, 5.18034, 6],
			"to": [8.10978, 5.68034, 8],
			"rotation": {"angle": 22.5, "axis": "z", "origin": [4, 6.11421, 7]},
			"faces": {
				"north": {"uv": [5, 6, 6, 3], "rotation": 90, "texture": "#0"},
				"east": {"uv": [2, 1, 4, 2], "texture": "#0"},
				"south": {"uv": [5, 3, 6, 6], "rotation": 90, "texture": "#0"},
				"west": {"uv": [2, 1, 4, 2], "texture": "#0"},
				"up": {"uv": [2, 3, 4, 6], "rotation": 90, "texture": "#0"},
				"down": {"uv": [2, 6, 4, 3], "rotation": 270, "texture": "#0"}
			}
		},
		{
			"from": [4.88099, 5.52585, 6],
			"to": [7.88099, 6.02585, 8],
			"rotation": {"angle": 45, "axis": "y", "origin": [4, 6.11421, 7]},
			"faces": {
				"north": {"uv": [5, 6, 6, 3], "rotation": 90, "texture": "#0"},
				"east": {"uv": [2, 1, 4, 2], "texture": "#0"},
				"south": {"uv": [5, 3, 6, 6], "rotation": 90, "texture": "#0"},
				"west": {"uv": [2, 1, 4, 2], "texture": "#0"},
				"up": {"uv": [2, 3, 4, 6], "rotation": 90, "texture": "#0"},
				"down": {"uv": [2, 6, 4, 3], "rotation": 270, "texture": "#0"}
			}
		},
		{
			"from": [0.11901, 5.52585, 6],
			"to": [3.11901, 6.02585, 8],
			"rotation": {"angle": -45, "axis": "y", "origin": [4, 6.11421, 7]},
			"faces": {
				"north": {"uv": [5, 3, 6, 6], "rotation": 90, "texture": "#0"},
				"south": {"uv": [5, 6, 6, 3], "rotation": 90, "texture": "#0"},
				"west": {"uv": [2, 1, 4, 2], "texture": "#0"},
				"up": {"uv": [2, 6, 4, 3], "rotation": 90, "texture": "#0"},
				"down": {"uv": [2, 3, 4, 6], "rotation": 270, "texture": "#0"}
			}
		},
		{
			"from": [10.5, 0, 4.5],
			"to": [11.5, 4, 5.5],
			"rotation": {"angle": 0, "axis": "y", "origin": [10.5, 0, 4.5]},
			"faces": {
				"north": {"uv": [6, 12, 7, 16], "texture": "#0"},
				"east": {"uv": [6, 12, 7, 16], "texture": "#0"},
				"south": {"uv": [6, 12, 7, 16], "texture": "#0"},
				"west": {"uv": [6, 12, 7, 16], "texture": "#0"}
			}
		},
		{
			"from": [9, 5, 12],
			"to": [11, 8, 14],
			"rotation": {"angle": -45, "axis": "y", "origin": [10, 6.11421, 13]},
			"faces": {
				"north": {"uv": [9, 5, 11, 8], "texture": "#1"},
				"east": {"uv": [9, 5, 11, 8], "texture": "#1"},
				"south": {"uv": [9, 5, 11, 8], "texture": "#1"},
				"west": {"uv": [9, 5, 11, 8], "texture": "#1"},
				"up": {"uv": [9, 2, 11, 4], "texture": "#1"},
				"down": {"uv": [9, 9, 11, 11], "texture": "#1"}
			}
		},
		{
			"from": [9, 5.18034, 14.10978],
			"to": [11, 5.68034, 17.10978],
			"rotation": {"angle": -22.5, "axis": "x", "origin": [10, 6.11421, 13]},
			"faces": {
				"north": {"uv": [0, 0, 0, 0], "texture": "#1"},
				"east": {"uv": [5, 6, 6, 3], "rotation": 90, "texture": "#1"},
				"south": {"uv": [2, 1, 4, 2], "texture": "#1"},
				"west": {"uv": [5, 3, 6, 6], "rotation": 90, "texture": "#1"},
				"up": {"uv": [4, 6, 2, 3], "texture": "#1"},
				"down": {"uv": [2, 3, 4, 6], "texture": "#1"}
			}
		},
		{
			"from": [10.88099, 5.52585, 12],
			"to": [13.88099, 6.02585, 14],
			"rotation": {"angle": -45, "axis": "y", "origin": [10, 6.11421, 13]},
			"faces": {
				"north": {"uv": [5, 6, 6, 3], "rotation": 90, "texture": "#1"},
				"east": {"uv": [2, 1, 4, 2], "texture": "#1"},
				"south": {"uv": [5, 3, 6, 6], "rotation": 90, "texture": "#1"},
				"west": {"uv": [2, 1, 4, 2], "texture": "#1"},
				"up": {"uv": [2, 3, 4, 6], "rotation": 90, "texture": "#1"},
				"down": {"uv": [2, 6, 4, 3], "rotation": 270, "texture": "#1"}
			}
		},
		{
			"from": [6.11901, 5.52585, 12],
			"to": [9.11901, 6.02585, 14],
			"rotation": {"angle": 45, "axis": "y", "origin": [10, 6.11421, 13]},
			"faces": {
				"north": {"uv": [5, 3, 6, 6], "rotation": 90, "texture": "#1"},
				"east": {"uv": [0, 0, 0, 0], "texture": "#1"},
				"south": {"uv": [5, 6, 6, 3], "rotation": 90, "texture": "#1"},
				"west": {"uv": [2, 1, 4, 2], "texture": "#1"},
				"up": {"uv": [2, 6, 4, 3], "rotation": 90, "texture": "#1"},
				"down": {"uv": [2, 3, 4, 6], "rotation": 270, "texture": "#1"}
			}
		},
		{
			"from": [5.89022, 5.18034, 12],
			"to": [8.89022, 5.68034, 14],
			"rotation": {"angle": -22.5, "axis": "z", "origin": [10, 6.11421, 13]},
			"faces": {
				"north": {"uv": [5, 3, 6, 6], "rotation": 90, "texture": "#1"},
				"east": {"uv": [0, 0, 0, 0], "texture": "#1"},
				"south": {"uv": [5, 6, 6, 3], "rotation": 90, "texture": "#1"},
				"west": {"uv": [2, 1, 4, 2], "texture": "#1"},
				"up": {"uv": [2, 6, 4, 3], "rotation": 90, "texture": "#1"},
				"down": {"uv": [2, 3, 4, 6], "rotation": 270, "texture": "#1"}
			}
		},
		{
			"from": [9.5, 0, 12.5],
			"to": [10.5, 5, 13.5],
			"rotation": {"angle": 0, "axis": "y", "origin": [6.5, 0, 8.5]},
			"faces": {
				"north": {"uv": [6, 11, 7, 16], "texture": "#1"},
				"east": {"uv": [6, 11, 7, 16], "texture": "#1"},
				"south": {"uv": [6, 11, 7, 16], "texture": "#1"},
				"west": {"uv": [6, 11, 7, 16], "texture": "#1"},
				"up": {"uv": [0, 0, 0, 0], "texture": "#1"},
				"down": {"uv": [0, 0, 0, 0], "texture": "#1"}
			}
		},
		{
			"from": [9, 5.18034, 8.89022],
			"to": [11, 5.68034, 11.89022],
			"rotation": {"angle": 22.5, "axis": "x", "origin": [10, 6.11421, 13]},
			"faces": {
				"north": {"uv": [2, 1, 4, 2], "texture": "#1"},
				"east": {"uv": [5, 3, 6, 6], "rotation": 90, "texture": "#1"},
				"south": {"uv": [0, 0, 0, 0], "texture": "#1"},
				"west": {"uv": [5, 6, 6, 3], "rotation": 90, "texture": "#1"},
				"up": {"uv": [2, 3, 4, 6], "texture": "#1"},
				"down": {"uv": [2, 6, 4, 3], "texture": "#1"}
			}
		},
		{
			"from": [11.10978, 5.18034, 12],
			"to": [14.10978, 5.68034, 14],
			"rotation": {"angle": 22.5, "axis": "z", "origin": [10, 6.11421, 13]},
			"faces": {
				"north": {"uv": [5, 6, 6, 3], "rotation": 90, "texture": "#1"},
				"east": {"uv": [2, 1, 4, 2], "texture": "#1"},
				"south": {"uv": [5, 3, 6, 6], "rotation": 90, "texture": "#1"},
				"west": {"uv": [2, 1, 4, 2], "texture": "#1"},
				"up": {"uv": [2, 3, 4, 6], "rotation": 90, "texture": "#1"},
				"down": {"uv": [2, 6, 4, 3], "rotation": 270, "texture": "#1"}
			}
		},
		{
			"from": [10.88099, 5.52585, 12],
			"to": [13.88099, 6.02585, 14],
			"rotation": {"angle": 45, "axis": "y", "origin": [10, 6.11421, 13]},
			"faces": {
				"north": {"uv": [5, 6, 6, 3], "rotation": 90, "texture": "#1"},
				"east": {"uv": [2, 1, 4, 2], "texture": "#1"},
				"south": {"uv": [5, 3, 6, 6], "rotation": 90, "texture": "#1"},
				"west": {"uv": [2, 1, 4, 2], "texture": "#1"},
				"up": {"uv": [2, 3, 4, 6], "rotation": 90, "texture": "#1"},
				"down": {"uv": [2, 6, 4, 3], "rotation": 270, "texture": "#1"}
			}
		},
		{
			"from": [6.11901, 5.52585, 12],
			"to": [9.11901, 6.02585, 14],
			"rotation": {"angle": -45, "axis": "y", "origin": [10, 6.11421, 13]},
			"faces": {
				"north": {"uv": [5, 3, 6, 6], "rotation": 90, "texture": "#1"},
				"east": {"uv": [0, 0, 0, 0], "texture": "#1"},
				"south": {"uv": [5, 6, 6, 3], "rotation": 90, "texture": "#1"},
				"west": {"uv": [2, 1, 4, 2], "texture": "#1"},
				"up": {"uv": [2, 6, 4, 3], "rotation": 90, "texture": "#1"},
				"down": {"uv": [2, 3, 4, 6], "rotation": 270, "texture": "#1"}
			}
		},
		{
			"from": [10.25, 4, 4.25],
			"to": [11.75, 6.5, 5.75],
			"rotation": {"angle": 0, "axis": "y", "origin": [9.5, 5, 4.5]},
			"faces": {
				"north": {"uv": [9.25, 5, 10.75, 7.5], "texture": "#0"},
				"east": {"uv": [9.25, 5, 10.75, 7.5], "texture": "#0"},
				"south": {"uv": [9.25, 5, 10.75, 7.5], "texture": "#0"},
				"west": {"uv": [9.25, 5, 10.75, 7.5], "texture": "#0"},
				"up": {"uv": [9.25, 2.25, 10.75, 3.75], "texture": "#0"},
				"down": {"uv": [9.25, 9.25, 10.75, 10.75], "texture": "#0"}
			}
		},
		{
			"from": [10.25, 5, 1.75],
			"to": [11.75, 5.5, 4.25],
			"rotation": {"angle": 22.5, "axis": "x", "origin": [11, 5.25, 3]},
			"faces": {
				"north": {"uv": [2.25, 1.25, 3.75, 1.75], "texture": "#0"},
				"east": {"uv": [5.25, 3.25, 5.75, 5.75], "rotation": 90, "texture": "#0"},
				"south": {"uv": [2.25, 1.25, 3.75, 1.75], "texture": "#0"},
				"west": {"uv": [5.25, 5.75, 5.75, 3.25], "rotation": 90, "texture": "#0"},
				"up": {"uv": [2.25, 3.25, 3.75, 5.75], "texture": "#0"},
				"down": {"uv": [2.25, 5.75, 3.75, 3.25], "texture": "#0"}
			}
		},
		{
			"from": [11.75052, 5, 4.25052],
			"to": [14.25052, 5.5, 5.75052],
			"rotation": {"angle": 22.5, "axis": "z", "origin": [13.00052, 5.25, 5.00052]},
			"faces": {
				"north": {"uv": [5.25, 5.75, 5.75, 3.25], "rotation": 90, "texture": "#0"},
				"east": {"uv": [2.25, 1.25, 3.75, 1.75], "texture": "#0"},
				"south": {"uv": [5.25, 3.25, 5.75, 5.75], "rotation": 90, "texture": "#0"},
				"west": {"uv": [2.25, 1.25, 3.75, 1.75], "texture": "#0"},
				"up": {"uv": [2.25, 3.25, 3.75, 5.75], "rotation": 90, "texture": "#0"},
				"down": {"uv": [2.25, 5.75, 3.75, 3.25], "rotation": 270, "texture": "#0"}
			}
		},
		{
			"from": [10.25, 5, 5.75104],
			"to": [11.75, 5.5, 8.25104],
			"rotation": {"angle": -22.5, "axis": "x", "origin": [11, 5.25, 7.00104]},
			"faces": {
				"north": {"uv": [2.25, 1.25, 3.75, 1.75], "texture": "#0"},
				"east": {"uv": [5.25, 5.75, 5.75, 3.25], "rotation": 90, "texture": "#0"},
				"south": {"uv": [2.25, 1.25, 3.75, 1.75], "texture": "#0"},
				"west": {"uv": [5.25, 3.25, 5.75, 5.75], "rotation": 90, "texture": "#0"},
				"up": {"uv": [3.75, 5.75, 2.25, 3.25], "texture": "#0"},
				"down": {"uv": [3.75, 3.25, 2.25, 5.75], "texture": "#0"}
			}
		},
		{
			"from": [7.74948, 5, 4.25052],
			"to": [10.24948, 5.5, 5.75052],
			"rotation": {"angle": -22.5, "axis": "z", "origin": [8.99948, 5.25, 5.00052]},
			"faces": {
				"north": {"uv": [5.25, 3.25, 5.75, 5.75], "rotation": 90, "texture": "#0"},
				"east": {"uv": [2.25, 1.25, 3.75, 1.75], "texture": "#0"},
				"south": {"uv": [5.25, 5.75, 5.75, 3.25], "rotation": 90, "texture": "#0"},
				"west": {"uv": [2.25, 1.25, 3.75, 1.75], "texture": "#0"},
				"up": {"uv": [3.75, 5.75, 2.25, 3.25], "rotation": 90, "texture": "#0"},
				"down": {"uv": [3.75, 3.25, 2.25, 5.75], "rotation": 270, "texture": "#0"}
			}
		},
		{
			"from": [-0.62132, 1.62132, 7.5],
			"to": [0.37868, 2.12132, 8.5],
			"rotation": {"angle": 0, "axis": "y", "origin": [0.21202, 1.87132, 7]},
			"faces": {
				"north": {"uv": [0, 0, 0, 0], "rotation": 90, "texture": "#0"},
				"east": {"uv": [14, 12, 13, 13], "rotation": 270, "texture": "#0"},
				"south": {"uv": [14, 12, 13, 13], "rotation": 270, "texture": "#0"},
				"west": {"uv": [14, 12, 13, 13], "rotation": 270, "texture": "#0"},
				"up": {"uv": [14, 12, 13, 13], "rotation": 270, "texture": "#0"},
				"down": {"uv": [14, 12, 13, 13], "rotation": 270, "texture": "#0"}
			}
		},
		{
			"from": [0.37868, 1.62132, 5.5],
			"to": [1.37868, 2.12132, 6.5],
			"rotation": {"angle": 0, "axis": "y", "origin": [0.21202, 1.87132, 7]},
			"faces": {
				"north": {"uv": [14, 12, 13, 13], "rotation": 90, "texture": "#0"},
				"east": {"uv": [14, 12, 13, 13], "rotation": 270, "texture": "#0"},
				"south": {"uv": [0, 0, 0, 0], "rotation": 270, "texture": "#0"},
				"west": {"uv": [14, 12, 13, 13], "rotation": 270, "texture": "#0"},
				"up": {"uv": [14, 12, 13, 13], "rotation": 270, "texture": "#0"},
				"down": {"uv": [14, 12, 13, 13], "rotation": 270, "texture": "#0"}
			}
		},
		{
			"from": [-1.62132, 1.62132, 6.5],
			"to": [1.37868, 2.12132, 7.5],
			"rotation": {"angle": 0, "axis": "y", "origin": [0.21202, 1.87132, 7]},
			"faces": {
				"north": {"uv": [14.5, 10, 14, 13], "rotation": 90, "texture": "#0"},
				"east": {"uv": [0, 0, 0, 0], "rotation": 270, "texture": "#0"},
				"south": {"uv": [15, 10, 14.5, 13], "rotation": 270, "texture": "#0"},
				"west": {"uv": [14, 10.5, 15, 10], "texture": "#0"},
				"up": {"uv": [15, 10, 14, 13], "rotation": 270, "texture": "#0"},
				"down": {"uv": [15, 10, 14, 13], "rotation": 270, "texture": "#0"}
			}
		},
		{
			"from": [0.4805, -1.25072, 6.5],
			"to": [0.9805, 1.74928, 7.5],
			"rotation": {"angle": 45, "axis": "z", "origin": [0.7305, 2.41595, 6]},
			"faces": {
				"north": {"uv": [14.5, 13, 14, 16], "texture": "#0"},
				"east": {"uv": [15, 13, 14, 16], "texture": "#0"},
				"south": {"uv": [15, 13, 14.5, 16], "texture": "#0"},
				"west": {"uv": [15, 13, 14, 16], "texture": "#0"},
				"up": {"uv": [0, 0, 0, 0], "rotation": 90, "texture": "#0"},
				"down": {"uv": [0, 0, 0, 0], "texture": "#0"}
			}
		},
		{
			"from": [6.37868, 1.62132, 5.5],
			"to": [7.37868, 2.12132, 6.5],
			"rotation": {"angle": 0, "axis": "y", "origin": [7.21201, 1.87132, 5]},
			"faces": {
				"north": {"uv": [0, 0, 0, 0], "rotation": 90, "texture": "#0"},
				"east": {"uv": [14, 12, 13, 13], "rotation": 270, "texture": "#0"},
				"south": {"uv": [14, 12, 13, 13], "rotation": 270, "texture": "#0"},
				"west": {"uv": [14, 12, 13, 13], "rotation": 270, "texture": "#0"},
				"up": {"uv": [14, 12, 13, 13], "rotation": 270, "texture": "#0"},
				"down": {"uv": [14, 12, 13, 13], "rotation": 270, "texture": "#0"}
			}
		},
		{
			"from": [7.37868, 1.62132, 3.5],
			"to": [8.37868, 2.12132, 4.5],
			"rotation": {"angle": 0, "axis": "y", "origin": [7.21201, 1.87132, 5]},
			"faces": {
				"north": {"uv": [14, 12, 13, 13], "rotation": 90, "texture": "#0"},
				"east": {"uv": [14, 12, 13, 13], "rotation": 270, "texture": "#0"},
				"south": {"uv": [0, 0, 0, 0], "rotation": 270, "texture": "#0"},
				"west": {"uv": [14, 12, 13, 13], "rotation": 270, "texture": "#0"},
				"up": {"uv": [14, 12, 13, 13], "rotation": 270, "texture": "#0"},
				"down": {"uv": [14, 12, 13, 13], "rotation": 270, "texture": "#0"}
			}
		},
		{
			"from": [5.37868, 1.62132, 4.5],
			"to": [8.37868, 2.12132, 5.5],
			"rotation": {"angle": 0, "axis": "y", "origin": [7.21201, 1.87132, 5]},
			"faces": {
				"north": {"uv": [14.5, 10, 14, 13], "rotation": 90, "texture": "#0"},
				"east": {"uv": [0, 0, 0, 0], "rotation": 270, "texture": "#0"},
				"south": {"uv": [15, 10, 14.5, 13], "rotation": 270, "texture": "#0"},
				"west": {"uv": [14, 10.5, 15, 10], "texture": "#0"},
				"up": {"uv": [15, 10, 14, 13], "rotation": 270, "texture": "#0"},
				"down": {"uv": [15, 10, 14, 13], "rotation": 270, "texture": "#0"}
			}
		},
		{
			"from": [7.4805, -1.25072, 4.5],
			"to": [7.9805, 1.74928, 5.5],
			"rotation": {"angle": 45, "axis": "z", "origin": [7.7305, 2.41595, 4]},
			"faces": {
				"north": {"uv": [14.5, 13, 14, 16], "texture": "#0"},
				"east": {"uv": [15, 13, 14, 16], "texture": "#0"},
				"south": {"uv": [15, 13, 14.5, 16], "texture": "#0"},
				"west": {"uv": [15, 13, 14, 16], "texture": "#0"},
				"up": {"uv": [0, 0, 0, 0], "rotation": 90, "texture": "#0"},
				"down": {"uv": [0, 0, 0, 0], "texture": "#0"}
			}
		},
		{
			"from": [9.5, 1.62132, 0.37868],
			"to": [10.5, 2.12132, 1.37868],
			"rotation": {"angle": 0, "axis": "y", "origin": [11, 1.87132, 1.21201]},
			"faces": {
				"north": {"uv": [14, 12, 13, 13], "rotation": 270, "texture": "#0"},
				"east": {"uv": [0, 0, 0, 0], "rotation": 90, "texture": "#0"},
				"south": {"uv": [14, 12, 13, 13], "rotation": 270, "texture": "#0"},
				"west": {"uv": [14, 12, 13, 13], "rotation": 270, "texture": "#0"},
				"up": {"uv": [14, 12, 13, 13], "texture": "#0"},
				"down": {"uv": [14, 12, 13, 13], "rotation": 180, "texture": "#0"}
			}
		},
		{
			"from": [11.5, 1.62132, 1.37868],
			"to": [12.5, 2.12132, 2.37868],
			"rotation": {"angle": 0, "axis": "y", "origin": [11, 1.87132, 1.21201]},
			"faces": {
				"north": {"uv": [14, 12, 13, 13], "rotation": 270, "texture": "#0"},
				"east": {"uv": [14, 12, 13, 13], "rotation": 90, "texture": "#0"},
				"south": {"uv": [14, 12, 13, 13], "rotation": 270, "texture": "#0"},
				"west": {"uv": [0, 0, 0, 0], "rotation": 270, "texture": "#0"},
				"up": {"uv": [14, 12, 13, 13], "texture": "#0"},
				"down": {"uv": [14, 12, 13, 13], "rotation": 180, "texture": "#0"}
			}
		},
		{
			"from": [10.5, 1.62132, -0.62132],
			"to": [11.5, 2.12132, 2.37868],
			"rotation": {"angle": 0, "axis": "y", "origin": [11, 1.87132, 1.21201]},
			"faces": {
				"north": {"uv": [14, 10.5, 15, 10], "texture": "#0"},
				"east": {"uv": [14.5, 10, 14, 13], "rotation": 90, "texture": "#0"},
				"south": {"uv": [0, 0, 0, 0], "rotation": 270, "texture": "#0"},
				"west": {"uv": [15, 10, 14.5, 13], "rotation": 270, "texture": "#0"},
				"up": {"uv": [15, 10, 14, 13], "texture": "#0"},
				"down": {"uv": [15, 10, 14, 13], "rotation": 180, "texture": "#0"}
			}
		},
		{
			"from": [10.5, -1.25072, 1.4805],
			"to": [11.5, 1.74928, 1.9805],
			"rotation": {"angle": -45, "axis": "x", "origin": [12, 2.41595, 1.7305]},
			"faces": {
				"north": {"uv": [15, 13, 14, 16], "texture": "#0"},
				"east": {"uv": [14.5, 13, 14, 16], "texture": "#0"},
				"south": {"uv": [15, 13, 14, 16], "texture": "#0"},
				"west": {"uv": [15, 13, 14.5, 16], "texture": "#0"},
				"up": {"uv": [0, 0, 0, 0], "rotation": 180, "texture": "#0"},
				"down": {"uv": [0, 0, 0, 0], "rotation": 270, "texture": "#0"}
			}
		},
		{
			"from": [2.5, 1.62132, 10.62132],
			"to": [3.5, 2.12132, 11.62132],
			"rotation": {"angle": 0, "axis": "y", "origin": [4, 1.87132, 10.78799]},
			"faces": {
				"north": {"uv": [14, 13, 13, 12], "rotation": 270, "texture": "#0"},
				"east": {"uv": [0, 0, 0, 0], "rotation": 90, "texture": "#0"},
				"south": {"uv": [14, 13, 13, 12], "rotation": 270, "texture": "#0"},
				"west": {"uv": [14, 13, 13, 12], "rotation": 270, "texture": "#0"},
				"up": {"uv": [14, 13, 13, 12], "texture": "#0"},
				"down": {"uv": [14, 13, 13, 12], "rotation": 180, "texture": "#0"}
			}
		},
		{
			"from": [4.5, 1.62132, 9.62132],
			"to": [5.5, 2.12132, 10.62132],
			"rotation": {"angle": 0, "axis": "y", "origin": [4, 1.87132, 10.78799]},
			"faces": {
				"north": {"uv": [14, 13, 13, 12], "rotation": 270, "texture": "#0"},
				"east": {"uv": [14, 13, 13, 12], "rotation": 90, "texture": "#0"},
				"south": {"uv": [14, 13, 13, 12], "rotation": 270, "texture": "#0"},
				"west": {"uv": [0, 0, 0, 0], "rotation": 270, "texture": "#0"},
				"up": {"uv": [14, 13, 13, 12], "texture": "#0"},
				"down": {"uv": [14, 13, 13, 12], "rotation": 180, "texture": "#0"}
			}
		},
		{
			"from": [3.5, 1.62132, 9.62132],
			"to": [4.5, 2.12132, 12.62132],
			"rotation": {"angle": 0, "axis": "y", "origin": [4, 1.87132, 10.78799]},
			"faces": {
				"north": {"uv": [0, 0, 0, 0], "rotation": 270, "texture": "#0"},
				"east": {"uv": [14.5, 13, 14, 10], "rotation": 90, "texture": "#0"},
				"south": {"uv": [15, 10.5, 14, 10], "texture": "#0"},
				"west": {"uv": [15, 13, 14.5, 10], "rotation": 270, "texture": "#0"},
				"up": {"uv": [15, 13, 14, 10], "texture": "#0"},
				"down": {"uv": [15, 13, 14, 10], "rotation": 180, "texture": "#0"}
			}
		},
		{
			"from": [3.5, -1.25072, 10.0195],
			"to": [4.5, 1.74928, 10.5195],
			"rotation": {"angle": 45, "axis": "x", "origin": [5, 2.41595, 10.2695]},
			"faces": {
				"north": {"uv": [14, 13, 15, 16], "texture": "#0"},
				"east": {"uv": [14, 13, 14.5, 16], "texture": "#0"},
				"south": {"uv": [14, 13, 15, 16], "texture": "#0"},
				"west": {"uv": [14.5, 13, 15, 16], "texture": "#0"},
				"up": {"uv": [0, 0, 0, 0], "rotation": 180, "texture": "#0"},
				"down": {"uv": [0, 0, 0, 0], "rotation": 270, "texture": "#0"}
			}
		},
		{
			"from": [12.62132, 1.62132, 12.5],
			"to": [15.62132, 2.12132, 13.5],
			"rotation": {"angle": 0, "axis": "y", "origin": [13.78799, 1.87132, 13]},
			"faces": {
				"north": {"uv": [15, 10, 14.5, 13], "rotation": 270, "texture": "#0"},
				"east": {"uv": [14, 10.5, 15, 10], "texture": "#0"},
				"south": {"uv": [14.5, 10, 14, 13], "rotation": 90, "texture": "#0"},
				"west": {"uv": [0, 0, 0, 0], "rotation": 270, "texture": "#0"},
				"up": {"uv": [14, 13, 15, 10], "rotation": 270, "texture": "#0"},
				"down": {"uv": [14, 13, 15, 10], "rotation": 270, "texture": "#0"}
			}
		},
		{
			"from": [13.62132, 1.62132, 11.5],
			"to": [14.62132, 2.12132, 12.5],
			"rotation": {"angle": 0, "axis": "y", "origin": [13.78799, 1.87132, 13]},
			"faces": {
				"north": {"uv": [14, 12, 13, 13], "rotation": 270, "texture": "#0"},
				"east": {"uv": [14, 12, 13, 13], "rotation": 270, "texture": "#0"},
				"south": {"uv": [0, 0, 0, 0], "rotation": 90, "texture": "#0"},
				"west": {"uv": [14, 12, 13, 13], "rotation": 270, "texture": "#0"},
				"up": {"uv": [13, 13, 14, 12], "rotation": 270, "texture": "#0"},
				"down": {"uv": [13, 13, 14, 12], "rotation": 270, "texture": "#0"}
			}
		},
		{
			"from": [12.62132, 1.62132, 13.5],
			"to": [13.62132, 2.12132, 14.5],
			"rotation": {"angle": 0, "axis": "y", "origin": [13.78799, 1.87132, 13]},
			"faces": {
				"north": {"uv": [0, 0, 0, 0], "rotation": 270, "texture": "#0"},
				"east": {"uv": [14, 12, 13, 13], "rotation": 270, "texture": "#0"},
				"south": {"uv": [14, 12, 13, 13], "rotation": 90, "texture": "#0"},
				"west": {"uv": [14, 12, 13, 13], "rotation": 270, "texture": "#0"},
				"up": {"uv": [13, 13, 14, 12], "rotation": 270, "texture": "#0"},
				"down": {"uv": [13, 13, 14, 12], "rotation": 270, "texture": "#0"}
			}
		},
		{
			"from": [13.0195, -1.25072, 12.5],
			"to": [13.5195, 1.74928, 13.5],
			"rotation": {"angle": -45, "axis": "z", "origin": [13.2695, 2.41595, 14]},
			"faces": {
				"north": {"uv": [15, 13, 14.5, 16], "texture": "#0"},
				"east": {"uv": [15, 13, 14, 16], "texture": "#0"},
				"south": {"uv": [14.5, 13, 14, 16], "texture": "#0"},
				"west": {"uv": [15, 13, 14, 16], "texture": "#0"},
				"up": {"uv": [0, 0, 0, 0], "rotation": 90, "texture": "#0"},
				"down": {"uv": [0, 0, 0, 0], "texture": "#0"}
			}
		},
		{
			"from": [9.5, 1.62132, 15.62132],
			"to": [10.5, 2.12132, 18.62132],
			"rotation": {"angle": 0, "axis": "y", "origin": [10, 1.87132, 16.78799]},
			"faces": {
				"north": {"uv": [0, 0, 0, 0], "rotation": 270, "texture": "#0"},
				"east": {"uv": [15, 10, 14.5, 13], "rotation": 270, "texture": "#0"},
				"south": {"uv": [14, 10.5, 15, 10], "texture": "#0"},
				"west": {"uv": [14.5, 10, 14, 13], "rotation": 90, "texture": "#0"},
				"up": {"uv": [14, 13, 15, 10], "texture": "#0"},
				"down": {"uv": [14, 13, 15, 10], "rotation": 180, "texture": "#0"}
			}
		},
		{
			"from": [10.5, 1.62132, 16.62132],
			"to": [11.5, 2.12132, 17.62132],
			"rotation": {"angle": 0, "axis": "y", "origin": [10, 1.87132, 16.78799]},
			"faces": {
				"north": {"uv": [14, 12, 13, 13], "rotation": 270, "texture": "#0"},
				"east": {"uv": [14, 12, 13, 13], "rotation": 270, "texture": "#0"},
				"south": {"uv": [14, 12, 13, 13], "rotation": 270, "texture": "#0"},
				"west": {"uv": [0, 0, 0, 0], "rotation": 90, "texture": "#0"},
				"up": {"uv": [13, 13, 14, 12], "texture": "#0"},
				"down": {"uv": [13, 13, 14, 12], "rotation": 180, "texture": "#0"}
			}
		},
		{
			"from": [8.5, 1.62132, 15.62132],
			"to": [9.5, 2.12132, 16.62132],
			"rotation": {"angle": 0, "axis": "y", "origin": [10, 1.87132, 16.78799]},
			"faces": {
				"north": {"uv": [14, 12, 13, 13], "rotation": 270, "texture": "#0"},
				"east": {"uv": [0, 0, 0, 0], "rotation": 270, "texture": "#0"},
				"south": {"uv": [14, 12, 13, 13], "rotation": 270, "texture": "#0"},
				"west": {"uv": [14, 12, 13, 13], "rotation": 90, "texture": "#0"},
				"up": {"uv": [13, 13, 14, 12], "texture": "#0"},
				"down": {"uv": [13, 13, 14, 12], "rotation": 180, "texture": "#0"}
			}
		},
		{
			"from": [9.5, -1.25072, 16.0195],
			"to": [10.5, 1.74928, 16.5195],
			"rotation": {"angle": 45, "axis": "x", "origin": [9, 2.41595, 16.2695]},
			"faces": {
				"north": {"uv": [15, 13, 14, 16], "texture": "#0"},
				"east": {"uv": [15, 13, 14.5, 16], "texture": "#0"},
				"south": {"uv": [15, 13, 14, 16], "texture": "#0"},
				"west": {"uv": [14.5, 13, 14, 16], "texture": "#0"},
				"up": {"uv": [0, 0, 0, 0], "rotation": 180, "texture": "#0"},
				"down": {"uv": [0, 0, 0, 0], "rotation": 270, "texture": "#0"}
			}
		}
	],
	"groups": [
		{
			"name": "group",
			"origin": [5, 6.11421, 12],
			"color": 0,
			"children": [0, 1, 2, 3, 4, 5, 6, 7, 8, 9]
		},
		{
			"name": "group",
			"origin": [-4, -2, -11],
			"color": 0,
			"children": [10]
		},
		{
			"name": "group",
			"origin": [5, 6.11421, 12],
			"color": 0,
			"children": [11, 12, 13, 14, 15, 16, 17, 18, 19, 20]
		},
		21,
		22,
		23,
		24,
		25,
		26,
		27,
		28,
		29,
		30,
		31,
		32,
		33,
		34,
		35,
		36,
		37,
		38,
		39,
		40,
		41,
		42,
		43,
		44,
		45,
		46,
		47,
		48,
		49
	]
}