{
	"credit": "Made with Blockbench",
	"ambientocclusion": false,
	"textures": {
		"0": "block/flowers/poppy",
		"particle": "block/flowers/poppy"
	},
	"elements": [
		{
			"from": [7.4375, 0, 7.38542],
			"to": [8.4375, 10, 8.38542],
			"rotation": {"angle": 0, "axis": "y", "origin": [6.4375, 2, 6.88542]},
			"faces": {
				"north": {"uv": [3, 6, 4, 16], "texture": "#0"},
				"east": {"uv": [3, 6, 4, 16], "texture": "#0"},
				"south": {"uv": [3, 6, 4, 16], "texture": "#0"},
				"west": {"uv": [3, 6, 4, 16], "texture": "#0"}
			}
		},
		{
			"from": [7.15402, 10.4, 7.24569],
			"to": [8.75402, 12, 8.84569],
			"rotation": {"angle": 0, "axis": "y", "origin": [7.95, 11.47317, 8.04166]},
			"faces": {
				"north": {"uv": [13, 4, 15, 6], "texture": "#0"},
				"east": {"uv": [13, 4, 15, 6], "texture": "#0"},
				"south": {"uv": [13, 4, 15, 6], "texture": "#0"},
				"west": {"uv": [13, 4, 15, 6], "texture": "#0"},
				"up": {"uv": [13, 4, 15, 6], "rotation": 90, "texture": "#0"},
				"down": {"uv": [13, 4, 15, 6], "rotation": 270, "texture": "#0"}
			}
		},
		{
			"from": [6.74431, 12.0792, 6.84166],
			"to": [9.14431, 12.0792, 9.24166],
			"rotation": {"angle": -45, "axis": "y", "origin": [7.95, 11.47317, 8.04166]},
			"faces": {
				"up": {"uv": [12, 0, 15, 3], "texture": "#0"}
			}
		},
		{
			"from": [6.35, 10.04, 6.44166],
			"to": [9.55, 10.6, 9.64166],
			"rotation": {"angle": 0, "axis": "z", "origin": [6.75, 10.2, 7.24166]},
			"faces": {
				"north": {"uv": [13, 13, 13.5, 9], "rotation": 90, "texture": "#0"},
				"east": {"uv": [13, 9, 13.5, 13], "rotation": 90, "texture": "#0"},
				"south": {"uv": [13, 13, 13.5, 9], "rotation": 90, "texture": "#0"},
				"west": {"uv": [13, 9, 13.5, 13], "rotation": 90, "texture": "#0"},
				"up": {"uv": [12, 13, 8, 9], "texture": "#0"},
				"down": {"uv": [12, 9, 8, 13], "texture": "#0"}
			}
		},
		{
			"from": [6.35, 9.18295, 8.41419],
			"to": [9.55, 9.58295, 11.61419],
			"rotation": {"angle": -45, "axis": "x", "origin": [7.95, 11.47317, 8.04166]},
			"faces": {
				"north": {"uv": [5, 7.5, 9, 8], "texture": "#0"},
				"east": {"uv": [10, 6, 10.5, 2], "rotation": 90, "texture": "#0"},
				"south": {"uv": [9, 0, 5, 0.5], "texture": "#0"},
				"west": {"uv": [10, 2, 10.5, 6], "rotation": 90, "texture": "#0"},
				"up": {"uv": [9, 6, 5, 2], "texture": "#0"},
				"down": {"uv": [9, 2, 5, 6], "texture": "#0"}
			}
		},
		{
			"from": [2.37814, 10.12, 7.77825],
			"to": [5.57814, 10.52, 10.97825],
			"rotation": {"angle": 45, "axis": "y", "origin": [5.95067, 7.82978, 7.77825]},
			"faces": {
				"north": {"uv": [10, 6, 10.5, 2], "rotation": 270, "texture": "#0"},
				"east": {"uv": [5, 7.5, 9, 8], "rotation": 180, "texture": "#0"},
				"south": {"uv": [10, 2, 10.5, 6], "rotation": 270, "texture": "#0"},
				"west": {"uv": [9, 0, 5, 0.5], "rotation": 180, "texture": "#0"},
				"up": {"uv": [9, 2, 5, 6], "rotation": 270, "texture": "#0"},
				"down": {"uv": [9, 6, 5, 2], "rotation": 90, "texture": "#0"}
			}
		},
		{
			"from": [11.31597, 10.12, 10.17825],
			"to": [14.51597, 10.52, 13.37825],
			"rotation": {"angle": -45, "axis": "y", "origin": [13.34344, 7.82978, 7.77825]},
			"faces": {
				"north": {"uv": [10, 2, 10.5, 6], "rotation": 270, "texture": "#0"},
				"east": {"uv": [5, 0, 9, 0.5], "rotation": 180, "texture": "#0"},
				"south": {"uv": [10, 6, 10.5, 2], "rotation": 270, "texture": "#0"},
				"west": {"uv": [9, 7.5, 5, 8], "rotation": 180, "texture": "#0"},
				"up": {"uv": [9, 6, 5, 2], "rotation": 270, "texture": "#0"},
				"down": {"uv": [9, 2, 5, 6], "rotation": 90, "texture": "#0"}
			}
		},
		{
			"from": [2.37814, 10.12, 5.10508],
			"to": [5.57814, 10.52, 8.30508],
			"rotation": {"angle": -45, "axis": "y", "origin": [5.95067, 7.82978, 8.30508]},
			"faces": {
				"north": {"uv": [10, 6, 10.5, 2], "rotation": 270, "texture": "#0"},
				"east": {"uv": [9, 7.5, 5, 8], "rotation": 180, "texture": "#0"},
				"south": {"uv": [10, 2, 10.5, 6], "rotation": 270, "texture": "#0"},
				"west": {"uv": [5, 0, 9, 0.5], "rotation": 180, "texture": "#0"},
				"up": {"uv": [5, 2, 9, 6], "rotation": 270, "texture": "#0"},
				"down": {"uv": [5, 6, 9, 2], "rotation": 90, "texture": "#0"}
			}
		},
		{
			"from": [11.31597, 10.12, 2.70508],
			"to": [14.51597, 10.52, 5.90508],
			"rotation": {"angle": 45, "axis": "y", "origin": [13.34344, 7.82978, 8.30508]},
			"faces": {
				"north": {"uv": [10, 2, 10.5, 6], "rotation": 270, "texture": "#0"},
				"east": {"uv": [9, 0, 5, 0.5], "rotation": 180, "texture": "#0"},
				"south": {"uv": [10, 6, 10.5, 2], "rotation": 270, "texture": "#0"},
				"west": {"uv": [5, 7.5, 9, 8], "rotation": 180, "texture": "#0"},
				"up": {"uv": [5, 6, 9, 2], "rotation": 270, "texture": "#0"},
				"down": {"uv": [5, 2, 9, 6], "rotation": 90, "texture": "#0"}
			}
		},
		{
			"from": [4.37747, 9.18295, 6.44166],
			"to": [7.57747, 9.58295, 9.64166],
			"rotation": {"angle": -45, "axis": "z", "origin": [7.95, 11.47317, 8.04166]},
			"faces": {
				"north": {"uv": [10, 2, 10.5, 6], "rotation": 90, "texture": "#0"},
				"east": {"uv": [5, 7.5, 9, 8], "texture": "#0"},
				"south": {"uv": [10, 6, 10.5, 2], "rotation": 90, "texture": "#0"},
				"west": {"uv": [9, 0, 5, 0.5], "texture": "#0"},
				"up": {"uv": [9, 6, 5, 2], "rotation": 90, "texture": "#0"},
				"down": {"uv": [9, 2, 5, 6], "rotation": 270, "texture": "#0"}
			}
		},
		{
			"from": [6.35, 9.18295, 4.46914],
			"to": [9.55, 9.58295, 7.66914],
			"rotation": {"angle": 45, "axis": "x", "origin": [7.95, 11.47317, 8.04166]},
			"faces": {
				"north": {"uv": [9, 0, 5, 0.5], "texture": "#0"},
				"east": {"uv": [10, 2, 10.5, 6], "rotation": 90, "texture": "#0"},
				"south": {"uv": [5, 7.5, 9, 8], "texture": "#0"},
				"west": {"uv": [10, 6, 10.5, 2], "rotation": 90, "texture": "#0"},
				"up": {"uv": [9, 6, 5, 2], "rotation": 180, "texture": "#0"},
				"down": {"uv": [9, 2, 5, 6], "rotation": 180, "texture": "#0"}
			}
		},
		{
			"from": [8.32253, 9.18295, 6.44166],
			"to": [11.52253, 9.58295, 9.64166],
			"rotation": {"angle": 45, "axis": "z", "origin": [7.95, 11.47317, 8.04166]},
			"faces": {
				"north": {"uv": [10, 6, 10.5, 2], "rotation": 90, "texture": "#0"},
				"east": {"uv": [9, 0, 5, 0.5], "texture": "#0"},
				"south": {"uv": [10, 2, 10.5, 6], "rotation": 90, "texture": "#0"},
				"west": {"uv": [5, 7.5, 9, 8], "texture": "#0"},
				"up": {"uv": [9, 6, 5, 2], "rotation": 270, "texture": "#0"},
				"down": {"uv": [9, 2, 5, 6], "rotation": 90, "texture": "#0"}
			}
		},
		{
			"from": [9.9642, 2.46537, 7.38542],
			"to": [11.9642, 2.96537, 8.38542],
			"rotation": {"angle": 0, "axis": "y", "origin": [9.9642, -0.53463, 6.88542]},
			"faces": {
				"north": {"uv": [0, 8, 0.5, 10], "rotation": 90, "texture": "#0"},
				"east": {"uv": [1, 9.5, 0, 10], "texture": "#0"},
				"south": {"uv": [0, 10, 0.5, 8], "rotation": 90, "texture": "#0"},
				"west": {"uv": [1, 8, 0, 8.5], "texture": "#0"},
				"up": {"uv": [0, 10, 1, 8], "rotation": 90, "texture": "#0"},
				"down": {"uv": [0, 10, 1, 8], "rotation": 90, "texture": "#0"}
			}
		},
		{
			"from": [9.30359, 2.73179, 7.38542],
			"to": [11.30359, 3.23179, 8.38542],
			"rotation": {"angle": 22.5, "axis": "z", "origin": [11.30359, -0.26821, 7.38542]},
			"faces": {
				"north": {"uv": [0, 8, 0.5, 10], "rotation": 90, "texture": "#0"},
				"east": {"uv": [0, 0, 0, 0], "texture": "#0"},
				"south": {"uv": [0, 10, 0.5, 8], "rotation": 90, "texture": "#0"},
				"west": {"uv": [0, 0, 0, 0], "texture": "#0"},
				"up": {"uv": [0, 10, 1, 8], "rotation": 90, "texture": "#0"},
				"down": {"uv": [0, 10, 1, 8], "rotation": 90, "texture": "#0"}
			}
		},
		{
			"from": [7.4375, 6.29373, 4.38961],
			"to": [8.4375, 6.79373, 6.38961],
			"rotation": {"angle": 22.5, "axis": "x", "origin": [8.4375, 3.29373, 4.38961]},
			"faces": {
				"north": {"uv": [0, 0, 0, 0], "texture": "#0"},
				"east": {"uv": [0, 10, 0.5, 8], "rotation": 90, "texture": "#0"},
				"south": {"uv": [0, 0, 0, 0], "texture": "#0"},
				"west": {"uv": [0, 8, 0.5, 10], "rotation": 90, "texture": "#0"},
				"up": {"uv": [0, 8, 1, 10], "rotation": 180, "texture": "#0"},
				"down": {"uv": [0, 8, 1, 10], "texture": "#0"}
			}
		},
		{
			"from": [7.4375, 6.02731, 3.729],
			"to": [8.4375, 6.52731, 5.729],
			"rotation": {"angle": 0, "axis": "y", "origin": [8.9375, 3.02731, 5.729]},
			"faces": {
				"north": {"uv": [0, 9.5, 1, 10], "texture": "#0"},
				"east": {"uv": [0, 10, 0.5, 8], "rotation": 90, "texture": "#0"},
				"south": {"uv": [0, 8, 1, 8.5], "texture": "#0"},
				"west": {"uv": [0, 8, 0.5, 10], "rotation": 90, "texture": "#0"},
				"up": {"uv": [0, 8, 1, 10], "rotation": 180, "texture": "#0"},
				"down": {"uv": [0, 8, 1, 10], "texture": "#0"}
			}
		},
		{
			"from": [7.4375, 6.02731, 10.00676],
			"to": [8.4375, 6.52731, 12.00676],
			"rotation": {"angle": 0, "axis": "y", "origin": [8.9375, 3.02731, 10.00676]},
			"faces": {
				"north": {"uv": [1, 8, 0, 8.5], "texture": "#0"},
				"east": {"uv": [0, 8, 0.5, 10], "rotation": 90, "texture": "#0"},
				"south": {"uv": [1, 9.5, 0, 10], "texture": "#0"},
				"west": {"uv": [0, 10, 0.5, 8], "rotation": 90, "texture": "#0"},
				"up": {"uv": [0, 10, 1, 8], "rotation": 180, "texture": "#0"},
				"down": {"uv": [0, 10, 1, 8], "texture": "#0"}
			}
		},
		{
			"from": [7.4375, 6.29373, 9.34615],
			"to": [8.4375, 6.79373, 11.34615],
			"rotation": {"angle": -22.5, "axis": "x", "origin": [8.4375, 3.29373, 11.34615]},
			"faces": {
				"north": {"uv": [0, 0, 0, 0], "texture": "#0"},
				"east": {"uv": [0, 8, 0.5, 10], "rotation": 90, "texture": "#0"},
				"south": {"uv": [0, 0, 0, 0], "texture": "#0"},
				"west": {"uv": [0, 10, 0.5, 8], "rotation": 90, "texture": "#0"},
				"up": {"uv": [0, 10, 1, 8], "rotation": 180, "texture": "#0"},
				"down": {"uv": [0, 10, 1, 8], "texture": "#0"}
			}
		},
		{
			"from": [3.88974, 3.96537, 7.38542],
			"to": [5.88974, 4.46537, 8.38542],
			"rotation": {"angle": 0, "axis": "y", "origin": [5.88974, 0.96537, 6.88542]},
			"faces": {
				"north": {"uv": [0, 10, 0.5, 8], "rotation": 90, "texture": "#0"},
				"east": {"uv": [0, 8, 1, 8.5], "texture": "#0"},
				"south": {"uv": [0, 8, 0.5, 10], "rotation": 90, "texture": "#0"},
				"west": {"uv": [0, 9.5, 1, 10], "texture": "#0"},
				"up": {"uv": [0, 8, 1, 10], "rotation": 90, "texture": "#0"},
				"down": {"uv": [0, 8, 1, 10], "rotation": 90, "texture": "#0"}
			}
		},
		{
			"from": [4.55035, 4.23179, 7.38542],
			"to": [6.55035, 4.73179, 8.38542],
			"rotation": {"angle": -22.5, "axis": "z", "origin": [4.55035, 1.23179, 7.38542]},
			"faces": {
				"north": {"uv": [0, 10, 0.5, 8], "rotation": 90, "texture": "#0"},
				"east": {"uv": [0, 0, 0, 0], "texture": "#0"},
				"south": {"uv": [0, 8, 0.5, 10], "rotation": 90, "texture": "#0"},
				"west": {"uv": [0, 0, 0, 0], "texture": "#0"},
				"up": {"uv": [0, 8, 1, 10], "rotation": 90, "texture": "#0"},
				"down": {"uv": [0, 8, 1, 10], "rotation": 90, "texture": "#0"}
			}
		}
	],
	"groups": [
		{
			"name": "group",
			"origin": [-4, -2, -11],
			"color": 0,
			"children": [0, 1, 2, 3, 4, 5, 6, 7, 8, 9, 10, 11]
		},
		{
			"name": "group",
			"origin": [-4, -2, -11],
			"color": 0,
			"children": []
		},
		{
			"name": "group",
			"origin": [-4, -2, -11],
			"color": 0,
			"children": []
		},
		12,
		13,
		14,
		15,
		16,
		17,
		18,
		19
	]
}