{
	"credit": "Made with Blockbench",
	"ambientocclusion": false,
	"textures": {
		"0": "block/flowers/poppy",
		"particle": "block/flowers/poppy"
	},
	"elements": [
		{
			"from": [7.08421, 0, 9.3875],
			"to": [8.08421, 12, 10.3875],
			"rotation": {"angle": 0, "axis": "y", "origin": [6.08421, 2, 8.8875]},
			"faces": {
				"north": {"uv": [3, 4, 4, 16], "texture": "#0"},
				"east": {"uv": [3, 4, 4, 16], "texture": "#0"},
				"south": {"uv": [3, 4, 4, 16], "texture": "#0"},
				"west": {"uv": [3, 4, 4, 16], "texture": "#0"}
			}
		},
		{
			"from": [6.90402, 12, 8.95402],
			"to": [8.50402, 13.6, 10.55402],
			"rotation": {"angle": 0, "axis": "y", "origin": [7.7, 13.07317, 9.75]},
			"faces": {
				"north": {"uv": [13, 4, 15, 6], "texture": "#0"},
				"east": {"uv": [13, 4, 15, 6], "texture": "#0"},
				"south": {"uv": [13, 4, 15, 6], "texture": "#0"},
				"west": {"uv": [13, 4, 15, 6], "texture": "#0"},
				"up": {"uv": [13, 4, 15, 6], "rotation": 90, "texture": "#0"},
				"down": {"uv": [13, 4, 15, 6], "rotation": 270, "texture": "#0"}
			}
		},
		{
			"from": [6.49431, 13.6792, 8.55],
			"to": [8.89431, 13.6792, 10.95],
			"rotation": {"angle": -45, "axis": "y", "origin": [7.7, 13.07317, 9.75]},
			"faces": {
				"up": {"uv": [12, 0, 15, 3], "texture": "#0"}
			}
		},
		{
			"from": [6.1, 11.64, 8.15],
			"to": [9.3, 12.2, 11.35],
			"rotation": {"angle": 0, "axis": "z", "origin": [6.5, 11.8, 8.95]},
			"faces": {
				"north": {"uv": [13, 13, 13.5, 9], "rotation": 90, "texture": "#0"},
				"east": {"uv": [13, 9, 13.5, 13], "rotation": 90, "texture": "#0"},
				"south": {"uv": [13, 13, 13.5, 9], "rotation": 90, "texture": "#0"},
				"west": {"uv": [13, 9, 13.5, 13], "rotation": 90, "texture": "#0"},
				"up": {"uv": [12, 13, 8, 9], "texture": "#0"},
				"down": {"uv": [12, 9, 8, 13], "texture": "#0"}
			}
		},
		{
			"from": [6.1, 10.78295, 10.12253],
			"to": [9.3, 11.18295, 13.32253],
			"rotation": {"angle": -45, "axis": "x", "origin": [7.7, 13.07317, 9.75]},
			"faces": {
				"north": {"uv": [5, 7.5, 9, 8], "texture": "#0"},
				"east": {"uv": [10, 6, 10.5, 2], "rotation": 90, "texture": "#0"},
				"south": {"uv": [9, 0, 5, 0.5], "texture": "#0"},
				"west": {"uv": [10, 2, 10.5, 6], "rotation": 90, "texture": "#0"},
				"up": {"uv": [9, 6, 5, 2], "texture": "#0"},
				"down": {"uv": [9, 2, 5, 6], "texture": "#0"}
			}
		},
		{
			"from": [2.12815, 11.72, 9.48658],
			"to": [5.32815, 12.12, 12.68658],
			"rotation": {"angle": 45, "axis": "y", "origin": [5.70067, 9.42978, 9.48658]},
			"faces": {
				"north": {"uv": [10, 6, 10.5, 2], "rotation": 270, "texture": "#0"},
				"east": {"uv": [5, 7.5, 9, 8], "rotation": 180, "texture": "#0"},
				"south": {"uv": [10, 2, 10.5, 6], "rotation": 270, "texture": "#0"},
				"west": {"uv": [9, 0, 5, 0.5], "rotation": 180, "texture": "#0"},
				"up": {"uv": [9, 2, 5, 6], "rotation": 270, "texture": "#0"},
				"down": {"uv": [9, 6, 5, 2], "rotation": 90, "texture": "#0"}
			}
		},
		{
			"from": [11.06596, 11.72, 11.88658],
			"to": [14.26596, 12.12, 15.08658],
			"rotation": {"angle": -45, "axis": "y", "origin": [13.09343, 9.42978, 9.48658]},
			"faces": {
				"north": {"uv": [10, 2, 10.5, 6], "rotation": 270, "texture": "#0"},
				"east": {"uv": [5, 0, 9, 0.5], "rotation": 180, "texture": "#0"},
				"south": {"uv": [10, 6, 10.5, 2], "rotation": 270, "texture": "#0"},
				"west": {"uv": [9, 7.5, 5, 8], "rotation": 180, "texture": "#0"},
				"up": {"uv": [9, 6, 5, 2], "rotation": 270, "texture": "#0"},
				"down": {"uv": [9, 2, 5, 6], "rotation": 90, "texture": "#0"}
			}
		},
		{
			"from": [2.12815, 11.72, 6.81342],
			"to": [5.32815, 12.12, 10.01342],
			"rotation": {"angle": -45, "axis": "y", "origin": [5.70067, 9.42978, 10.01342]},
			"faces": {
				"north": {"uv": [10, 6, 10.5, 2], "rotation": 270, "texture": "#0"},
				"east": {"uv": [9, 7.5, 5, 8], "rotation": 180, "texture": "#0"},
				"south": {"uv": [10, 2, 10.5, 6], "rotation": 270, "texture": "#0"},
				"west": {"uv": [5, 0, 9, 0.5], "rotation": 180, "texture": "#0"},
				"up": {"uv": [5, 2, 9, 6], "rotation": 270, "texture": "#0"},
				"down": {"uv": [5, 6, 9, 2], "rotation": 90, "texture": "#0"}
			}
		},
		{
			"from": [11.06596, 11.72, 4.41342],
			"to": [14.26596, 12.12, 7.61342],
			"rotation": {"angle": 45, "axis": "y", "origin": [13.09343, 9.42978, 10.01342]},
			"faces": {
				"north": {"uv": [10, 2, 10.5, 6], "rotation": 270, "texture": "#0"},
				"east": {"uv": [9, 0, 5, 0.5], "rotation": 180, "texture": "#0"},
				"south": {"uv": [10, 6, 10.5, 2], "rotation": 270, "texture": "#0"},
				"west": {"uv": [5, 7.5, 9, 8], "rotation": 180, "texture": "#0"},
				"up": {"uv": [5, 6, 9, 2], "rotation": 270, "texture": "#0"},
				"down": {"uv": [5, 2, 9, 6], "rotation": 90, "texture": "#0"}
			}
		},
		{
			"from": [4.12747, 10.78295, 8.15],
			"to": [7.32747, 11.18295, 11.35],
			"rotation": {"angle": -45, "axis": "z", "origin": [7.7, 13.07317, 9.75]},
			"faces": {
				"north": {"uv": [10, 2, 10.5, 6], "rotation": 90, "texture": "#0"},
				"east": {"uv": [5, 7.5, 9, 8], "texture": "#0"},
				"south": {"uv": [10, 6, 10.5, 2], "rotation": 90, "texture": "#0"},
				"west": {"uv": [9, 0, 5, 0.5], "texture": "#0"},
				"up": {"uv": [9, 6, 5, 2], "rotation": 90, "texture": "#0"},
				"down": {"uv": [9, 2, 5, 6], "rotation": 270, "texture": "#0"}
			}
		},
		{
			"from": [6.1, 10.78295, 6.17747],
			"to": [9.3, 11.18295, 9.37747],
			"rotation": {"angle": 45, "axis": "x", "origin": [7.7, 13.07317, 9.75]},
			"faces": {
				"north": {"uv": [9, 0, 5, 0.5], "texture": "#0"},
				"east": {"uv": [10, 2, 10.5, 6], "rotation": 90, "texture": "#0"},
				"south": {"uv": [5, 7.5, 9, 8], "texture": "#0"},
				"west": {"uv": [10, 6, 10.5, 2], "rotation": 90, "texture": "#0"},
				"up": {"uv": [9, 6, 5, 2], "rotation": 180, "texture": "#0"},
				"down": {"uv": [9, 2, 5, 6], "rotation": 180, "texture": "#0"}
			}
		},
		{
			"from": [8.07253, 10.78295, 8.15],
			"to": [11.27253, 11.18295, 11.35],
			"rotation": {"angle": 45, "axis": "z", "origin": [7.7, 13.07317, 9.75]},
			"faces": {
				"north": {"uv": [10, 6, 10.5, 2], "rotation": 90, "texture": "#0"},
				"east": {"uv": [9, 0, 5, 0.5], "texture": "#0"},
				"south": {"uv": [10, 2, 10.5, 6], "rotation": 90, "texture": "#0"},
				"west": {"uv": [5, 7.5, 9, 8], "texture": "#0"},
				"up": {"uv": [9, 6, 5, 2], "rotation": 270, "texture": "#0"},
				"down": {"uv": [9, 2, 5, 6], "rotation": 90, "texture": "#0"}
			}
		},
		{
			"from": [4.80421, 0, 3.87417],
			"to": [5.80421, 8, 4.87417],
			"rotation": {"angle": 0, "axis": "y", "origin": [4.80421, -2, 3.87417]},
			"faces": {
				"north": {"uv": [3, 8, 4, 16], "texture": "#0"},
				"east": {"uv": [3, 8, 4, 16], "texture": "#0"},
				"south": {"uv": [3, 8, 4, 16], "texture": "#0"},
				"west": {"uv": [3, 8, 4, 16], "texture": "#0"}
			}
		},
		{
			"from": [4.55188, 7.9, 3.60336],
			"to": [6.15188, 9.5, 5.20336],
			"rotation": {"angle": 0, "axis": "y", "origin": [5.34786, 9.1396, 4.39933]},
			"faces": {
				"north": {"uv": [13, 4, 15, 6], "texture": "#0"},
				"east": {"uv": [13, 4, 15, 6], "texture": "#0"},
				"south": {"uv": [13, 4, 15, 6], "texture": "#0"},
				"west": {"uv": [13, 4, 15, 6], "texture": "#0"},
				"up": {"uv": [13, 4, 15, 6], "rotation": 90, "texture": "#0"},
				"down": {"uv": [13, 4, 15, 6], "rotation": 270, "texture": "#0"}
			}
		},
		{
			"from": [4.14217, 9.5792, 3.19933],
			"to": [6.54217, 9.5792, 5.59933],
			"rotation": {"angle": -45, "axis": "y", "origin": [5.34786, 9.1396, 4.39933]},
			"faces": {
				"up": {"uv": [12, 0, 15, 3], "texture": "#0"}
			}
		},
		{
			"from": [10.74315, 0, 5.87417],
			"to": [11.74315, 6, 6.87417],
			"rotation": {"angle": 0, "axis": "y", "origin": [11.74315, -4, 5.87417]},
			"faces": {
				"north": {"uv": [4, 10, 3, 16], "texture": "#0"},
				"east": {"uv": [4, 10, 3, 16], "texture": "#0"},
				"south": {"uv": [4, 10, 3, 16], "texture": "#0"},
				"west": {"uv": [4, 10, 3, 16], "texture": "#0"}
			}
		},
		{
			"from": [10.395, 6, 5.60336],
			"to": [11.995, 7.6, 7.20336],
			"rotation": {"angle": 0, "axis": "y", "origin": [11.19901, 7.2396, 6.39933]},
			"faces": {
				"north": {"uv": [15, 4, 13, 6], "texture": "#0"},
				"east": {"uv": [15, 4, 13, 6], "texture": "#0"},
				"south": {"uv": [15, 4, 13, 6], "texture": "#0"},
				"west": {"uv": [15, 4, 13, 6], "texture": "#0"},
				"up": {"uv": [13, 6, 15, 4], "rotation": 90, "texture": "#0"},
				"down": {"uv": [13, 6, 15, 4], "rotation": 270, "texture": "#0"}
			}
		},
		{
			"from": [10.0047, 7.6792, 5.19933],
			"to": [12.4047, 7.6792, 7.59933],
			"rotation": {"angle": 45, "axis": "y", "origin": [11.19901, 7.2396, 6.39933]},
			"faces": {
				"up": {"uv": [15, 0, 12, 3], "texture": "#0"}
			}
		},
		{
			"from": [7.08421, 10.09373, 6.39169],
			"to": [8.08421, 10.59373, 8.39169],
			"rotation": {"angle": 22.5, "axis": "x", "origin": [8.08421, 7.09373, 6.39169]},
			"faces": {
				"north": {"uv": [0, 0, 0, 0], "texture": "#0"},
				"east": {"uv": [0, 10, 0.5, 8], "rotation": 90, "texture": "#0"},
				"south": {"uv": [0, 0, 0, 0], "texture": "#0"},
				"west": {"uv": [0, 8, 0.5, 10], "rotation": 90, "texture": "#0"},
				"up": {"uv": [0, 8, 1, 10], "rotation": 180, "texture": "#0"},
				"down": {"uv": [0, 8, 1, 10], "texture": "#0"}
			}
		},
		{
			"from": [7.08421, 9.82731, 5.73108],
			"to": [8.08421, 10.32731, 7.73108],
			"rotation": {"angle": 0, "axis": "y", "origin": [8.58421, 6.82731, 7.73108]},
			"faces": {
				"north": {"uv": [0, 9.5, 1, 10], "texture": "#0"},
				"east": {"uv": [0, 10, 0.5, 8], "rotation": 90, "texture": "#0"},
				"south": {"uv": [0, 8, 1, 8.5], "texture": "#0"},
				"west": {"uv": [0, 8, 0.5, 10], "rotation": 90, "texture": "#0"},
				"up": {"uv": [0, 8, 1, 10], "rotation": 180, "texture": "#0"},
				"down": {"uv": [0, 8, 1, 10], "texture": "#0"}
			}
		},
		{
			"from": [4.0884, 6.29373, 9.3875],
			"to": [6.0884, 6.79373, 10.3875],
			"rotation": {"angle": -22.5, "axis": "z", "origin": [4.0884, 3.29373, 9.3875]},
			"faces": {
				"north": {"uv": [0, 10, 0.5, 8], "rotation": 90, "texture": "#0"},
				"east": {"uv": [0, 0, 0, 0], "texture": "#0"},
				"south": {"uv": [0, 8, 0.5, 10], "rotation": 90, "texture": "#0"},
				"west": {"uv": [0, 0, 0, 0], "texture": "#0"},
				"up": {"uv": [0, 8, 1, 10], "rotation": 90, "texture": "#0"},
				"down": {"uv": [0, 8, 1, 10], "rotation": 90, "texture": "#0"}
			}
		},
		{
			"from": [3.42779, 6.02731, 9.3875],
			"to": [5.42779, 6.52731, 10.3875],
			"rotation": {"angle": 0, "axis": "y", "origin": [5.42779, 3.02731, 8.8875]},
			"faces": {
				"north": {"uv": [0, 10, 0.5, 8], "rotation": 90, "texture": "#0"},
				"east": {"uv": [0, 8, 1, 8.5], "texture": "#0"},
				"south": {"uv": [0, 8, 0.5, 10], "rotation": 90, "texture": "#0"},
				"west": {"uv": [0, 9.5, 1, 10], "texture": "#0"},
				"up": {"uv": [0, 8, 1, 10], "rotation": 90, "texture": "#0"},
				"down": {"uv": [0, 8, 1, 10], "rotation": 90, "texture": "#0"}
			}
		},
		{
			"from": [9.07662, 4.03179, 9.31754],
			"to": [11.07662, 4.53179, 10.31754],
			"rotation": {"angle": 22.5, "axis": "z", "origin": [11.07662, 1.03179, 9.31754]},
			"faces": {
				"north": {"uv": [0, 8, 0.5, 10], "rotation": 90, "texture": "#0"},
				"east": {"uv": [0, 0, 0, 0], "texture": "#0"},
				"south": {"uv": [0, 10, 0.5, 8], "rotation": 90, "texture": "#0"},
				"west": {"uv": [0, 0, 0, 0], "texture": "#0"},
				"up": {"uv": [0, 10, 1, 8], "rotation": 90, "texture": "#0"},
				"down": {"uv": [0, 10, 1, 8], "rotation": 90, "texture": "#0"}
			}
		},
		{
			"from": [9.73723, 3.76537, 9.31754],
			"to": [11.73723, 4.26537, 10.31754],
			"rotation": {"angle": 0, "axis": "y", "origin": [9.73723, 0.76537, 8.81754]},
			"faces": {
				"north": {"uv": [0, 8, 0.5, 10], "rotation": 90, "texture": "#0"},
				"east": {"uv": [1, 9.5, 0, 10], "texture": "#0"},
				"south": {"uv": [0, 10, 0.5, 8], "rotation": 90, "texture": "#0"},
				"west": {"uv": [1, 8, 0, 8.5], "texture": "#0"},
				"up": {"uv": [0, 10, 1, 8], "rotation": 90, "texture": "#0"},
				"down": {"uv": [0, 10, 1, 8], "rotation": 90, "texture": "#0"}
			}
		},
		{
			"from": [4.80421, 6.19373, 0.87836],
			"to": [5.80421, 6.69373, 2.87836],
			"rotation": {"angle": 22.5, "axis": "x", "origin": [5.80421, 3.19373, 0.87836]},
			"faces": {
				"north": {"uv": [0, 0, 0, 0], "texture": "#0"},
				"east": {"uv": [0, 10, 0.5, 8], "rotation": 90, "texture": "#0"},
				"south": {"uv": [0, 0, 0, 0], "texture": "#0"},
				"west": {"uv": [0, 8, 0.5, 10], "rotation": 90, "texture": "#0"},
				"up": {"uv": [0, 8, 1, 10], "rotation": 180, "texture": "#0"},
				"down": {"uv": [0, 8, 1, 10], "texture": "#0"}
			}
		},
		{
			"from": [4.80421, 5.92731, 0.21775],
			"to": [5.80421, 6.42731, 2.21775],
			"rotation": {"angle": 0, "axis": "y", "origin": [6.30421, 2.92731, 2.21775]},
			"faces": {
				"north": {"uv": [0, 9.5, 1, 10], "texture": "#0"},
				"east": {"uv": [0, 10, 0.5, 8], "rotation": 90, "texture": "#0"},
				"south": {"uv": [0, 8, 1, 8.5], "texture": "#0"},
				"west": {"uv": [0, 8, 0.5, 10], "rotation": 90, "texture": "#0"},
				"up": {"uv": [0, 8, 1, 10], "rotation": 180, "texture": "#0"},
				"down": {"uv": [0, 8, 1, 10], "texture": "#0"}
			}
		},
		{
			"from": [10.74315, 2.89373, 7.86998],
			"to": [11.74315, 3.39373, 9.86998],
			"rotation": {"angle": -22.5, "axis": "x", "origin": [11.74315, -0.10627, 9.86998]},
			"faces": {
				"north": {"uv": [0, 0, 0, 0], "texture": "#0"},
				"east": {"uv": [0, 8, 0.5, 10], "rotation": 90, "texture": "#0"},
				"south": {"uv": [0, 0, 0, 0], "texture": "#0"},
				"west": {"uv": [0, 10, 0.5, 8], "rotation": 90, "texture": "#0"},
				"up": {"uv": [0, 10, 1, 8], "rotation": 180, "texture": "#0"},
				"down": {"uv": [0, 10, 1, 8], "texture": "#0"}
			}
		},
		{
			"from": [10.74315, 2.62731, 8.53059],
			"to": [11.74315, 3.12731, 10.53059],
			"rotation": {"angle": 0, "axis": "y", "origin": [12.24315, -0.37269, 8.53059]},
			"faces": {
				"north": {"uv": [1, 8, 0, 8.5], "texture": "#0"},
				"east": {"uv": [0, 8, 0.5, 10], "rotation": 90, "texture": "#0"},
				"south": {"uv": [1, 9.5, 0, 10], "texture": "#0"},
				"west": {"uv": [0, 10, 0.5, 8], "rotation": 90, "texture": "#0"},
				"up": {"uv": [0, 10, 1, 8], "rotation": 180, "texture": "#0"},
				"down": {"uv": [0, 10, 1, 8], "texture": "#0"}
			}
		},
		{
			"from": [1.8084, 6.25567, 3.86551],
			"to": [3.8084, 6.75567, 4.86551],
			"rotation": {"angle": -22.5, "axis": "z", "origin": [1.8084, 3.25567, 3.86551]},
			"faces": {
				"north": {"uv": [0, 10, 0.5, 8], "rotation": 90, "texture": "#0"},
				"east": {"uv": [0, 0, 0, 0], "texture": "#0"},
				"south": {"uv": [0, 8, 0.5, 10], "rotation": 90, "texture": "#0"},
				"west": {"uv": [0, 0, 0, 0], "texture": "#0"},
				"up": {"uv": [0, 8, 1, 10], "rotation": 90, "texture": "#0"},
				"down": {"uv": [0, 8, 1, 10], "rotation": 90, "texture": "#0"}
			}
		},
		{
			"from": [1.14779, 5.98925, 3.86551],
			"to": [3.14779, 6.48925, 4.86551],
			"rotation": {"angle": 0, "axis": "y", "origin": [3.14779, 2.98925, 3.36551]},
			"faces": {
				"north": {"uv": [0, 10, 0.5, 8], "rotation": 90, "texture": "#0"},
				"east": {"uv": [0, 8, 1, 8.5], "texture": "#0"},
				"south": {"uv": [0, 8, 0.5, 10], "rotation": 90, "texture": "#0"},
				"west": {"uv": [0, 9.5, 1, 10], "texture": "#0"},
				"up": {"uv": [0, 8, 1, 10], "rotation": 90, "texture": "#0"},
				"down": {"uv": [0, 8, 1, 10], "rotation": 90, "texture": "#0"}
			}
		},
		{
			"from": [12.73896, 1.99373, 5.87417],
			"to": [14.73896, 2.49373, 6.87417],
			"rotation": {"angle": 22.5, "axis": "z", "origin": [14.73896, -1.00627, 5.87417]},
			"faces": {
				"north": {"uv": [0, 8, 0.5, 10], "rotation": 90, "texture": "#0"},
				"east": {"uv": [0, 0, 0, 0], "texture": "#0"},
				"south": {"uv": [0, 10, 0.5, 8], "rotation": 90, "texture": "#0"},
				"west": {"uv": [0, 0, 0, 0], "texture": "#0"},
				"up": {"uv": [0, 10, 1, 8], "rotation": 90, "texture": "#0"},
				"down": {"uv": [0, 10, 1, 8], "rotation": 90, "texture": "#0"}
			}
		},
		{
			"from": [13.39957, 1.72731, 5.87417],
			"to": [15.39957, 2.22731, 6.87417],
			"rotation": {"angle": 0, "axis": "y", "origin": [13.39957, -1.27269, 5.37417]},
			"faces": {
				"north": {"uv": [0, 8, 0.5, 10], "rotation": 90, "texture": "#0"},
				"east": {"uv": [1, 9.5, 0, 10], "texture": "#0"},
				"south": {"uv": [0, 10, 0.5, 8], "rotation": 90, "texture": "#0"},
				"west": {"uv": [1, 8, 0, 8.5], "texture": "#0"},
				"up": {"uv": [0, 10, 1, 8], "rotation": 90, "texture": "#0"},
				"down": {"uv": [0, 10, 1, 8], "rotation": 90, "texture": "#0"}
			}
		},
		{
			"from": [7.08421, 3.89373, 11.38331],
			"to": [8.08421, 4.39373, 13.38331],
			"rotation": {"angle": -22.5, "axis": "x", "origin": [8.08421, 0.89373, 13.38331]},
			"faces": {
				"north": {"uv": [0, 0, 0, 0], "texture": "#0"},
				"east": {"uv": [0, 8, 0.5, 10], "rotation": 90, "texture": "#0"},
				"south": {"uv": [0, 0, 0, 0], "texture": "#0"},
				"west": {"uv": [0, 10, 0.5, 8], "rotation": 90, "texture": "#0"},
				"up": {"uv": [0, 10, 1, 8], "rotation": 180, "texture": "#0"},
				"down": {"uv": [0, 10, 1, 8], "texture": "#0"}
			}
		},
		{
			"from": [7.08421, 3.62731, 12.04392],
			"to": [8.08421, 4.12731, 14.04392],
			"rotation": {"angle": 0, "axis": "y", "origin": [8.58421, 0.62731, 12.04392]},
			"faces": {
				"north": {"uv": [1, 8, 0, 8.5], "texture": "#0"},
				"east": {"uv": [0, 8, 0.5, 10], "rotation": 90, "texture": "#0"},
				"south": {"uv": [1, 9.5, 0, 10], "texture": "#0"},
				"west": {"uv": [0, 10, 0.5, 8], "rotation": 90, "texture": "#0"},
				"up": {"uv": [0, 10, 1, 8], "rotation": 180, "texture": "#0"},
				"down": {"uv": [0, 10, 1, 8], "texture": "#0"}
			}
		}
	],
	"groups": [
		{
			"name": "group",
			"origin": [-4, -2, -11],
			"color": 0,
			"children": [0, 1, 2, 3, 4, 5, 6, 7, 8, 9, 10, 11]
		},
		{
			"name": "group",
			"origin": [-4, -2, -11],
			"color": 0,
			"children": [12, 13, 14]
		},
		{
			"name": "group",
			"origin": [-4, -2, -11],
			"color": 0,
			"children": [15, 16, 17]
		},
		18,
		19,
		20,
		21,
		22,
		23,
		24,
		25,
		26,
		27,
		28,
		29,
		30,
		31,
		32,
		33
	]
}