{
	"credit": "Made with Blockbench",
	"ambientocclusion": false,
	"textures": {
		"0": "block/flowers/poppy",
		"particle": "block/flowers/poppy"
	},
	"elements": [
		{
			"from": [7.31053, 0, 9.11754],
			"to": [8.31053, 12, 10.11754],
			"rotation": {"angle": 0, "axis": "y", "origin": [6.31053, 2, 8.61754]},
			"faces": {
				"north": {"uv": [3, 4, 4, 16], "texture": "#0"},
				"east": {"uv": [3, 4, 4, 16], "texture": "#0"},
				"south": {"uv": [3, 4, 4, 16], "texture": "#0"},
				"west": {"uv": [3, 4, 4, 16], "texture": "#0"}
			}
		},
		{
			"from": [6.81555, 12.5, 8.78924],
			"to": [8.81555, 14.5, 10.78924],
			"rotation": {"angle": 0, "axis": "y", "origin": [7.81053, 13.84146, 9.78421]},
			"faces": {
				"north": {"uv": [13, 4, 15, 6], "texture": "#0"},
				"east": {"uv": [13, 4, 15, 6], "texture": "#0"},
				"south": {"uv": [13, 4, 15, 6], "texture": "#0"},
				"west": {"uv": [13, 4, 15, 6], "texture": "#0"},
				"up": {"uv": [13, 4, 15, 6], "rotation": 90, "texture": "#0"},
				"down": {"uv": [13, 4, 15, 6], "rotation": 270, "texture": "#0"}
			}
		},
		{
			"from": [6.30342, 14.599, 8.28421],
			"to": [9.30342, 14.599, 11.28421],
			"rotation": {"angle": -45, "axis": "y", "origin": [7.81053, 13.84146, 9.78421]},
			"faces": {
				"up": {"uv": [12, 0, 15, 3], "texture": "#0"}
			}
		},
		{
			"from": [5.81053, 12.05, 7.78421],
			"to": [9.81053, 12.75, 11.78421],
			"rotation": {"angle": 0, "axis": "z", "origin": [6.31053, 12.25, 8.78421]},
			"faces": {
				"north": {"uv": [13, 13, 13.5, 9], "rotation": 90, "texture": "#0"},
				"east": {"uv": [13, 9, 13.5, 13], "rotation": 90, "texture": "#0"},
				"south": {"uv": [13, 13, 13.5, 9], "rotation": 90, "texture": "#0"},
				"west": {"uv": [13, 9, 13.5, 13], "rotation": 90, "texture": "#0"},
				"up": {"uv": [12, 13, 8, 9], "texture": "#0"},
				"down": {"uv": [12, 9, 8, 13], "texture": "#0"}
			}
		},
		{
			"from": [5.81053, 10.97869, 10.24987],
			"to": [9.81053, 11.47869, 14.24987],
			"rotation": {"angle": -45, "axis": "x", "origin": [7.81053, 13.84146, 9.78421]},
			"faces": {
				"north": {"uv": [5, 7.5, 9, 8], "texture": "#0"},
				"east": {"uv": [10, 6, 10.5, 2], "rotation": 90, "texture": "#0"},
				"south": {"uv": [9, 0, 5, 0.5], "texture": "#0"},
				"west": {"uv": [10, 2, 10.5, 6], "rotation": 90, "texture": "#0"},
				"up": {"uv": [9, 6, 5, 2], "texture": "#0"},
				"down": {"uv": [9, 2, 5, 6], "texture": "#0"}
			}
		},
		{
			"from": [0.84571, 12.15, 9.45494],
			"to": [4.84571, 12.65, 13.45494],
			"rotation": {"angle": 45, "axis": "y", "origin": [5.31137, 9.28723, 9.45494]},
			"faces": {
				"north": {"uv": [10, 6, 10.5, 2], "rotation": 270, "texture": "#0"},
				"east": {"uv": [5, 7.5, 9, 8], "rotation": 180, "texture": "#0"},
				"south": {"uv": [10, 2, 10.5, 6], "rotation": 270, "texture": "#0"},
				"west": {"uv": [9, 0, 5, 0.5], "rotation": 180, "texture": "#0"},
				"up": {"uv": [9, 2, 5, 6], "rotation": 270, "texture": "#0"},
				"down": {"uv": [9, 6, 5, 2], "rotation": 90, "texture": "#0"}
			}
		},
		{
			"from": [12.01798, 12.15, 12.45494],
			"to": [16.01798, 12.65, 16.45494],
			"rotation": {"angle": -45, "axis": "y", "origin": [14.55232, 9.28723, 9.45494]},
			"faces": {
				"north": {"uv": [10, 2, 10.5, 6], "rotation": 270, "texture": "#0"},
				"east": {"uv": [5, 0, 9, 0.5], "rotation": 180, "texture": "#0"},
				"south": {"uv": [10, 6, 10.5, 2], "rotation": 270, "texture": "#0"},
				"west": {"uv": [9, 7.5, 5, 8], "rotation": 180, "texture": "#0"},
				"up": {"uv": [9, 6, 5, 2], "rotation": 270, "texture": "#0"},
				"down": {"uv": [9, 2, 5, 6], "rotation": 90, "texture": "#0"}
			}
		},
		{
			"from": [0.84571, 12.15, 6.11348],
			"to": [4.84571, 12.65, 10.11348],
			"rotation": {"angle": -45, "axis": "y", "origin": [5.31137, 9.28723, 10.11348]},
			"faces": {
				"north": {"uv": [10, 6, 10.5, 2], "rotation": 270, "texture": "#0"},
				"east": {"uv": [9, 7.5, 5, 8], "rotation": 180, "texture": "#0"},
				"south": {"uv": [10, 2, 10.5, 6], "rotation": 270, "texture": "#0"},
				"west": {"uv": [5, 0, 9, 0.5], "rotation": 180, "texture": "#0"},
				"up": {"uv": [5, 2, 9, 6], "rotation": 270, "texture": "#0"},
				"down": {"uv": [5, 6, 9, 2], "rotation": 90, "texture": "#0"}
			}
		},
		{
			"from": [12.01798, 12.15, 3.11348],
			"to": [16.01798, 12.65, 7.11348],
			"rotation": {"angle": 45, "axis": "y", "origin": [14.55232, 9.28723, 10.11348]},
			"faces": {
				"north": {"uv": [10, 2, 10.5, 6], "rotation": 270, "texture": "#0"},
				"east": {"uv": [9, 0, 5, 0.5], "rotation": 180, "texture": "#0"},
				"south": {"uv": [10, 6, 10.5, 2], "rotation": 270, "texture": "#0"},
				"west": {"uv": [5, 7.5, 9, 8], "rotation": 180, "texture": "#0"},
				"up": {"uv": [5, 6, 9, 2], "rotation": 270, "texture": "#0"},
				"down": {"uv": [5, 2, 9, 6], "rotation": 90, "texture": "#0"}
			}
		},
		{
			"from": [3.34487, 10.97869, 7.78421],
			"to": [7.34487, 11.47869, 11.78421],
			"rotation": {"angle": -45, "axis": "z", "origin": [7.81053, 13.84146, 9.78421]},
			"faces": {
				"north": {"uv": [10, 2, 10.5, 6], "rotation": 90, "texture": "#0"},
				"east": {"uv": [5, 7.5, 9, 8], "texture": "#0"},
				"south": {"uv": [10, 6, 10.5, 2], "rotation": 90, "texture": "#0"},
				"west": {"uv": [9, 0, 5, 0.5], "texture": "#0"},
				"up": {"uv": [9, 6, 5, 2], "rotation": 90, "texture": "#0"},
				"down": {"uv": [9, 2, 5, 6], "rotation": 270, "texture": "#0"}
			}
		},
		{
			"from": [5.81053, 10.97869, 5.31855],
			"to": [9.81053, 11.47869, 9.31855],
			"rotation": {"angle": 45, "axis": "x", "origin": [7.81053, 13.84146, 9.78421]},
			"faces": {
				"north": {"uv": [9, 0, 5, 0.5], "texture": "#0"},
				"east": {"uv": [10, 2, 10.5, 6], "rotation": 90, "texture": "#0"},
				"south": {"uv": [5, 7.5, 9, 8], "texture": "#0"},
				"west": {"uv": [10, 6, 10.5, 2], "rotation": 90, "texture": "#0"},
				"up": {"uv": [9, 6, 5, 2], "rotation": 180, "texture": "#0"},
				"down": {"uv": [9, 2, 5, 6], "rotation": 180, "texture": "#0"}
			}
		},
		{
			"from": [8.27619, 10.97869, 7.78421],
			"to": [12.27619, 11.47869, 11.78421],
			"rotation": {"angle": 45, "axis": "z", "origin": [7.81053, 13.84146, 9.78421]},
			"faces": {
				"north": {"uv": [10, 6, 10.5, 2], "rotation": 90, "texture": "#0"},
				"east": {"uv": [9, 0, 5, 0.5], "texture": "#0"},
				"south": {"uv": [10, 2, 10.5, 6], "rotation": 90, "texture": "#0"},
				"west": {"uv": [5, 7.5, 9, 8], "texture": "#0"},
				"up": {"uv": [9, 6, 5, 2], "rotation": 270, "texture": "#0"},
				"down": {"uv": [9, 2, 5, 6], "rotation": 90, "texture": "#0"}
			}
		},
		{
			"from": [8.03053, 0, 2.60421],
			"to": [9.03053, 6, 3.60421],
			"rotation": {"angle": 0, "axis": "y", "origin": [8.03053, -4, 2.60421]},
			"faces": {
				"north": {"uv": [3, 10, 4, 16], "texture": "#0"},
				"east": {"uv": [3, 10, 4, 16], "texture": "#0"},
				"south": {"uv": [3, 10, 4, 16], "texture": "#0"},
				"west": {"uv": [3, 10, 4, 16], "texture": "#0"}
			}
		},
		{
			"from": [7.53555, 6, 2.10924],
			"to": [9.53555, 8, 4.10924],
			"rotation": {"angle": 0, "axis": "y", "origin": [8.53053, 7.5495, 3.10421]},
			"faces": {
				"north": {"uv": [13, 4, 15, 6], "texture": "#0"},
				"east": {"uv": [13, 4, 15, 6], "texture": "#0"},
				"south": {"uv": [13, 4, 15, 6], "texture": "#0"},
				"west": {"uv": [13, 4, 15, 6], "texture": "#0"},
				"up": {"uv": [13, 4, 15, 6], "rotation": 90, "texture": "#0"},
				"down": {"uv": [13, 4, 15, 6], "rotation": 270, "texture": "#0"}
			}
		},
		{
			"from": [7.02342, 8.099, 1.60421],
			"to": [10.02342, 8.099, 4.60421],
			"rotation": {"angle": -45, "axis": "y", "origin": [8.53053, 7.5495, 3.10421]},
			"faces": {
				"up": {"uv": [12, 0, 15, 3], "texture": "#0"}
			}
		},
		{
			"from": [7.31053, 7.59373, 6.12173],
			"to": [8.31053, 8.09373, 8.12173],
			"rotation": {"angle": 22.5, "axis": "x", "origin": [8.31053, 4.59373, 6.12173]},
			"faces": {
				"east": {"uv": [0, 10, 0.5, 8], "rotation": 90, "texture": "#0"},
				"west": {"uv": [0, 8, 0.5, 10], "rotation": 90, "texture": "#0"},
				"up": {"uv": [0, 8, 1, 10], "rotation": 180, "texture": "#0"},
				"down": {"uv": [0, 8, 1, 10], "texture": "#0"}
			}
		},
		{
			"from": [7.31053, 7.32731, 11.73888],
			"to": [8.31053, 7.82731, 13.73888],
			"rotation": {"angle": 0, "axis": "y", "origin": [8.81053, 4.32731, 11.73888]},
			"faces": {
				"north": {"uv": [1, 8, 0, 8.5], "texture": "#0"},
				"east": {"uv": [0, 8, 0.5, 10], "rotation": 90, "texture": "#0"},
				"south": {"uv": [1, 9.5, 0, 10], "texture": "#0"},
				"west": {"uv": [0, 10, 0.5, 8], "rotation": 90, "texture": "#0"},
				"up": {"uv": [0, 10, 1, 8], "rotation": 180, "texture": "#0"},
				"down": {"uv": [0, 10, 1, 8], "texture": "#0"}
			}
		},
		{
			"from": [7.31053, 7.59373, 11.07827],
			"to": [8.31053, 8.09373, 13.07827],
			"rotation": {"angle": -22.5, "axis": "x", "origin": [8.31053, 4.59373, 13.07827]},
			"faces": {
				"east": {"uv": [0, 8, 0.5, 10], "rotation": 90, "texture": "#0"},
				"west": {"uv": [0, 10, 0.5, 8], "rotation": 90, "texture": "#0"},
				"up": {"uv": [0, 10, 1, 8], "rotation": 180, "texture": "#0"},
				"down": {"uv": [0, 10, 1, 8], "texture": "#0"}
			}
		},
		{
			"from": [8.03053, 3.26537, -1.04355],
			"to": [9.03053, 3.76537, 0.95645],
			"rotation": {"angle": 0, "axis": "y", "origin": [9.53053, 0.26537, 0.95645]},
			"faces": {
				"north": {"uv": [0, 9.5, 1, 10], "texture": "#0"},
				"east": {"uv": [0, 10, 0.5, 8], "rotation": 90, "texture": "#0"},
				"south": {"uv": [0, 8, 1, 8.5], "texture": "#0"},
				"west": {"uv": [0, 8, 0.5, 10], "rotation": 90, "texture": "#0"},
				"up": {"uv": [0, 8, 1, 10], "rotation": 180, "texture": "#0"},
				"down": {"uv": [0, 8, 1, 10], "texture": "#0"}
			}
		},
		{
			"from": [8.03053, 3.53179, -0.38294],
			"to": [9.03053, 4.03179, 1.61706],
			"rotation": {"angle": 22.5, "axis": "x", "origin": [9.03053, 0.53179, -0.38294]},
			"faces": {
				"east": {"uv": [0, 10, 0.5, 8], "rotation": 90, "texture": "#0"},
				"west": {"uv": [0, 8, 0.5, 10], "rotation": 90, "texture": "#0"},
				"up": {"uv": [0, 8, 1, 10], "rotation": 180, "texture": "#0"},
				"down": {"uv": [0, 8, 1, 10], "texture": "#0"}
			}
		},
		{
			"from": [8.03053, 3.86537, 5.04355],
			"to": [9.03053, 4.36537, 7.04355],
			"rotation": {"angle": 0, "axis": "y", "origin": [9.53053, 0.86537, 5.04355]},
			"faces": {
				"north": {"uv": [1, 8, 0, 8.5], "texture": "#0"},
				"east": {"uv": [0, 8, 0.5, 10], "rotation": 90, "texture": "#0"},
				"south": {"uv": [1, 9.5, 0, 10], "texture": "#0"},
				"west": {"uv": [0, 10, 0.5, 8], "rotation": 90, "texture": "#0"},
				"up": {"uv": [0, 10, 1, 8], "rotation": 180, "texture": "#0"},
				"down": {"uv": [0, 10, 1, 8], "texture": "#0"}
			}
		},
		{
			"from": [8.03053, 4.13179, 4.38294],
			"to": [9.03053, 4.63179, 6.38294],
			"rotation": {"angle": -22.5, "axis": "x", "origin": [9.03053, 1.13179, 6.38294]},
			"faces": {
				"east": {"uv": [0, 8, 0.5, 10], "rotation": 90, "texture": "#0"},
				"west": {"uv": [0, 10, 0.5, 8], "rotation": 90, "texture": "#0"},
				"up": {"uv": [0, 10, 1, 8], "rotation": 180, "texture": "#0"},
				"down": {"uv": [0, 10, 1, 8], "texture": "#0"}
			}
		},
		{
			"from": [3.76277, 6.06537, 9.11754],
			"to": [5.76277, 6.56537, 10.11754],
			"rotation": {"angle": 0, "axis": "y", "origin": [5.76277, 3.06537, 8.61754]},
			"faces": {
				"north": {"uv": [0, 10, 0.5, 8], "rotation": 90, "texture": "#0"},
				"east": {"uv": [0, 8, 1, 8.5], "texture": "#0"},
				"south": {"uv": [0, 8, 0.5, 10], "rotation": 90, "texture": "#0"},
				"west": {"uv": [0, 9.5, 1, 10], "texture": "#0"},
				"up": {"uv": [0, 8, 1, 10], "rotation": 90, "texture": "#0"},
				"down": {"uv": [0, 8, 1, 10], "rotation": 90, "texture": "#0"}
			}
		},
		{
			"from": [4.42338, 6.33179, 9.11754],
			"to": [6.42338, 6.83179, 10.11754],
			"rotation": {"angle": -22.5, "axis": "z", "origin": [4.42338, 3.33179, 9.11754]},
			"faces": {
				"north": {"uv": [0, 10, 0.5, 8], "rotation": 90, "texture": "#0"},
				"south": {"uv": [0, 8, 0.5, 10], "rotation": 90, "texture": "#0"},
				"up": {"uv": [0, 8, 1, 10], "rotation": 90, "texture": "#0"},
				"down": {"uv": [0, 8, 1, 10], "rotation": 90, "texture": "#0"}
			}
		},
		{
			"from": [4.37411, 3.32731, 2.60421],
			"to": [6.37411, 3.82731, 3.60421],
			"rotation": {"angle": 0, "axis": "y", "origin": [6.37411, 0.32731, 2.10421]},
			"faces": {
				"north": {"uv": [0, 10, 0.5, 8], "rotation": 90, "texture": "#0"},
				"east": {"uv": [0, 8, 1, 8.5], "texture": "#0"},
				"south": {"uv": [0, 8, 0.5, 10], "rotation": 90, "texture": "#0"},
				"west": {"uv": [0, 9.5, 1, 10], "texture": "#0"},
				"up": {"uv": [0, 8, 1, 10], "rotation": 90, "texture": "#0"},
				"down": {"uv": [0, 8, 1, 10], "rotation": 90, "texture": "#0"}
			}
		},
		{
			"from": [5.03472, 3.59373, 2.60421],
			"to": [7.03472, 4.09373, 3.60421],
			"rotation": {"angle": -22.5, "axis": "z", "origin": [5.03472, 0.59373, 2.60421]},
			"faces": {
				"north": {"uv": [0, 10, 0.5, 8], "rotation": 90, "texture": "#0"},
				"south": {"uv": [0, 8, 0.5, 10], "rotation": 90, "texture": "#0"},
				"up": {"uv": [0, 8, 1, 10], "rotation": 90, "texture": "#0"},
				"down": {"uv": [0, 8, 1, 10], "rotation": 90, "texture": "#0"}
			}
		},
		{
			"from": [10.62589, 2.72731, 2.60421],
			"to": [12.62589, 3.22731, 3.60421],
			"rotation": {"angle": 0, "axis": "y", "origin": [10.62589, -0.27269, 2.10421]},
			"faces": {
				"north": {"uv": [0, 8, 0.5, 10], "rotation": 90, "texture": "#0"},
				"east": {"uv": [1, 9.5, 0, 10], "texture": "#0"},
				"south": {"uv": [0, 10, 0.5, 8], "rotation": 90, "texture": "#0"},
				"west": {"uv": [1, 8, 0, 8.5], "texture": "#0"},
				"up": {"uv": [0, 10, 1, 8], "rotation": 90, "texture": "#0"},
				"down": {"uv": [0, 10, 1, 8], "rotation": 90, "texture": "#0"}
			}
		},
		{
			"from": [9.96528, 2.99373, 2.60421],
			"to": [11.96528, 3.49373, 3.60421],
			"rotation": {"angle": 22.5, "axis": "z", "origin": [11.96528, -0.00627, 2.60421]},
			"faces": {
				"north": {"uv": [0, 8, 0.5, 10], "rotation": 90, "texture": "#0"},
				"south": {"uv": [0, 10, 0.5, 8], "rotation": 90, "texture": "#0"},
				"up": {"uv": [0, 10, 1, 8], "rotation": 90, "texture": "#0"},
				"down": {"uv": [0, 10, 1, 8], "rotation": 90, "texture": "#0"}
			}
		},
		{
			"from": [9.83723, 3.76537, 9.11754],
			"to": [11.83723, 4.26537, 10.11754],
			"rotation": {"angle": 0, "axis": "y", "origin": [9.83723, 0.76537, 8.61754]},
			"faces": {
				"north": {"uv": [0, 8, 0.5, 10], "rotation": 90, "texture": "#0"},
				"east": {"uv": [1, 9.5, 0, 10], "texture": "#0"},
				"south": {"uv": [0, 10, 0.5, 8], "rotation": 90, "texture": "#0"},
				"west": {"uv": [1, 8, 0, 8.5], "texture": "#0"},
				"up": {"uv": [0, 10, 1, 8], "rotation": 90, "texture": "#0"},
				"down": {"uv": [0, 10, 1, 8], "rotation": 90, "texture": "#0"}
			}
		},
		{
			"from": [9.17662, 4.03179, 9.11754],
			"to": [11.17662, 4.53179, 10.11754],
			"rotation": {"angle": 22.5, "axis": "z", "origin": [11.17662, 1.03179, 9.11754]},
			"faces": {
				"north": {"uv": [0, 8, 0.5, 10], "rotation": 90, "texture": "#0"},
				"south": {"uv": [0, 10, 0.5, 8], "rotation": 90, "texture": "#0"},
				"up": {"uv": [0, 10, 1, 8], "rotation": 90, "texture": "#0"},
				"down": {"uv": [0, 10, 1, 8], "rotation": 90, "texture": "#0"}
			}
		},
		{
			"from": [7.31053, 7.32731, 5.46112],
			"to": [8.31053, 7.82731, 7.46112],
			"rotation": {"angle": 0, "axis": "z", "origin": [8.81053, 4.32731, 7.46112]},
			"faces": {
				"north": {"uv": [0, 9.5, 1, 10], "texture": "#0"},
				"east": {"uv": [0, 10, 0.5, 8], "rotation": 90, "texture": "#0"},
				"south": {"uv": [0, 8, 1, 8.5], "texture": "#0"},
				"west": {"uv": [0, 8, 0.5, 10], "rotation": 90, "texture": "#0"},
				"up": {"uv": [0, 8, 1, 10], "rotation": 180, "texture": "#0"},
				"down": {"uv": [0, 8, 1, 10], "texture": "#0"}
			}
		}
	],
	"groups": [
		{
			"name": "group",
			"origin": [-4, -2, -11],
			"color": 0,
			"children": [0, 1, 2, 3, 4, 5, 6, 7, 8, 9, 10, 11]
		},
		{
			"name": "group",
			"origin": [-4, -2, -11],
			"color": 0,
			"children": [12, 13, 14]
		},
		15,
		16,
		17,
		18,
		19,
		20,
		21,
		22,
		23,
		24,
		25,
		26,
		27,
		28,
		29,
		30
	]
}