{
	"credit": "Made with Blockbench",
	"ambientocclusion": false,

	"textures": {
		"0": "block/flowers/rafflesia1",
		"1": "block/flowers/rafflesia2",
		"2": "block/flowers/rafflesia3",
		"particle": "block/flowers/rafflesia1"
	},
	"elements": [
		{
			"from": [2.72, 2, 2.72],
			"to": [13.28, 6.06, 13.28],
			"rotation": {"angle": 0, "axis": "y", "origin": [2.72, 0, 2.72]},
			"faces": {
				"north": {"uv": [2, 12, 14, 16], "texture": "#1"},
				"east": {"uv": [2, 12, 14, 16], "texture": "#1"},
				"south": {"uv": [2, 12, 14, 16], "texture": "#1"},
				"west": {"uv": [2, 12, 14, 16], "texture": "#1"},
				"up": {"uv": [2, 0, 14, 12], "texture": "#1"}
			}
		},
		{
			"from": [2.72, 5.18, 2.72],
			"to": [13.28, 5.18, 13.28],
			"rotation": {"angle": 0, "axis": "y", "origin": [0.96, 0, 0.96]},
			"faces": {
				"up": {"uv": [2, 0, 14, 12], "texture": "#2"}
			}
		},
		{
			"from": [2.786, -1.28873, -0.54225],
			"to": [13.17, 3.99127, 1.21775],
			"rotation": {"angle": -45, "axis": "x", "origin": [7.978, 3.29352, -0.46676]},
			"faces": {
				"north": {"uv": [0, 10, 12, 16], "texture": "#0"},
				"east": {"uv": [13, 10, 15, 16], "texture": "#0"},
				"south": {"uv": [0, 10, 12, 16], "texture": "#0"},
				"west": {"uv": [13, 10, 15, 16], "texture": "#0"},
				"up": {"uv": [0, 4, 12, 6], "texture": "#0"}
			}
		},
		{
			"from": [-5.07102, 3.21803, 2.896],
			"to": [0.20898, 4.97803, 13.104],
			"rotation": {"angle": 0, "axis": "y", "origin": [7.978, 3.29352, 8]},
			"faces": {
				"north": {"uv": [13, 16, 15, 10], "rotation": 270, "texture": "#0"},
				"south": {"uv": [13, 16, 15, 10], "rotation": 90, "texture": "#0"},
				"west": {"uv": [12, 4, 0, 6], "rotation": 180, "texture": "#0"},
				"up": {"uv": [0, 16, 12, 10], "rotation": 90, "texture": "#0"},
				"down": {"uv": [0, 16, 12, 10], "rotation": 90, "texture": "#0"}
			}
		},
		{
			"from": [1.9156, 4.69817, 2.808],
			"to": [3.6756, 9.97817, 13.192],
			"rotation": {"angle": 45, "axis": "z", "origin": [7.978, 3.29352, 8]},
			"faces": {
				"north": {"uv": [15, 10, 13, 16], "texture": "#0"},
				"east": {"uv": [12, 10, 0, 16], "texture": "#0"},
				"south": {"uv": [15, 10, 13, 16], "texture": "#0"},
				"west": {"uv": [12, 10, 0, 16], "texture": "#0"},
				"up": {"uv": [0, 6, 12, 4], "rotation": 90, "texture": "#0"}
			}
		},
		{
			"from": [15.74702, 3.21803, 2.896],
			"to": [21.02702, 4.97803, 13.104],
			"rotation": {"angle": 0, "axis": "y", "origin": [7.978, 3.29352, 8]},
			"faces": {
				"north": {"uv": [13, 10, 15, 16], "rotation": 270, "texture": "#0"},
				"east": {"uv": [0, 4, 12, 6], "rotation": 180, "texture": "#0"},
				"south": {"uv": [13, 10, 15, 16], "rotation": 90, "texture": "#0"},
				"up": {"uv": [0, 10, 12, 16], "rotation": 90, "texture": "#0"},
				"down": {"uv": [0, 10, 12, 16], "rotation": 90, "texture": "#0"}
			}
		},
		{
			"from": [12.2804, 4.69817, 2.808],
			"to": [14.0404, 9.97817, 13.192],
			"rotation": {"angle": -45, "axis": "z", "origin": [7.978, 3.29352, 8]},
			"faces": {
				"north": {"uv": [13, 10, 15, 16], "texture": "#0"},
				"east": {"uv": [0, 10, 12, 16], "texture": "#0"},
				"south": {"uv": [13, 10, 15, 16], "texture": "#0"},
				"west": {"uv": [0, 10, 12, 16], "texture": "#0"},
				"up": {"uv": [0, 4, 12, 6], "rotation": 90, "texture": "#0"}
			}
		},
		{
			"from": [2.874, 3.21803, 15.76902],
			"to": [13.082, 4.97803, 21.04902],
			"rotation": {"angle": 0, "axis": "y", "origin": [7.978, 3.29352, 16.46676]},
			"faces": {
				"east": {"uv": [13, 16, 15, 10], "rotation": 90, "texture": "#0"},
				"south": {"uv": [12, 4, 0, 6], "rotation": 180, "texture": "#0"},
				"west": {"uv": [13, 16, 15, 10], "rotation": 270, "texture": "#0"},
				"up": {"uv": [0, 16, 12, 10], "texture": "#0"},
				"down": {"uv": [0, 16, 12, 10], "rotation": 180, "texture": "#0"}
			}
		},
		{
			"from": [2.786, -1.28873, 14.78225],
			"to": [13.17, 3.99127, 16.54225],
			"rotation": {"angle": 45, "axis": "x", "origin": [7.978, 3.29352, 16.46676]},
			"faces": {
				"north": {"uv": [12, 10, 0, 16], "texture": "#0"},
				"east": {"uv": [15, 10, 13, 16], "texture": "#0"},
				"south": {"uv": [12, 10, 0, 16], "texture": "#0"},
				"west": {"uv": [15, 10, 13, 16], "texture": "#0"},
				"up": {"uv": [0, 6, 12, 4], "texture": "#0"}
			}
		},
		{
			"from": [2.874, 3.21803, -5.04902],
			"to": [13.082, 4.97803, 0.23098],
			"rotation": {"angle": 0, "axis": "x", "origin": [7.978, 3.29352, -0.46676]},
			"faces": {
				"north": {"uv": [0, 4, 12, 6], "rotation": 180, "texture": "#0"},
				"east": {"uv": [13, 10, 15, 16], "rotation": 90, "texture": "#0"},
				"west": {"uv": [13, 10, 15, 16], "rotation": 270, "texture": "#0"},
				"up": {"uv": [0, 10, 12, 16], "texture": "#0"},
				"down": {"uv": [0, 10, 12, 16], "rotation": 180, "texture": "#0"}
			}
		}
	]
}