{
	"credit": "Made with Blockbench",
	"textures": {
		"1": "block/beret1_stitch",
		"4": "block/Cloth/cloth1_brown"
	},
	"elements": [
		{
			"from": [2.91161, 2.03489, 3.21844],
			"to": [12.91161, 6.03489, 13.91844],
			"rotation": {"angle": 0, "axis": "x", "origin": [7.91161, 4.73489, 8.66844]},
			"faces": {
				"north": {"uv": [3.06, 2.06, 12.94, 5.94], "texture": "#4"},
				"east": {"uv": [3.06, 4.06, 13.5, 7.94], "texture": "#4"},
				"south": {"uv": [3.06, 2.06, 12.94, 5.94], "texture": "#4"},
				"west": {"uv": [3.06, 4.06, 13.5, 7.94], "texture": "#4"},
				"up": {"uv": [3.06, 3.06, 13.56, 12.94], "rotation": 270, "texture": "#4"},
				"down": {"uv": [0.06, 0.06, 9.94, 9.94], "rotation": 90, "texture": "#4"}
			}
		},
		{
			"from": [4.91161, 6.03489, 4.66844],
			"to": [10.91161, 7.03489, 12.66844],
			"rotation": {"angle": 0, "axis": "x", "origin": [7.91161, 4.73489, 8.66844]},
			"faces": {
				"north": {"uv": [0.06, 0.06, 5.94, 0.94], "texture": "#4"},
				"east": {"uv": [0.06, 0.06, 7.94, 0.94], "texture": "#4"},
				"south": {"uv": [0.06, 0.06, 5.94, 0.94], "texture": "#4"},
				"west": {"uv": [0.06, 0.06, 7.94, 0.94], "texture": "#4"},
				"up": {"uv": [0.06, 0.06, 7.94, 5.94], "rotation": 270, "texture": "#4"},
				"down": {"uv": [0.06, 0.06, 7.94, 5.94], "rotation": 90, "texture": "#4"}
			}
		},
		{
			"from": [6.36161, 6.73489, 7.16844],
			"to": [9.36161, 7.73489, 10.16844],
			"rotation": {"angle": 0, "axis": "x", "origin": [7.91161, 4.73489, 8.66844]},
			"faces": {
				"north": {"uv": [0.06, 0.06, 2.94, 0.94], "texture": "#4"},
				"east": {"uv": [0.06, 0.06, 2.94, 0.94], "texture": "#4"},
				"south": {"uv": [0.06, 0.06, 5.94, 0.94], "texture": "#4"},
				"west": {"uv": [0.06, 0.06, 2.94, 0.94], "texture": "#4"},
				"up": {"uv": [6.06, 10.06, 8.94, 12.94], "rotation": 270, "texture": "#4"},
				"down": {"uv": [0.06, 0.06, 7.94, 5.94], "rotation": 90, "texture": "#4"}
			}
		},
		{
			"from": [7.36161, 7.88489, 8.16844],
			"to": [8.36161, 7.88489, 9.16844],
			"rotation": {"angle": 0, "axis": "x", "origin": [7.91161, 4.73489, 8.66844]},
			"faces": {
				"north": {"uv": [0.06, 5.06, 0.94, 5.94], "rotation": 270, "texture": "#1"},
				"east": {"uv": [0.06, 5.06, 0.94, 5.94], "rotation": 270, "texture": "#1"},
				"south": {"uv": [0.06, 5.06, 0.94, 5.94], "rotation": 270, "texture": "#1"},
				"west": {"uv": [0.06, 5.06, 0.94, 5.94], "rotation": 270, "texture": "#1"},
				"up": {"uv": [0.06, 5.06, 0.94, 5.94], "rotation": 270, "texture": "#1"},
				"down": {"uv": [0.06, 5.06, 0.94, 5.94], "rotation": 270, "texture": "#1"}
			}
		},
		{
			"from": [3.91161, 6.03489, 5.66844],
			"to": [4.91161, 7.03489, 11.66844],
			"rotation": {"angle": 0, "axis": "x", "origin": [7.91161, 4.73489, 8.66844]},
			"faces": {
				"north": {"uv": [0.06, 0.06, 0.94, 0.94], "texture": "#4"},
				"east": {"uv": [0.06, 0.06, 3.94, 0.94], "texture": "#4"},
				"south": {"uv": [0.06, 0.06, 0.94, 0.94], "texture": "#4"},
				"west": {"uv": [0.06, 0.06, 5.94, 0.94], "texture": "#4"},
				"up": {"uv": [0.06, 3.06, 5.94, 3.94], "rotation": 270, "texture": "#4"},
				"down": {"uv": [0.06, 0.06, 3.94, 0.94], "rotation": 90, "texture": "#4"}
			}
		},
		{
			"from": [10.91161, 6.03489, 5.66844],
			"to": [11.91161, 7.03489, 11.66844],
			"rotation": {"angle": 0, "axis": "x", "origin": [7.91161, 4.73489, 8.66844]},
			"faces": {
				"north": {"uv": [0.06, 0.06, 0.94, 0.94], "texture": "#4"},
				"east": {"uv": [0.06, 0.06, 5.94, 0.94], "texture": "#4"},
				"south": {"uv": [0.06, 0.06, 0.94, 0.94], "texture": "#4"},
				"west": {"uv": [0.06, 0.06, 3.94, 0.94], "texture": "#4"},
				"up": {"uv": [0.06, 3.06, 5.94, 3.94], "rotation": 270, "texture": "#4"},
				"down": {"uv": [0.06, 0.06, 3.94, 0.94], "rotation": 90, "texture": "#4"}
			}
		},
		{
			"from": [3.41161, 0.83489, 3.71844],
			"to": [12.41161, 2.33489, 13.41844],
			"rotation": {"angle": 0, "axis": "x", "origin": [7.91161, 4.73489, 8.66844]},
			"faces": {
				"north": {"uv": [0.06, 5.06, 0.94, 5.88], "texture": "#1"},
				"east": {"uv": [0.06, 5.06, 0.94, 5.88], "texture": "#1"},
				"south": {"uv": [0.06, 5.06, 0.94, 5.88], "texture": "#1"},
				"west": {"uv": [0.06, 5.06, 0.94, 5.88], "texture": "#1"},
				"up": {"uv": [0.06, 5.06, 0.94, 5.88], "texture": "#1"},
				"down": {"uv": [0.06, 5.06, 0.94, 5.88], "texture": "#1"}
			}
		},
		{
			"from": [2.94454, 4.05039, 3.60433],
			"to": [5.94454, 8.05039, 4.60433],
			"rotation": {"angle": -22.5, "axis": "x", "origin": [4.44454, 6.30039, 3.77933]},
			"faces": {
				"north": {"uv": [6.06, 5.06, 8.94, 8.94], "texture": "#4"},
				"east": {"uv": [6.06, 5.06, 6.94, 8.94], "texture": "#4"},
				"south": {"uv": [6.06, 5.06, 8.94, 8.94], "texture": "#4"},
				"west": {"uv": [6.06, 5.06, 6.94, 8.94], "texture": "#4"},
				"up": {"uv": [6.06, 6.06, 8.94, 6.94], "texture": "#4"},
				"down": {"uv": [6.06, 6.06, 8.94, 6.94], "texture": "#4"}
			}
		},
		{
			"from": [3.94454, 6.05039, 3.55433],
			"to": [4.94454, 7.05039, 3.55433],
			"rotation": {"angle": -22.5, "axis": "x", "origin": [4.44454, 6.30039, 3.77933]},
			"faces": {
				"north": {"uv": [12.06, 1.06, 12.94, 1.94], "texture": "#1"},
				"east": {"uv": [12.06, 0.06, 12.94, 0.94], "texture": "#1"},
				"south": {"uv": [12.06, 0.06, 12.94, 0.94], "texture": "#1"},
				"west": {"uv": [12.06, 0.06, 12.94, 0.94], "texture": "#1"},
				"up": {"uv": [12.06, 0.06, 12.94, 0.94], "texture": "#1"},
				"down": {"uv": [12.06, 0.06, 12.94, 0.94], "texture": "#1"}
			}
		},
		{
			"from": [10.80546, 6.06942, 3.65],
			"to": [11.80546, 7.06942, 3.65],
			"rotation": {"angle": -22.5, "axis": "x", "origin": [7.875, 6.06942, 3.875]},
			"faces": {
				"north": {"uv": [12.94, 1.06, 12.06, 1.94], "texture": "#1"},
				"east": {"uv": [12.94, 0.06, 12.06, 0.94], "texture": "#1"},
				"south": {"uv": [12.94, 0.06, 12.06, 0.94], "texture": "#1"},
				"west": {"uv": [12.94, 0.06, 12.06, 0.94], "texture": "#1"},
				"up": {"uv": [12.94, 0.06, 12.06, 0.94], "texture": "#1"},
				"down": {"uv": [12.94, 0.06, 12.06, 0.94], "texture": "#1"}
			}
		},
		{
			"from": [9.80546, 4.06942, 3.7],
			"to": [12.80546, 8.06942, 4.7],
			"rotation": {"angle": -22.5, "axis": "x", "origin": [7.875, 6.06942, 3.875]},
			"faces": {
				"north": {"uv": [8.94, 5.06, 6.06, 8.94], "texture": "#4"},
				"east": {"uv": [6.94, 5.06, 6.06, 8.94], "texture": "#4"},
				"south": {"uv": [8.94, 5.06, 6.06, 8.94], "texture": "#4"},
				"west": {"uv": [6.94, 5.06, 6.06, 8.94], "texture": "#4"},
				"up": {"uv": [8.94, 6.06, 6.06, 6.94], "texture": "#4"},
				"down": {"uv": [8.94, 6.06, 6.06, 6.94], "texture": "#4"}
			}
		}
	],
	"display": {
		"thirdperson_righthand": {
			"rotation": [65, 0, 0],
			"translation": [-6, 5.5, 5.5]
		},
		"firstperson_righthand": {
			"translation": [4.5, 0, -2.5]
		},
		"ground": {
			"translation": [0, 4, 0]
		},
		"gui": {
			"rotation": [-148.25, 32.75, -180],
			"translation": [-0.5, 3.5, 0]
		},
		"head": {
			"rotation": [13, 0.5, 2],
			"translation": [-0.3, 11, 2],
			"scale": [1.75, 1.75, 1.75]
		},
		"fixed": {
			"rotation": [-90, 0, 0],
			"translation": [0, -1, -13.25],
			"scale": [2, 2, 2]
		}
	},
	"groups": [
		{
			"name": "beret2",
			"origin": [8, 8, 8],
			"color": 0,
			"children": [
				0,
				1,
				2,
				3,
				4,
				5,
				6,
				{
					"name": "ears",
					"origin": [7.875, 6.06942, 3.875],
					"color": 0,
					"children": [7, 8, 9, 10]
				}
			]
		}
	]
}