{
	"credit": "Made with Blockbench",
	"parent": "fallenleaf",
	"textures": {
		"1": "block/fallenleaf"
	},
	"elements": [
		{
			"from": [4.01554, 0.25153, 7.32213],
			"to": [9.49074, 0.25153, 8.69093],
			"rotation": {"angle": 0, "axis": "y", "origin": [7.77974, 0.25153, 8.69093]},
			"faces": {
				"up": {"uv": [5.5, 1.375, 0.06, 0.06], "texture": "#1"},
				"down": {"uv": [5.5, 1.375, 0.06, 0.06], "texture": "#1"}
			}
		},
		{
			"from": [3.02748, 0.44807, 7.32213],
			"to": [4.05408, 0.44807, 8.69093],
			"rotation": {"angle": -22.5, "axis": "z", "origin": [3.54078, 0.44807, 8.00653]},
			"faces": {
				"up": {"uv": [13.94, 3.375, 13.06, 2.06], "texture": "#1"},
				"down": {"uv": [13.94, 3.375, 13.06, 2.06], "texture": "#1"}
			}
		},
		{
			"from": [3.52748, -0.55193, 11.32213],
			"to": [4.55408, -0.55193, 12.69093],
			"rotation": {"angle": -22.5, "axis": "y", "origin": [3.54078, 0.44807, 13.00653]},
			"faces": {
				"up": {"uv": [6.94, 14.375, 6.06, 13.06], "texture": "#1"},
				"down": {"uv": [6.94, 13.06, 6.06, 14.375], "texture": "#1"}
			}
		},
		{
			"from": [9.66057, -0.59957, 7.32213],
			"to": [11.02937, -0.59957, 8.69093],
			"rotation": {"angle": 22.5, "axis": "z", "origin": [7.43627, -0.59957, 8.00653]},
			"faces": {
				"up": {"uv": [9.375, 8.375, 8.06, 7.06], "texture": "#1"},
				"down": {"uv": [9.375, 8.375, 8.06, 7.06], "texture": "#1"}
			}
		},
		{
			"from": [11.02937, -0.59957, 7.32213],
			"to": [13.42477, -0.59957, 8.69093],
			"rotation": {"angle": 22.5, "axis": "z", "origin": [7.43627, -0.59957, 8.00653]},
			"faces": {
				"up": {"uv": [10.375, 4.375, 8.06, 3.06], "texture": "#1"},
				"down": {"uv": [10.375, 4.375, 8.06, 3.06], "texture": "#1"}
			}
		},
		{
			"from": [4.01554, 0.43918, 6.03095],
			"to": [5.38434, 0.43918, 7.39975],
			"rotation": {"angle": 0, "axis": "x", "origin": [6.75314, 0.6445, 6.37315]},
			"faces": {
				"up": {"uv": [9.375, 10.375, 8.06, 9.06], "texture": "#1"},
				"down": {"uv": [1.375, 10.06, 0.06, 11.375], "texture": "#1"}
			}
		},
		{
			"from": [2.76554, -0.81082, 3.03095],
			"to": [4.13434, -0.81082, 4.39975],
			"rotation": {"angle": -45, "axis": "y", "origin": [2.69994, 0.43918, 3.71535]},
			"faces": {
				"up": {"uv": [11.375, 1.375, 10.06, 0.06], "texture": "#1"},
				"down": {"uv": [3.375, 10.06, 2.06, 11.375], "texture": "#1"}
			}
		},
		{
			"from": [11.03115, -0.31082, 12.29656],
			"to": [12.39995, -0.31082, 13.66536],
			"rotation": {"angle": 45, "axis": "x", "origin": [11.71555, 0.43918, 12.73096]},
			"faces": {
				"up": {"uv": [5.375, 11.375, 4.06, 10.06], "texture": "#1"},
				"down": {"uv": [11.375, 7.06, 10.06, 8.375], "texture": "#1"}
			}
		},
		{
			"from": [5.38434, 0.43918, 4.66215],
			"to": [6.75314, 0.43918, 7.39975],
			"rotation": {"angle": 0, "axis": "x", "origin": [6.75314, 0.6445, 6.37315]},
			"faces": {
				"up": {"uv": [1.375, 6.75, 0.06, 4.06], "texture": "#1"},
				"down": {"uv": [3.375, 4.06, 2.06, 6.75], "texture": "#1"}
			}
		},
		{
			"from": [6.75314, 0.43918, 4.66215],
			"to": [8.12194, 0.43918, 7.39975],
			"rotation": {"angle": 0, "axis": "x", "origin": [6.75314, 0.6445, 6.37315]},
			"faces": {
				"up": {"uv": [5.375, 6.75, 4.06, 4.06], "texture": "#1"},
				"down": {"uv": [7.375, 0.06, 6.06, 2.75], "texture": "#1"}
			}
		},
		{
			"from": [10.78191, 0.71294, 5.95333],
			"to": [12.15071, 0.71294, 7.32213],
			"rotation": {"angle": 22.5, "axis": "z", "origin": [10.43971, 0.71294, 5.95333]},
			"faces": {
				"up": {"uv": [11.375, 10.375, 10.06, 9.06], "texture": "#1"},
				"down": {"uv": [12.375, 2.06, 11.06, 3.375], "texture": "#1"}
			}
		},
		{
			"from": [13.12765, -0.01152, 3.45333],
			"to": [14.49645, -0.01152, 4.82213],
			"rotation": {"angle": -45, "axis": "y", "origin": [12.31205, 1.48848, 3.63773]},
			"faces": {
				"up": {"uv": [12.375, 5.375, 11.06, 4.06], "texture": "#1"},
				"down": {"uv": [7.375, 11.06, 6.06, 12.375], "texture": "#1"}
			}
		},
		{
			"from": [9.41311, 0.71294, 4.58453],
			"to": [10.78191, 0.71294, 7.32213],
			"rotation": {"angle": 22.5, "axis": "z", "origin": [10.43971, 0.71294, 5.95333]},
			"faces": {
				"up": {"uv": [7.375, 5.75, 6.06, 3.06], "texture": "#1"},
				"down": {"uv": [7.375, 6.06, 6.06, 8.75], "texture": "#1"}
			}
		},
		{
			"from": [8.12194, 0.43918, 6.03095],
			"to": [9.49074, 0.43918, 7.39975],
			"rotation": {"angle": 0, "axis": "x", "origin": [6.75314, 0.6445, 6.37315]},
			"faces": {
				"up": {"uv": [9.375, 12.375, 8.06, 11.06], "texture": "#1"},
				"down": {"uv": [11.375, 11.06, 10.06, 12.375], "texture": "#1"}
			}
		},
		{
			"from": [4.01554, 0.6445, 8.6133],
			"to": [5.38434, 0.6445, 9.9821],
			"rotation": {"angle": -22.5, "axis": "x", "origin": [6.75314, 0.6445, 9.6399]},
			"faces": {
				"up": {"uv": [1.375, 13.375, 0.06, 12.06], "texture": "#1"},
				"down": {"uv": [13.375, 0.06, 12.06, 1.375], "texture": "#1"}
			}
		},
		{
			"from": [5.38434, 0.6445, 8.6133],
			"to": [6.75314, 0.6445, 11.3509],
			"rotation": {"angle": -22.5, "axis": "x", "origin": [6.75314, 0.6445, 9.6399]},
			"faces": {
				"up": {"uv": [1.375, 9.75, 0.06, 7.06], "texture": "#1"},
				"down": {"uv": [3.375, 7.06, 2.06, 9.75], "texture": "#1"}
			}
		},
		{
			"from": [6.75314, 0.6445, 8.6133],
			"to": [8.12194, 0.6445, 9.9821],
			"rotation": {"angle": -22.5, "axis": "x", "origin": [6.75314, 0.6445, 9.6399]},
			"faces": {
				"up": {"uv": [3.375, 13.375, 2.06, 12.06], "texture": "#1"},
				"down": {"uv": [5.375, 12.06, 4.06, 13.375], "texture": "#1"}
			}
		},
		{
			"from": [10.78191, 0.71294, 8.69093],
			"to": [12.15071, 0.71294, 10.05973],
			"rotation": {"angle": 22.5, "axis": "z", "origin": [10.43971, 0.71294, 10.05973]},
			"faces": {
				"up": {"uv": [13.375, 7.375, 12.06, 6.06], "texture": "#1"},
				"down": {"uv": [13.375, 8.06, 12.06, 9.375], "texture": "#1"}
			}
		},
		{
			"from": [8.12194, 0.6445, 8.6133],
			"to": [9.49074, 0.6445, 11.3509],
			"rotation": {"angle": -22.5, "axis": "x", "origin": [6.75314, 0.6445, 9.6399]},
			"faces": {
				"up": {"uv": [5.375, 9.75, 4.06, 7.06], "texture": "#1"},
				"down": {"uv": [9.375, 0.06, 8.06, 2.75], "texture": "#1"}
			}
		},
		{
			"from": [9.43916, 0.58198, 8.69093],
			"to": [10.80796, 0.58198, 10.05973],
			"rotation": {"angle": 22.5, "axis": "z", "origin": [10.12356, 0.58198, 9.37533]},
			"faces": {
				"up": {"uv": [13.375, 11.375, 12.06, 10.06], "texture": "#1"},
				"down": {"uv": [13.375, 12.06, 12.06, 13.375], "texture": "#1"}
			}
		}
	],
	"display": {
		"thirdperson_righthand": {
			"rotation": [-96.21, 49.64, 177.06],
			"translation": [-3, 4.5, 7.5]
		},
		"firstperson_righthand": {
			"translation": [0, 5.5, 0]
		},
		"ground": {
			"translation": [0, 4, 0]
		},
		"gui": {
			"rotation": [54.13, -20.42, 3.11],
			"translation": [-0.25, 5, 0]
		},
		"head": {
			"rotation": [-20.75, 0, 0],
			"translation": [0, 22.75, -6],
			"scale": [1.8, 1.8, 1.8]
		},
		"fixed": {
			"rotation": [-90, 0, 0],
			"translation": [0, -5.75, -15.5],
			"scale": [2, 2, 2]
		}
	},
	"groups": [
		{
			"name": "group",
			"origin": [8, 8, 8],
			"color": 0,
			"children": [
				0,
				1,
				2,
				3,
				4,
				{
					"name": "leaf",
					"origin": [8.25, 8.25, 7.5],
					"color": 0,
					"children": [5, 6, 7, 8, 9, 10, 11, 12, 13]
				},
				{
					"name": "leaf",
					"origin": [8.25, 8.25, 7.5],
					"color": 0,
					"children": [14, 15, 16, 17, 18, 19]
				}
			]
		}
	]
}