{
	"credit": "Made with Blockbench",
	"parent": "kirby1",
	"textures": {
		"2": "block/kirby1"
	},
	"elements": [
		{
			"name": "body",
			"from": [3, 0, 3],
			"to": [13, 9, 13],
			"rotation": {"angle": 0, "axis": "x", "origin": [8, 3.5, 4.5]},
			"faces": {
				"north": {"uv": [6, 7.06, 15.94, 15.94], "texture": "#2"},
				"east": {"uv": [6, 7.06, 15.94, 15.94], "texture": "#2"},
				"south": {"uv": [6, 7.06, 15.94, 15.94], "texture": "#2"},
				"west": {"uv": [6, 7.06, 15.94, 15.94], "texture": "#2"},
				"up": {"uv": [7.06, 1.06, 7.94, 1.94], "texture": "#2"},
				"down": {"uv": [6.06, 15.06, 6.94, 15.94], "texture": "#2"}
			}
		},
		{
			"name": "hand",
			"from": [13, 1, 5],
			"to": [16, 4, 8],
			"rotation": {"angle": 0, "axis": "y", "origin": [0, -5, 0]},
			"faces": {
				"north": {"uv": [7.06, 9.06, 9.94, 11.94], "texture": "#2"},
				"east": {"uv": [7.06, 9.06, 9.94, 11.94], "texture": "#2"},
				"south": {"uv": [7.06, 9.06, 9.94, 11.94], "texture": "#2"},
				"west": {"uv": [7.06, 9.06, 9.94, 11.94], "texture": "#2"},
				"up": {"uv": [7.06, 1.06, 7.94, 1.94], "texture": "#2"},
				"down": {"uv": [6.06, 15.06, 6.94, 15.94], "texture": "#2"}
			}
		},
		{
			"name": "hand",
			"from": [0, 0, 5],
			"to": [4, 3, 8],
			"rotation": {"angle": 22.5, "axis": "z", "origin": [1.5, 2.5, 6.5]},
			"faces": {
				"north": {"uv": [7.06, 9.06, 9.94, 11.94], "texture": "#2"},
				"east": {"uv": [7.06, 9.06, 9.94, 11.94], "texture": "#2"},
				"south": {"uv": [7.06, 9.06, 9.94, 11.94], "texture": "#2"},
				"west": {"uv": [7.06, 9.06, 9.94, 11.94], "texture": "#2"},
				"up": {"uv": [7.06, 1.06, 7.94, 1.94], "texture": "#2"},
				"down": {"uv": [6.06, 15.06, 6.94, 15.94], "texture": "#2"}
			}
		},
		{
			"name": "feet",
			"from": [1.75, -0.15, 13.25],
			"to": [4.75, 1.85, 18.25],
			"rotation": {"angle": 45, "axis": "x", "origin": [2, 2.5, 14]},
			"faces": {
				"north": {"uv": [9.06, 1.06, 9.94, 1.94], "texture": "#2"},
				"east": {"uv": [9.06, 1.06, 9.94, 1.94], "texture": "#2"},
				"south": {"uv": [9.06, 1.06, 9.94, 1.94], "texture": "#2"},
				"west": {"uv": [9.06, 1.06, 9.94, 1.94], "texture": "#2"},
				"up": {"uv": [9.06, 1.06, 9.94, 1.94], "texture": "#2"},
				"down": {"uv": [9.06, 1.06, 9.94, 1.94], "texture": "#2"}
			}
		},
		{
			"name": "feet",
			"from": [11.25, -1.75, 11.35],
			"to": [14.25, 3.25, 13.35],
			"rotation": {"angle": -22.5, "axis": "x", "origin": [2, 2.5, 14]},
			"faces": {
				"north": {"uv": [9.06, 1.06, 9.94, 1.94], "rotation": 180, "texture": "#2"},
				"east": {"uv": [9.06, 1.06, 9.94, 1.94], "rotation": 270, "texture": "#2"},
				"south": {"uv": [9.06, 1.06, 9.94, 1.94], "texture": "#2"},
				"west": {"uv": [9.06, 1.06, 9.94, 1.94], "rotation": 90, "texture": "#2"},
				"up": {"uv": [9.06, 1.06, 9.94, 1.94], "rotation": 180, "texture": "#2"},
				"down": {"uv": [9.06, 1.06, 9.94, 1.94], "texture": "#2"}
			}
		},
		{
			"from": [8.65, 2, 2.95],
			"to": [10.15, 5.5, 2.95],
			"rotation": {"angle": 0, "axis": "y", "origin": [0, -5, 0]},
			"faces": {
				"north": {"uv": [2.06, 2.06, 3.94, 6.94], "texture": "#2"},
				"east": {"uv": [-0.1, 0.06, -1.1, 3.94], "texture": "#2"},
				"south": {"uv": [0.06, 0.06, 1.94, 3.94], "texture": "#2"},
				"west": {"uv": [-0.1, 0.06, -1.1, 3.94], "texture": "#2"},
				"up": {"uv": [0.06, -0.1, 1.94, -1.1], "texture": "#2"},
				"down": {"uv": [0.06, -0.1, 1.94, -1.1], "texture": "#2"}
			}
		},
		{
			"from": [5.65, 2, 2.95],
			"to": [7.15, 5.5, 2.95],
			"rotation": {"angle": 0, "axis": "y", "origin": [0, -5, 0]},
			"faces": {
				"north": {"uv": [2.06, 2.06, 3.94, 6.94], "texture": "#2"},
				"east": {"uv": [-0.1, 0.06, -1.1, 3.94], "texture": "#2"},
				"south": {"uv": [0.06, 0.06, 1.94, 3.94], "texture": "#2"},
				"west": {"uv": [-0.1, 0.06, -1.1, 3.94], "texture": "#2"},
				"up": {"uv": [0.06, -0.1, 1.94, -1.1], "texture": "#2"},
				"down": {"uv": [0.06, -0.1, 1.94, -1.1], "texture": "#2"}
			}
		},
		{
			"from": [10.75, 0.75, 2.95],
			"to": [12.75, 1.75, 2.95],
			"rotation": {"angle": 0, "axis": "y", "origin": [0, -5, 0]},
			"faces": {
				"north": {"uv": [1.06, 8.06, 3.94, 8.94], "texture": "#2"},
				"east": {"uv": [-0.1, 0.06, -1.1, 3.94], "texture": "#2"},
				"south": {"uv": [0.06, 0.06, 1.94, 3.94], "texture": "#2"},
				"west": {"uv": [-0.1, 0.06, -1.1, 3.94], "texture": "#2"},
				"up": {"uv": [0.06, -0.1, 1.94, -1.1], "texture": "#2"},
				"down": {"uv": [0.06, -0.1, 1.94, -1.1], "texture": "#2"}
			}
		},
		{
			"from": [3.25, 0.75, 2.95],
			"to": [5.25, 1.75, 2.95],
			"rotation": {"angle": 0, "axis": "y", "origin": [0, -5, 0]},
			"faces": {
				"north": {"uv": [1.06, 8.06, 3.94, 8.94], "texture": "#2"},
				"east": {"uv": [-0.1, 0.06, -1.1, 3.94], "texture": "#2"},
				"south": {"uv": [0.06, 0.06, 1.94, 3.94], "texture": "#2"},
				"west": {"uv": [-0.1, 0.06, -1.1, 3.94], "texture": "#2"},
				"up": {"uv": [0.06, -0.1, 1.94, -1.1], "texture": "#2"},
				"down": {"uv": [0.06, -0.1, 1.94, -1.1], "texture": "#2"}
			}
		}
	],
	"display": {
		"thirdperson_righthand": {
			"rotation": [70, 0, 0],
			"translation": [-6, 0.75, 18.25],
			"scale": [2, 2, 2]
		},
		"firstperson_righthand": {
			"rotation": [155.51, 3.82, -178.56],
			"translation": [0, 3.75, -4.5]
		},
		"gui": {
			"rotation": [0, -180, 0],
			"translation": [0.5, 16.5, 0],
			"scale": [2, 2, 2]
		},
		"head": {
			"rotation": [7, 0, 0],
			"translation": [0, 9, 1],
			"scale": [1.6, 1.6, 1.6]
		},
		"fixed": {
			"rotation": [-90, 0, 0],
			"translation": [0, 0, -12],
			"scale": [4, 4, 4]
		}
	},
	"groups": [
		{
			"name": "group",
			"origin": [8, 8, 8],
			"color": 0,
			"children": [
				0,
				1,
				2,
				3,
				4,
				{
					"name": "eyes",
					"origin": [8, 8, 8],
					"color": 0,
					"children": [5, 6, 7, 8]
				}
			]
		}
	]
}