{
	"credit": "Made with Blockbench",
	"textures": {
		"0": "block/white_wool",
		"2": "block/black_concrete",
		"3": "block/Cloth/cloth1_hotpink",
		"particle": "block/white_wool"
	},
	"elements": [
		{
			"from": [6.25, 6.5, 3.15],
			"to": [9.75, 7.75, 3.15],
			"rotation": {"angle": 0, "axis": "y", "origin": [8, 8.125, 9.375]},
			"faces": {
				"north": {"uv": [0, 0, 3.5, 1.25], "texture": "#2"},
				"east": {"uv": [0, 0, 0, 1.25], "texture": "#2"},
				"south": {"uv": [0, 0, 3.5, 1.25], "texture": "#2"},
				"west": {"uv": [0, 0, 0, 1.25], "texture": "#2"},
				"up": {"uv": [0, 0, 3.5, 0], "rotation": 180, "texture": "#2"},
				"down": {"uv": [0, 0, 3.5, 0], "rotation": 180, "texture": "#2"}
			}
		},
		{
			"from": [9, 6.5, 3.25],
			"to": [13.25, 7.7, 5.25],
			"rotation": {"angle": 0, "axis": "y", "origin": [8, 8.125, 9.375]},
			"faces": {
				"north": {"uv": [0, 0, 4.25, 1.2], "texture": "#0"},
				"east": {"uv": [0, 0, 2, 1.2], "texture": "#0"},
				"south": {"uv": [0, 0, 4.25, 1.2], "texture": "#0"},
				"west": {"uv": [0, 0, 2, 1.2], "texture": "#0"},
				"up": {"uv": [0, 0, 4.25, 2], "rotation": 180, "texture": "#0"},
				"down": {"uv": [0, 0, 4.25, 2], "rotation": 180, "texture": "#0"}
			}
		},
		{
			"from": [2.75, 6.5, 3.25],
			"to": [7, 7.7, 5.25],
			"rotation": {"angle": 0, "axis": "y", "origin": [8, 8.125, 9.375]},
			"faces": {
				"north": {"uv": [0, 0, 4.25, 1.2], "texture": "#0"},
				"east": {"uv": [0, 0, 2, 1.2], "texture": "#0"},
				"south": {"uv": [0, 0, 4.25, 1.2], "texture": "#0"},
				"west": {"uv": [0, 0, 2, 1.2], "texture": "#0"},
				"up": {"uv": [0, 0, 4.25, 2], "rotation": 180, "texture": "#0"},
				"down": {"uv": [0, 0, 4.25, 2], "rotation": 180, "texture": "#0"}
			}
		},
		{
			"from": [2.75, 6.5, 5.25],
			"to": [13.25, 7.7, 14.25],
			"rotation": {"angle": 0, "axis": "y", "origin": [8, 8.125, 9.375]},
			"faces": {
				"north": {"uv": [0, 0, 10.5, 1.2], "texture": "#0"},
				"east": {"uv": [0, 0, 9, 1.2], "texture": "#0"},
				"south": {"uv": [0, 0, 10.5, 1.2], "texture": "#0"},
				"west": {"uv": [0, 0, 9, 1.2], "texture": "#0"},
				"up": {"uv": [0, 0, 10.5, 9], "rotation": 180, "texture": "#0"},
				"down": {"uv": [0, 0, 10.5, 9], "rotation": 180, "texture": "#0"}
			}
		},
		{
			"from": [10.25, 6.5, 12.98579],
			"to": [12.25, 7.72, 15.83579],
			"rotation": {"angle": -45, "axis": "y", "origin": [11.25, 6.49, 14.83579]},
			"faces": {
				"north": {"uv": [2, 0, 4, 1.22], "texture": "#0"},
				"east": {"uv": [2.85, 0, 5.7, 1.22], "texture": "#0"},
				"south": {"uv": [2, 0, 4, 1.22], "texture": "#0"},
				"west": {"uv": [2.85, 0, 5.7, 1.22], "texture": "#0"},
				"up": {"uv": [2, 0, 4, 2.85], "rotation": 180, "texture": "#0"},
				"down": {"uv": [2, 0, 4, 2.85], "rotation": 180, "texture": "#0"}
			}
		},
		{
			"from": [4.75, 6.5, 14.25],
			"to": [11.25, 7.7, 16.25],
			"rotation": {"angle": 0, "axis": "y", "origin": [8, 8.125, 8.375]},
			"faces": {
				"north": {"uv": [0, 0, 6.5, 1.2], "texture": "#0"},
				"east": {"uv": [0, 0, 2, 1.2], "texture": "#0"},
				"south": {"uv": [0, 0, 6.5, 1.2], "texture": "#0"},
				"west": {"uv": [0, 0, 2, 1.2], "texture": "#0"},
				"up": {"uv": [0, 0, 6.5, 2], "rotation": 180, "texture": "#0"},
				"down": {"uv": [0, 0, 6.5, 2], "rotation": 180, "texture": "#0"}
			}
		},
		{
			"from": [3.75, 6.5, 12.98579],
			"to": [5.75, 7.72, 15.83579],
			"rotation": {"angle": 45, "axis": "y", "origin": [4.75, 6.49, 14.83579]},
			"faces": {
				"north": {"uv": [0, 0, 2, 1.22], "texture": "#0"},
				"east": {"uv": [0, 0, 2.85, 1.22], "texture": "#0"},
				"south": {"uv": [0, 0, 2, 1.22], "texture": "#0"},
				"west": {"uv": [0, 0, 2.85, 1.22], "texture": "#0"},
				"up": {"uv": [0, 0, 2, 2.85], "rotation": 180, "texture": "#0"},
				"down": {"uv": [0, 0, 2, 2.85], "rotation": 180, "texture": "#0"}
			}
		},
		{
			"from": [3.5, 7.925, 3.325],
			"to": [4.45, 8.875, 3.325],
			"rotation": {"angle": 0, "axis": "x", "origin": [11.075, 12.15, 6.075]},
			"faces": {
				"north": {"uv": [8, 8, 9, 9], "rotation": 180, "texture": "#3"},
				"east": {"uv": [8, 8, 9, 9], "rotation": 90, "texture": "#3"},
				"south": {"uv": [8, 8, 9, 9], "texture": "#3"},
				"west": {"uv": [8, 8, 9, 9], "rotation": 270, "texture": "#3"},
				"up": {"uv": [8, 8, 9, 9], "texture": "#3"},
				"down": {"uv": [8, 8, 9, 9], "rotation": 180, "texture": "#3"}
			}
		},
		{
			"from": [7.5, 11.025, 4.325],
			"to": [8.45, 11.975, 4.325],
			"rotation": {"angle": 0, "axis": "x", "origin": [11.075, 12.15, 6.075]},
			"faces": {
				"north": {"uv": [8, 8, 9, 9], "rotation": 180, "texture": "#3"},
				"east": {"uv": [8, 8, 9, 9], "rotation": 90, "texture": "#3"},
				"south": {"uv": [8, 8, 9, 9], "texture": "#3"},
				"west": {"uv": [8, 8, 9, 9], "rotation": 270, "texture": "#3"},
				"up": {"uv": [8, 8, 9, 9], "texture": "#3"},
				"down": {"uv": [8, 8, 9, 9], "rotation": 180, "texture": "#3"}
			}
		},
		{
			"from": [7.5, 8.625, 3.325],
			"to": [8.45, 9.575, 3.325],
			"rotation": {"angle": 0, "axis": "x", "origin": [11.075, 12.15, 6.075]},
			"faces": {
				"north": {"uv": [8, 8, 9, 9], "rotation": 180, "texture": "#3"},
				"east": {"uv": [8, 8, 9, 9], "rotation": 90, "texture": "#3"},
				"south": {"uv": [8, 8, 9, 9], "texture": "#3"},
				"west": {"uv": [8, 8, 9, 9], "rotation": 270, "texture": "#3"},
				"up": {"uv": [8, 8, 9, 9], "texture": "#3"},
				"down": {"uv": [8, 8, 9, 9], "rotation": 180, "texture": "#3"}
			}
		},
		{
			"from": [11.6, 7.925, 3.325],
			"to": [12.55, 8.875, 3.325],
			"rotation": {"angle": 0, "axis": "x", "origin": [11.075, 12.15, 6.075]},
			"faces": {
				"north": {"uv": [8, 8, 9, 9], "rotation": 180, "texture": "#3"},
				"east": {"uv": [8, 8, 9, 9], "rotation": 90, "texture": "#3"},
				"south": {"uv": [8, 8, 9, 9], "texture": "#3"},
				"west": {"uv": [8, 8, 9, 9], "rotation": 270, "texture": "#3"},
				"up": {"uv": [8, 8, 9, 9], "texture": "#3"},
				"down": {"uv": [8, 8, 9, 9], "rotation": 180, "texture": "#3"}
			}
		},
		{
			"from": [11.6, 9.825, 3.325],
			"to": [12.55, 10.775, 3.325],
			"rotation": {"angle": 0, "axis": "x", "origin": [11.075, 12.15, 6.075]},
			"faces": {
				"north": {"uv": [8, 8, 9, 9], "rotation": 180, "texture": "#3"},
				"east": {"uv": [8, 8, 9, 9], "rotation": 90, "texture": "#3"},
				"south": {"uv": [8, 8, 9, 9], "texture": "#3"},
				"west": {"uv": [8, 8, 9, 9], "rotation": 270, "texture": "#3"},
				"up": {"uv": [8, 8, 9, 9], "texture": "#3"},
				"down": {"uv": [8, 8, 9, 9], "rotation": 180, "texture": "#3"}
			}
		},
		{
			"from": [3.5, 9.825, 3.325],
			"to": [4.45, 10.775, 3.325],
			"rotation": {"angle": 0, "axis": "x", "origin": [11.075, 12.15, 6.075]},
			"faces": {
				"north": {"uv": [8, 8, 9, 9], "rotation": 180, "texture": "#3"},
				"east": {"uv": [8, 8, 9, 9], "rotation": 90, "texture": "#3"},
				"south": {"uv": [8, 8, 9, 9], "texture": "#3"},
				"west": {"uv": [8, 8, 9, 9], "rotation": 270, "texture": "#3"},
				"up": {"uv": [8, 8, 9, 9], "texture": "#3"},
				"down": {"uv": [8, 8, 9, 9], "rotation": 180, "texture": "#3"}
			}
		},
		{
			"from": [7.55, 7.875, 12.925],
			"to": [8.5, 8.825, 12.925],
			"rotation": {"angle": 0, "axis": "x", "origin": [4.925, 12.15, 9.925]},
			"faces": {
				"north": {"uv": [8, 8, 9, 9], "texture": "#3"},
				"east": {"uv": [8, 8, 9, 9], "rotation": 270, "texture": "#3"},
				"south": {"uv": [8, 8, 9, 9], "rotation": 180, "texture": "#3"},
				"west": {"uv": [8, 8, 9, 9], "rotation": 90, "texture": "#3"},
				"up": {"uv": [9, 9, 8, 8], "texture": "#3"},
				"down": {"uv": [9, 9, 8, 8], "rotation": 180, "texture": "#3"}
			}
		},
		{
			"from": [7.55, 9.875, 12.925],
			"to": [8.5, 10.825, 12.925],
			"rotation": {"angle": 0, "axis": "x", "origin": [4.925, 12.15, 9.925]},
			"faces": {
				"north": {"uv": [8, 8, 9, 9], "texture": "#3"},
				"east": {"uv": [8, 8, 9, 9], "rotation": 270, "texture": "#3"},
				"south": {"uv": [8, 8, 9, 9], "rotation": 180, "texture": "#3"},
				"west": {"uv": [8, 8, 9, 9], "rotation": 90, "texture": "#3"},
				"up": {"uv": [9, 9, 8, 8], "texture": "#3"},
				"down": {"uv": [9, 9, 8, 8], "rotation": 180, "texture": "#3"}
			}
		},
		{
			"from": [3.45, 7.925, 12.925],
			"to": [4.4, 8.875, 12.925],
			"rotation": {"angle": 0, "axis": "x", "origin": [4.925, 12.15, 9.925]},
			"faces": {
				"north": {"uv": [8, 8, 9, 9], "texture": "#3"},
				"east": {"uv": [8, 8, 9, 9], "rotation": 270, "texture": "#3"},
				"south": {"uv": [8, 8, 9, 9], "rotation": 180, "texture": "#3"},
				"west": {"uv": [8, 8, 9, 9], "rotation": 90, "texture": "#3"},
				"up": {"uv": [9, 9, 8, 8], "texture": "#3"},
				"down": {"uv": [9, 9, 8, 8], "rotation": 180, "texture": "#3"}
			}
		},
		{
			"from": [3.45, 9.825, 12.925],
			"to": [4.4, 10.775, 12.925],
			"rotation": {"angle": 0, "axis": "x", "origin": [4.925, 12.15, 9.925]},
			"faces": {
				"north": {"uv": [8, 8, 9, 9], "texture": "#3"},
				"east": {"uv": [8, 8, 9, 9], "rotation": 270, "texture": "#3"},
				"south": {"uv": [8, 8, 9, 9], "rotation": 180, "texture": "#3"},
				"west": {"uv": [8, 8, 9, 9], "rotation": 90, "texture": "#3"},
				"up": {"uv": [9, 9, 8, 8], "texture": "#3"},
				"down": {"uv": [9, 9, 8, 8], "rotation": 180, "texture": "#3"}
			}
		},
		{
			"from": [7.55, 11.025, 11.925],
			"to": [8.5, 11.975, 11.925],
			"rotation": {"angle": 0, "axis": "x", "origin": [4.925, 12.15, 9.925]},
			"faces": {
				"north": {"uv": [8, 8, 9, 9], "texture": "#3"},
				"east": {"uv": [8, 8, 9, 9], "rotation": 270, "texture": "#3"},
				"south": {"uv": [8, 8, 9, 9], "rotation": 180, "texture": "#3"},
				"west": {"uv": [8, 8, 9, 9], "rotation": 90, "texture": "#3"},
				"up": {"uv": [9, 9, 8, 8], "texture": "#3"},
				"down": {"uv": [9, 9, 8, 8], "rotation": 180, "texture": "#3"}
			}
		},
		{
			"from": [11.55, 9.825, 12.925],
			"to": [12.5, 10.775, 12.925],
			"rotation": {"angle": 0, "axis": "x", "origin": [4.925, 12.15, 9.925]},
			"faces": {
				"north": {"uv": [8, 8, 9, 9], "texture": "#3"},
				"east": {"uv": [8, 8, 9, 9], "rotation": 270, "texture": "#3"},
				"south": {"uv": [8, 8, 9, 9], "rotation": 180, "texture": "#3"},
				"west": {"uv": [8, 8, 9, 9], "rotation": 90, "texture": "#3"},
				"up": {"uv": [9, 9, 8, 8], "texture": "#3"},
				"down": {"uv": [9, 9, 8, 8], "rotation": 180, "texture": "#3"}
			}
		},
		{
			"from": [11.55, 7.925, 12.925],
			"to": [12.5, 8.875, 12.925],
			"rotation": {"angle": 0, "axis": "x", "origin": [4.925, 12.15, 9.925]},
			"faces": {
				"north": {"uv": [8, 8, 9, 9], "texture": "#3"},
				"east": {"uv": [8, 8, 9, 9], "rotation": 270, "texture": "#3"},
				"south": {"uv": [8, 8, 9, 9], "rotation": 180, "texture": "#3"},
				"west": {"uv": [8, 8, 9, 9], "rotation": 90, "texture": "#3"},
				"up": {"uv": [9, 9, 8, 8], "texture": "#3"},
				"down": {"uv": [9, 9, 8, 8], "rotation": 180, "texture": "#3"}
			}
		},
		{
			"from": [3.175, 7.925, 11.75],
			"to": [3.175, 8.875, 12.7],
			"rotation": {"angle": 0, "axis": "y", "origin": [4.925, 12.15, 6.075]},
			"faces": {
				"north": {"uv": [8, 9, 9, 8], "rotation": 270, "texture": "#3"},
				"east": {"uv": [9, 8, 8, 9], "texture": "#3"},
				"south": {"uv": [8, 9, 9, 8], "rotation": 90, "texture": "#3"},
				"west": {"uv": [9, 8, 8, 9], "rotation": 180, "texture": "#3"},
				"up": {"uv": [8, 9, 9, 8], "rotation": 90, "texture": "#3"},
				"down": {"uv": [8, 9, 9, 8], "rotation": 90, "texture": "#3"}
			}
		},
		{
			"from": [3.175, 9.925, 7.65],
			"to": [3.175, 10.875, 8.6],
			"rotation": {"angle": 0, "axis": "y", "origin": [4.925, 12.15, 6.075]},
			"faces": {
				"north": {"uv": [8, 9, 9, 8], "rotation": 270, "texture": "#3"},
				"east": {"uv": [9, 8, 8, 9], "texture": "#3"},
				"south": {"uv": [8, 9, 9, 8], "rotation": 90, "texture": "#3"},
				"west": {"uv": [9, 8, 8, 9], "rotation": 180, "texture": "#3"},
				"up": {"uv": [8, 9, 9, 8], "rotation": 90, "texture": "#3"},
				"down": {"uv": [8, 9, 9, 8], "rotation": 90, "texture": "#3"}
			}
		},
		{
			"from": [3.175, 7.925, 7.65],
			"to": [3.175, 8.875, 8.6],
			"rotation": {"angle": 0, "axis": "y", "origin": [4.925, 12.15, 6.075]},
			"faces": {
				"north": {"uv": [8, 9, 9, 8], "rotation": 270, "texture": "#3"},
				"east": {"uv": [9, 8, 8, 9], "texture": "#3"},
				"south": {"uv": [8, 9, 9, 8], "rotation": 90, "texture": "#3"},
				"west": {"uv": [9, 8, 8, 9], "rotation": 180, "texture": "#3"},
				"up": {"uv": [8, 9, 9, 8], "rotation": 90, "texture": "#3"},
				"down": {"uv": [8, 9, 9, 8], "rotation": 90, "texture": "#3"}
			}
		},
		{
			"from": [3.175, 9.825, 11.75],
			"to": [3.175, 10.775, 12.7],
			"rotation": {"angle": 0, "axis": "y", "origin": [4.925, 12.15, 6.075]},
			"faces": {
				"north": {"uv": [8, 9, 9, 8], "rotation": 270, "texture": "#3"},
				"east": {"uv": [9, 8, 8, 9], "texture": "#3"},
				"south": {"uv": [8, 9, 9, 8], "rotation": 90, "texture": "#3"},
				"west": {"uv": [9, 8, 8, 9], "rotation": 180, "texture": "#3"},
				"up": {"uv": [8, 9, 9, 8], "rotation": 90, "texture": "#3"},
				"down": {"uv": [8, 9, 9, 8], "rotation": 90, "texture": "#3"}
			}
		},
		{
			"from": [3.175, 9.825, 3.65],
			"to": [3.175, 10.775, 4.6],
			"rotation": {"angle": 0, "axis": "y", "origin": [4.925, 12.15, 6.075]},
			"faces": {
				"north": {"uv": [8, 9, 9, 8], "rotation": 270, "texture": "#3"},
				"east": {"uv": [9, 8, 8, 9], "texture": "#3"},
				"south": {"uv": [8, 9, 9, 8], "rotation": 90, "texture": "#3"},
				"west": {"uv": [9, 8, 8, 9], "rotation": 180, "texture": "#3"},
				"up": {"uv": [8, 9, 9, 8], "rotation": 90, "texture": "#3"},
				"down": {"uv": [8, 9, 9, 8], "rotation": 90, "texture": "#3"}
			}
		},
		{
			"from": [3.175, 7.925, 3.65],
			"to": [3.175, 8.875, 4.6],
			"rotation": {"angle": 0, "axis": "y", "origin": [4.925, 12.15, 6.075]},
			"faces": {
				"north": {"uv": [8, 9, 9, 8], "rotation": 270, "texture": "#3"},
				"east": {"uv": [9, 8, 8, 9], "texture": "#3"},
				"south": {"uv": [8, 9, 9, 8], "rotation": 90, "texture": "#3"},
				"west": {"uv": [9, 8, 8, 9], "rotation": 180, "texture": "#3"},
				"up": {"uv": [8, 9, 9, 8], "rotation": 90, "texture": "#3"},
				"down": {"uv": [8, 9, 9, 8], "rotation": 90, "texture": "#3"}
			}
		},
		{
			"from": [12.825, 7.925, 11.75],
			"to": [12.825, 8.875, 12.7],
			"rotation": {"angle": 0, "axis": "y", "origin": [11.075, 12.15, 6.075]},
			"faces": {
				"north": {"uv": [8, 8, 9, 9], "rotation": 270, "texture": "#3"},
				"east": {"uv": [8, 8, 9, 9], "rotation": 180, "texture": "#3"},
				"south": {"uv": [8, 8, 9, 9], "rotation": 90, "texture": "#3"},
				"west": {"uv": [8, 8, 9, 9], "texture": "#3"},
				"up": {"uv": [8, 8, 9, 9], "rotation": 90, "texture": "#3"},
				"down": {"uv": [8, 8, 9, 9], "rotation": 90, "texture": "#3"}
			}
		},
		{
			"from": [12.825, 9.825, 11.75],
			"to": [12.825, 10.775, 12.7],
			"rotation": {"angle": 0, "axis": "y", "origin": [11.075, 12.15, 6.075]},
			"faces": {
				"north": {"uv": [8, 8, 9, 9], "rotation": 270, "texture": "#3"},
				"east": {"uv": [8, 8, 9, 9], "rotation": 180, "texture": "#3"},
				"south": {"uv": [8, 8, 9, 9], "rotation": 90, "texture": "#3"},
				"west": {"uv": [8, 8, 9, 9], "texture": "#3"},
				"up": {"uv": [8, 8, 9, 9], "rotation": 90, "texture": "#3"},
				"down": {"uv": [8, 8, 9, 9], "rotation": 90, "texture": "#3"}
			}
		},
		{
			"from": [12.825, 9.925, 7.65],
			"to": [12.825, 10.875, 8.6],
			"rotation": {"angle": 0, "axis": "y", "origin": [11.075, 12.15, 6.075]},
			"faces": {
				"north": {"uv": [8, 8, 9, 9], "rotation": 270, "texture": "#3"},
				"east": {"uv": [8, 8, 9, 9], "rotation": 180, "texture": "#3"},
				"south": {"uv": [8, 8, 9, 9], "rotation": 90, "texture": "#3"},
				"west": {"uv": [8, 8, 9, 9], "texture": "#3"},
				"up": {"uv": [8, 8, 9, 9], "rotation": 90, "texture": "#3"},
				"down": {"uv": [8, 8, 9, 9], "rotation": 90, "texture": "#3"}
			}
		},
		{
			"from": [12.825, 7.925, 7.65],
			"to": [12.825, 8.875, 8.6],
			"rotation": {"angle": 0, "axis": "y", "origin": [11.075, 12.15, 6.075]},
			"faces": {
				"north": {"uv": [8, 8, 9, 9], "rotation": 270, "texture": "#3"},
				"east": {"uv": [8, 8, 9, 9], "rotation": 180, "texture": "#3"},
				"south": {"uv": [8, 8, 9, 9], "rotation": 90, "texture": "#3"},
				"west": {"uv": [8, 8, 9, 9], "texture": "#3"},
				"up": {"uv": [8, 8, 9, 9], "rotation": 90, "texture": "#3"},
				"down": {"uv": [8, 8, 9, 9], "rotation": 90, "texture": "#3"}
			}
		},
		{
			"from": [12.825, 9.825, 3.65],
			"to": [12.825, 10.775, 4.6],
			"rotation": {"angle": 0, "axis": "y", "origin": [11.075, 12.15, 6.075]},
			"faces": {
				"north": {"uv": [8, 8, 9, 9], "rotation": 270, "texture": "#3"},
				"east": {"uv": [8, 8, 9, 9], "rotation": 180, "texture": "#3"},
				"south": {"uv": [8, 8, 9, 9], "rotation": 90, "texture": "#3"},
				"west": {"uv": [8, 8, 9, 9], "texture": "#3"},
				"up": {"uv": [8, 8, 9, 9], "rotation": 90, "texture": "#3"},
				"down": {"uv": [8, 8, 9, 9], "rotation": 90, "texture": "#3"}
			}
		},
		{
			"from": [12.825, 7.925, 3.65],
			"to": [12.825, 8.875, 4.6],
			"rotation": {"angle": 0, "axis": "y", "origin": [11.075, 12.15, 6.075]},
			"faces": {
				"north": {"uv": [8, 8, 9, 9], "rotation": 270, "texture": "#3"},
				"east": {"uv": [8, 8, 9, 9], "rotation": 180, "texture": "#3"},
				"south": {"uv": [8, 8, 9, 9], "rotation": 90, "texture": "#3"},
				"west": {"uv": [8, 8, 9, 9], "texture": "#3"},
				"up": {"uv": [8, 8, 9, 9], "rotation": 90, "texture": "#3"},
				"down": {"uv": [8, 8, 9, 9], "rotation": 90, "texture": "#3"}
			}
		},
		{
			"from": [10.6, 12.15, 8.1],
			"to": [11.55, 12.15, 9.05],
			"rotation": {"angle": 0, "axis": "y", "origin": [8, 8.125, 9.375]},
			"faces": {
				"north": {"uv": [8, 8, 9, 9], "texture": "#3"},
				"east": {"uv": [8, 8, 9, 9], "texture": "#3"},
				"south": {"uv": [8, 8, 9, 9], "texture": "#3"},
				"west": {"uv": [8, 8, 9, 9], "texture": "#3"},
				"up": {"uv": [8, 8, 9, 9], "texture": "#3"},
				"down": {"uv": [8, 8, 9, 9], "texture": "#3"}
			}
		},
		{
			"from": [7.6, 12.15, 10.35],
			"to": [8.55, 12.15, 11.3],
			"rotation": {"angle": 0, "axis": "y", "origin": [8, 8.125, 9.375]},
			"faces": {
				"north": {"uv": [8, 8, 9, 9], "texture": "#3"},
				"east": {"uv": [8, 8, 9, 9], "texture": "#3"},
				"south": {"uv": [8, 8, 9, 9], "texture": "#3"},
				"west": {"uv": [8, 8, 9, 9], "texture": "#3"},
				"up": {"uv": [8, 8, 9, 9], "texture": "#3"},
				"down": {"uv": [8, 8, 9, 9], "texture": "#3"}
			}
		},
		{
			"from": [4.6, 12.15, 8.1],
			"to": [5.55, 12.15, 9.05],
			"rotation": {"angle": 0, "axis": "y", "origin": [8, 8.125, 9.375]},
			"faces": {
				"north": {"uv": [8, 8, 9, 9], "texture": "#3"},
				"east": {"uv": [8, 8, 9, 9], "texture": "#3"},
				"south": {"uv": [8, 8, 9, 9], "texture": "#3"},
				"west": {"uv": [8, 8, 9, 9], "texture": "#3"},
				"up": {"uv": [8, 8, 9, 9], "texture": "#3"},
				"down": {"uv": [8, 8, 9, 9], "texture": "#3"}
			}
		},
		{
			"from": [7.6, 12.65, 8.1],
			"to": [8.55, 12.65, 9.05],
			"rotation": {"angle": 0, "axis": "y", "origin": [8, 8.125, 9.375]},
			"faces": {
				"north": {"uv": [8, 8, 9, 9], "texture": "#3"},
				"east": {"uv": [8, 8, 9, 9], "texture": "#3"},
				"south": {"uv": [8, 8, 9, 9], "texture": "#3"},
				"west": {"uv": [8, 8, 9, 9], "texture": "#3"},
				"up": {"uv": [8, 8, 9, 9], "texture": "#3"},
				"down": {"uv": [8, 8, 9, 9], "texture": "#3"}
			}
		},
		{
			"from": [7.6, 12.15, 5.6],
			"to": [8.55, 12.15, 6.55],
			"rotation": {"angle": 0, "axis": "y", "origin": [8, 8.125, 9.375]},
			"faces": {
				"north": {"uv": [8, 8, 9, 9], "texture": "#3"},
				"east": {"uv": [8, 8, 9, 9], "texture": "#3"},
				"south": {"uv": [8, 8, 9, 9], "texture": "#3"},
				"west": {"uv": [8, 8, 9, 9], "texture": "#3"},
				"up": {"uv": [8, 8, 9, 9], "texture": "#3"},
				"down": {"uv": [8, 8, 9, 9], "texture": "#3"}
			}
		},
		{
			"from": [3.25, 8.6, 3.5],
			"to": [12.75, 11, 12.8],
			"rotation": {"angle": 0, "axis": "y", "origin": [8, 8.125, 9.375]},
			"faces": {
				"north": {"uv": [0, 0, 9.5, 2.4], "texture": "#3"},
				"east": {"uv": [0, 0, 9.3, 2.4], "texture": "#3"},
				"south": {"uv": [0, 0, 9.5, 2.4], "texture": "#3"},
				"west": {"uv": [0, 0, 9.3, 2.4], "texture": "#3"},
				"up": {"uv": [0, 0, 9.5, 9.3], "rotation": 180, "texture": "#3"},
				"down": {"uv": [0, 0, 9.5, 9.3], "rotation": 180, "texture": "#3"}
			}
		},
		{
			"from": [3.25, 7.5, 3.5],
			"to": [6.25, 8.6, 12.8],
			"rotation": {"angle": 0, "axis": "y", "origin": [8, 8.125, 9.375]},
			"faces": {
				"north": {"uv": [0, 0, 3, 1.1], "texture": "#3"},
				"east": {"uv": [0, 0, 9.3, 1.1], "texture": "#3"},
				"south": {"uv": [0, 0, 3, 1.1], "texture": "#3"},
				"west": {"uv": [0, 0, 9.3, 1.1], "texture": "#3"},
				"up": {"uv": [0, 0, 3, 9.3], "rotation": 180, "texture": "#3"},
				"down": {"uv": [0, 0, 3, 9.3], "rotation": 180, "texture": "#3"}
			}
		},
		{
			"from": [6.25, 7.5, 5.25],
			"to": [9.75, 8.6, 12.8],
			"rotation": {"angle": 0, "axis": "y", "origin": [8, 8.125, 9.375]},
			"faces": {
				"north": {"uv": [0, 0, 3.5, 1.1], "texture": "#3"},
				"east": {"uv": [0, 0, 7.55, 1.1], "texture": "#3"},
				"south": {"uv": [0, 0, 3.5, 1.1], "texture": "#3"},
				"west": {"uv": [0, 0, 7.55, 1.1], "texture": "#3"},
				"up": {"uv": [0, 0, 3.5, 7.55], "rotation": 180, "texture": "#3"},
				"down": {"uv": [0, 0, 3.5, 7.55], "rotation": 180, "texture": "#3"}
			}
		},
		{
			"from": [9.75, 7.5, 3.5],
			"to": [12.75, 8.6, 12.8],
			"rotation": {"angle": 0, "axis": "y", "origin": [8, 8.125, 9.375]},
			"faces": {
				"north": {"uv": [0, 0, 3, 1.1], "texture": "#3"},
				"east": {"uv": [0, 0, 9.3, 1.1], "texture": "#3"},
				"south": {"uv": [0, 0, 3, 1.1], "texture": "#3"},
				"west": {"uv": [0, 0, 9.3, 1.1], "texture": "#3"},
				"up": {"uv": [0, 0, 3, 9.3], "rotation": 180, "texture": "#3"},
				"down": {"uv": [0, 0, 3, 9.3], "rotation": 180, "texture": "#3"}
			}
		},
		{
			"from": [3.9, 9.5, 4.5],
			"to": [12.1, 12, 11.85],
			"rotation": {"angle": 0, "axis": "y", "origin": [8, 8.125, 9.375]},
			"faces": {
				"north": {"uv": [0, 0, 8.2, 2.5], "texture": "#3"},
				"east": {"uv": [0, 0, 7.35, 2.5], "texture": "#3"},
				"south": {"uv": [0, 0, 8.2, 2.5], "texture": "#3"},
				"west": {"uv": [0, 0, 7.35, 2.5], "texture": "#3"},
				"up": {"uv": [0, 0, 8.2, 7.35], "rotation": 180, "texture": "#3"},
				"down": {"uv": [0, 0, 8.2, 7.35], "rotation": 180, "texture": "#3"}
			}
		},
		{
			"from": [6.8, 9.15, 7.45],
			"to": [9.25, 12.65, 9.8],
			"rotation": {"angle": 0, "axis": "y", "origin": [8, 8.125, 9.375]},
			"faces": {
				"north": {"uv": [4, 4, 5, 5], "texture": "#3"},
				"east": {"uv": [4, 4, 5, 5], "texture": "#3"},
				"south": {"uv": [4, 4, 5, 5], "texture": "#3"},
				"west": {"uv": [4, 4, 5, 5], "texture": "#3"},
				"up": {"uv": [4, 4, 5, 5], "texture": "#3"},
				"down": {"uv": [4, 4, 5, 5], "texture": "#3"}
			}
		}
	],
	"display": {
		"thirdperson_righthand": {
			"rotation": [60, 0, 0],
			"translation": [-5.75, 2.25, 0]
		},
		"firstperson_righthand": {
			"rotation": [-180, -1.5, -180],
			"translation": [-8.75, -1.75, 0]
		},
		"gui": {
			"rotation": [-153.8, 36.4, 176.96],
			"translation": [0, -0.75, 0]
		},
		"head": {
			"rotation": [13.75, 0, 0],
			"translation": [0, 2, -0.25],
			"scale": [1.7, 1.7, 1.7]
		},
		"fixed": {
			"rotation": [-90, 0, 0],
			"translation": [0, -3, -2],
			"scale": [2, 2, 2]
		}
	},
	"groups": [
		{
			"name": "hat",
			"origin": [0, 0, 0],
			"color": 0,
			"children": [
				0,
				{
					"name": "white",
					"origin": [4.75, 6.49, 14.83579],
					"color": 0,
					"children": [1, 2, 3, 4, 5, 6]
				},
				{
					"name": "details",
					"origin": [8, 8.125, 9.375],
					"color": 0,
					"children": [7, 8, 9, 10, 11, 12, 13, 14, 15, 16, 17, 18, 19, 20, 21, 22, 23, 24, 25, 26, 27, 28, 29, 30, 31, 32, 33, 34, 35, 36]
				},
				{
					"name": "pink",
					"origin": [8, 8.125, 9.375],
					"color": 0,
					"children": [37, 38, 39, 40, 41, 42]
				}
			]
		}
	]
}