{
	"credit": "Made with Blockbench",
	"textures": {
		"0": "block/pumpkin_side",
		"1": "block/pumpkin_top",
		"2": "block/pumpkin_stem_1",
		"particle": "block/pumpkin_side"
	},
	"elements": [
		{
			"from": [3.5, 1, 9],
			"to": [7.5, 5, 12.25],
			"rotation": {"angle": 0, "axis": "x", "origin": [8, 0.5, 8]},
			"faces": {
				"north": {"uv": [0.032, 0.032, 3.968, 4.968], "texture": "#0"},
				"east": {"uv": [0.032, 0.032, 2.968, 4.968], "texture": "#0"},
				"south": {"uv": [11.032, 5.032, 14.968, 8.968], "texture": "#0"},
				"west": {"uv": [4.032, 7.032, 6.968, 9.968], "texture": "#0"},
				"up": {"uv": [2.032, 3.032, 5.968, 5.968], "texture": "#1"},
				"down": {"uv": [7.032, 13.032, 10.968, 15.968], "texture": "#0"}
			}
		},
		{
			"from": [8.5, 1, 9],
			"to": [12.5, 5, 12.25],
			"rotation": {"angle": 0, "axis": "x", "origin": [8, 0.5, 8]},
			"faces": {
				"north": {"uv": [0.032, 0.032, 3.968, 4.968], "texture": "#0"},
				"east": {"uv": [4.032, 6.032, 6.968, 9.968], "texture": "#0"},
				"south": {"uv": [11.032, 5.032, 14.968, 8.968], "texture": "#0"},
				"west": {"uv": [0.032, 0.032, 2.968, 4.968], "texture": "#0"},
				"up": {"uv": [2.032, 3.032, 5.968, 5.968], "texture": "#1"},
				"down": {"uv": [6.032, 13.032, 9.968, 15.968], "texture": "#0"}
			}
		},
		{
			"from": [8.5, 1, 3.75],
			"to": [12.5, 5, 7],
			"rotation": {"angle": 0, "axis": "x", "origin": [8, 0.5, 8]},
			"faces": {
				"north": {"uv": [11.032, 5.032, 14.968, 8.968], "texture": "#0"},
				"east": {"uv": [4.032, 6.032, 6.968, 9.968], "texture": "#0"},
				"south": {"uv": [0.032, 0.032, 3.968, 4.968], "texture": "#0"},
				"west": {"uv": [0.032, 0.032, 2.968, 4.968], "texture": "#0"},
				"up": {"uv": [2.032, 5.968, 5.968, 3.032], "texture": "#1"},
				"down": {"uv": [6.032, 13.032, 9.968, 15.968], "texture": "#0"}
			}
		},
		{
			"from": [3.5, 1, 3.75],
			"to": [7.5, 5, 7],
			"rotation": {"angle": 0, "axis": "x", "origin": [8, 0.5, 8]},
			"faces": {
				"north": {"uv": [11.032, 5.032, 14.968, 8.968], "texture": "#0"},
				"east": {"uv": [0.032, 0.032, 2.968, 4.968], "texture": "#0"},
				"south": {"uv": [0.032, 0.032, 3.968, 4.968], "texture": "#0"},
				"west": {"uv": [4.032, 5.032, 6.968, 9.968], "texture": "#0"},
				"up": {"uv": [2.032, 5.968, 5.968, 3.032], "texture": "#1"},
				"down": {"uv": [6.032, 13.032, 9.968, 15.968], "texture": "#0"}
			}
		},
		{
			"from": [3, 1.03, 6],
			"to": [13, 5.03, 10],
			"rotation": {"angle": 0, "axis": "x", "origin": [8, 0.5, 8]},
			"faces": {
				"north": {"uv": [3.032, 7.032, 12.968, 10.968], "texture": "#0"},
				"east": {"uv": [6.032, 6.032, 9.968, 9.968], "texture": "#0"},
				"south": {"uv": [2.032, 7.032, 11.968, 10.968], "texture": "#0"},
				"west": {"uv": [6.032, 6.032, 9.968, 9.968], "texture": "#0"},
				"up": {"uv": [3.032, 6.032, 12.968, 9.968], "texture": "#1"},
				"down": {"uv": [3.032, 12.032, 12.968, 15.968], "texture": "#0"}
			}
		},
		{
			"from": [4, 4.751, 6],
			"to": [6.25, 5.751, 10],
			"rotation": {"angle": 0, "axis": "x", "origin": [8, 0.5, 8]},
			"faces": {
				"north": {"uv": [2.032, 0.032, 3.95, 0.968], "texture": "#0"},
				"east": {"uv": [0.032, 0.032, 3.968, 0.968], "texture": "#0"},
				"south": {"uv": [2.032, 0.032, 3.95, 0.968], "texture": "#0"},
				"west": {"uv": [6.032, 0.032, 9.968, 0.968], "texture": "#0"},
				"up": {"uv": [4.032, 6.032, 5.95, 9.968], "texture": "#1"},
				"down": {"uv": [0.032, 0.032, 2.25, 3.968], "texture": "#0"}
			}
		},
		{
			"from": [9.75, 4.751, 6],
			"to": [12, 5.751, 10],
			"rotation": {"angle": 0, "axis": "x", "origin": [8, 0.5, 8]},
			"faces": {
				"north": {"uv": [0.032, 0.032, 2.25, 0.968], "texture": "#0"},
				"east": {"uv": [6.032, 8.032, 9.968, 8.968], "texture": "#0"},
				"south": {"uv": [0.032, 0.032, 2.25, 0.968], "texture": "#0"},
				"west": {"uv": [2.032, 0.032, 3.95, 0.968], "texture": "#0"},
				"up": {"uv": [10.032, 6.032, 11.968, 9.968], "texture": "#1"},
				"down": {"uv": [0.032, 0.032, 2.25, 3.968], "texture": "#0"}
			}
		},
		{
			"from": [5, 1.02, 3],
			"to": [11, 5.02, 13],
			"rotation": {"angle": 0, "axis": "y", "origin": [8, 0.5, 8]},
			"faces": {
				"north": {"uv": [5.032, 6.032, 10.968, 9.968], "texture": "#0"},
				"east": {"uv": [3.032, 6.032, 12.968, 9.968], "texture": "#0"},
				"south": {"uv": [5.032, 6.032, 10.968, 9.968], "texture": "#0"},
				"west": {"uv": [3.032, 6.032, 12.968, 9.968], "texture": "#0"},
				"up": {"uv": [3.032, 10.032, 12.968, 15.968], "rotation": 90, "texture": "#1"},
				"down": {"uv": [3.032, 10.032, 12.968, 15.968], "rotation": 270, "texture": "#0"}
			}
		},
		{
			"from": [5, 4.75, 9.75],
			"to": [11, 5.75, 12],
			"rotation": {"angle": 0, "axis": "y", "origin": [8, 0.5, 8]},
			"faces": {
				"north": {"uv": [0.032, 0.032, 5.968, 0.968], "texture": "#0"},
				"east": {"uv": [1.968, 0.032, 0.032, 0.968], "texture": "#0"},
				"south": {"uv": [5.032, 0.032, 10.968, 0.968], "texture": "#0"},
				"west": {"uv": [2.032, 0.032, 3.95, 0.968], "texture": "#0"},
				"up": {"uv": [10.032, 5.032, 11.968, 10.968], "rotation": 90, "texture": "#1"},
				"down": {"uv": [0.032, 0.032, 2.25, 5.968], "rotation": 270, "texture": "#0"}
			}
		},
		{
			"from": [7, 4.75, 7],
			"to": [9, 7.75, 9],
			"rotation": {"angle": 0, "axis": "y", "origin": [8, 0.5, 8]},
			"faces": {
				"north": {"uv": [7.032, 8.968, 8.968, 6.032], "texture": "#1"},
				"east": {"uv": [7.032, 8.968, 8.968, 6.032], "texture": "#1"},
				"south": {"uv": [7.032, 8.968, 8.968, 6.032], "texture": "#1"},
				"west": {"uv": [7.032, 8.968, 8.968, 6.032], "texture": "#1"},
				"up": {"uv": [7.032, 7.032, 8.968, 8.968], "rotation": 90, "texture": "#1"},
				"down": {"uv": [0.032, 0.032, 1.968, 1.968], "rotation": 270, "texture": "#1"}
			}
		},
		{
			"from": [5, 4.75, 4],
			"to": [11, 5.75, 6.25],
			"rotation": {"angle": 0, "axis": "y", "origin": [8, 0.5, 8]},
			"faces": {
				"north": {"uv": [5.032, 0.032, 10.968, 0.968], "texture": "#0"},
				"east": {"uv": [2.032, 0.032, 3.95, 0.968], "texture": "#0"},
				"south": {"uv": [0.032, 0.032, 5.968, 0.968], "texture": "#0"},
				"west": {"uv": [3.95, 0.032, 2.032, 0.968], "texture": "#0"},
				"up": {"uv": [4.032, 5.032, 5.95, 10.968], "rotation": 90, "texture": "#1"},
				"down": {"uv": [0.032, 0.032, 2.25, 5.968], "rotation": 270, "texture": "#0"}
			}
		},
		{
			"from": [3.43459, 8.2, 1.93068],
			"to": [7.43459, 8.2, 4.93068],
			"rotation": {"angle": -22.5, "axis": "x", "origin": [10.18459, 9.2, 9.68068]},
			"faces": {
				"north": {"uv": [0.032, 0.032, 0.032, 0.032], "texture": "#2"},
				"east": {"uv": [0.032, 0.032, 0.032, 0.032], "texture": "#2"},
				"south": {"uv": [0.032, 0.032, 0.032, 0.032], "texture": "#2"},
				"west": {"uv": [0.032, 0.032, 0.032, 0.032], "texture": "#2"},
				"up": {"uv": [1.032, 11.032, 5.968, 14.968], "rotation": 180, "texture": "#2"},
				"down": {"uv": [1.032, 14.968, 5.968, 11.032], "rotation": 180, "texture": "#2"}
			}
		},
		{
			"from": [9.23934, 6.2, 7.71091],
			"to": [12.23934, 6.2, 11.71091],
			"rotation": {"angle": -22.5, "axis": "y", "origin": [10.43934, 6, 10.11091]},
			"faces": {
				"north": {"uv": [0.032, 0.032, 0.032, 0.032], "texture": "#2"},
				"east": {"uv": [0.032, 0.032, 0.032, 0.032], "texture": "#2"},
				"south": {"uv": [0.032, 0.032, 0.032, 0.032], "texture": "#2"},
				"west": {"uv": [0.032, 0.032, 0.032, 0.032], "texture": "#2"},
				"up": {"uv": [1.032, 11.032, 5.968, 14.968], "rotation": 270, "texture": "#2"},
				"down": {"uv": [1.032, 14.968, 5.968, 11.032], "rotation": 90, "texture": "#2"}
			}
		}
	],
	"display": {
		"thirdperson_righthand": {
			"rotation": [65, 0, 0],
			"translation": [-6, 4.25, 4.75]
		},
		"firstperson_righthand": {
			"translation": [1.25, 0, -3.5]
		},
		"ground": {
			"translation": [0, 3, 0]
		},
		"gui": {
			"rotation": [35.25, 28.75, 0],
			"translation": [0, 3.75, 0]
		},
		"head": {
			"rotation": [19.75, 0, 0],
			"translation": [0, 13.25, 3.75],
			"scale": [1.7, 1.7, 1.7]
		},
		"fixed": {
			"rotation": [-90, 0, 0],
			"translation": [0, 0, -18],
			"scale": [2.7, 2.7, 2.7]
		}
	},
	"groups": [
		{
			"name": "group",
			"origin": [0, 0, 0],
			"color": 0,
			"children": [
				0,
				1,
				2,
				3,
				4,
				5,
				6,
				7,
				8,
				9,
				10,
				{
					"name": "leaves",
					"origin": [0, 0, 0],
					"color": 0,
					"children": [11, 12]
				}
			]
		}
	]
}