{
  "variants": {
    "": [
      { "model": "minecraft:block/dandelion/dandelion_1", "y": 0, "weight": 8 },
      { "model": "minecraft:block/dandelion/dandelion_1", "y": 90, "weight": 8 },
      { "model": "minecraft:block/dandelion/dandelion_1", "y": 180, "weight": 8 },
      { "model": "minecraft:block/dandelion/dandelion_1", "y": 270, "weight": 8 },

      { "model": "minecraft:block/dandelion/dandelion_2", "y": 0, "weight": 8 },
      { "model": "minecraft:block/dandelion/dandelion_2", "y": 90, "weight": 8 },
      { "model": "minecraft:block/dandelion/dandelion_2", "y": 180, "weight": 8 },
      { "model": "minecraft:block/dandelion/dandelion_2", "y": 270, "weight": 8 },

      { "model": "minecraft:block/dandelion/dandelion_3", "y": 0, "weight": 8 },
      { "model": "minecraft:block/dandelion/dandelion_3", "y": 90, "weight": 8 },
      { "model": "minecraft:block/dandelion/dandelion_3", "y": 180, "weight": 8 },
      { "model": "minecraft:block/dandelion/dandelion_3", "y": 270, "weight": 8 }
        ]
              }
}
Made by Ensis
