{
	"credit": "Made with Blockbench",
	"textures": {
		"1": "block/mushrooms/brown_mushroom3"
	},
	"elements": [
		{
			"from": [5.5, 6, 5.5],
			"to": [10.5, 7, 10.5],
			"rotation": {"angle": 0, "axis": "y", "origin": [1, 0, 10.5]},
			"faces": {
				"north": {"uv": [6, 10, 1, 11], "texture": "#1"},
				"east": {"uv": [6, 10, 1, 11], "texture": "#1"},
				"south": {"uv": [6, 10, 1, 11], "texture": "#1"},
				"west": {"uv": [6, 10, 1, 11], "texture": "#1"},
				"down": {"uv": [14, 1, 9, 6], "texture": "#1"}
			}
		},
		{
			"from": [6.5, 3, 6.5],
			"to": [9.5, 6, 9.5],
			"rotation": {"angle": 0, "axis": "y", "origin": [6, 1, 12.5]},
			"faces": {
				"north": {"uv": [13, 9, 10, 12], "texture": "#1"},
				"east": {"uv": [13, 9, 10, 12], "texture": "#1"},
				"south": {"uv": [13, 9, 10, 12], "texture": "#1"},
				"west": {"uv": [13, 9, 10, 12], "texture": "#1"},
				"up": {"uv": [13, 0, 9, 4], "texture": "#1"}
			}
		},
		{
			"from": [4.5, 7, 4.5],
			"to": [11.5, 9, 11.5],
			"rotation": {"angle": 0, "axis": "y", "origin": [6.5, 8, 3.5]},
			"faces": {
				"north": {"uv": [0, 8, 7, 10], "texture": "#1"},
				"east": {"uv": [0, 8, 7, 10], "texture": "#1"},
				"south": {"uv": [0, 8, 7, 10], "texture": "#1"},
				"west": {"uv": [0, 8, 7, 10], "texture": "#1"},
				"up": {"uv": [0, 0, 7, 7], "texture": "#1"},
				"down": {"uv": [8, 0, 15, 7], "texture": "#1"}
			}
		},
		{
			"from": [7, 0, 7],
			"to": [9, 3, 9],
			"rotation": {"angle": 0, "axis": "y", "origin": [7, 1, 7]},
			"faces": {
				"north": {"uv": [14, 8, 16, 11], "texture": "#1"},
				"east": {"uv": [14, 8, 16, 11], "texture": "#1"},
				"south": {"uv": [14, 8, 16, 11], "texture": "#1"},
				"west": {"uv": [14, 8, 16, 11], "texture": "#1"}
			}
		}
	]
}