{
	"credit": "Made with Blockbench",
	"textures": {
		"0": "block/mushrooms/brown_mushroom1",
		"1": "block/mushrooms/pixie_house1",
		"2": "block/mushrooms/pixie_house2",
		"particle": "block/mushrooms/brown_mushroom1",
		"3_1": "block/mushrooms/brown_mushroom2"
	},
	"elements": [
		{
			"from": [3.65981, 0, 5.3261],
			"to": [10.65981, 6, 13.3261],
			"rotation": {"angle": 0, "axis": "y", "origin": [-8.85238, -8, 25.3261]},
			"faces": {
				"north": {"uv": [7, 8, 0, 14], "texture": "#2"},
				"east": {"uv": [14, 8, 6, 14], "texture": "#2"},
				"south": {"uv": [7, 8, 0, 14], "texture": "#1"},
				"west": {"uv": [14, 8, 6, 14], "texture": "#1"}
			}
		},
		{
			"from": [4.65981, 6, 13.3261],
			"to": [9.65981, 9, 13.3261],
			"rotation": {"angle": 0, "axis": "y", "origin": [3.65981, 0, 13.3261]},
			"faces": {
				"south": {"uv": [6, 5, 1, 8], "texture": "#2"}
			}
		},
		{
			"from": [4.65981, 6, 5.3261],
			"to": [9.65981, 9, 5.3261],
			"rotation": {"angle": 0, "axis": "y", "origin": [3.65981, 0, 13.3261]},
			"faces": {
				"north": {"uv": [6, 5, 1, 8], "texture": "#2"}
			}
		},
		{
			"from": [-4.1539, 8.18629, 4.3261],
			"to": [-3.1539, 14.18629, 14.3261],
			"rotation": {"angle": -45, "axis": "z", "origin": [-4.1539, -1.81371, 12.7261]},
			"faces": {
				"north": {"uv": [1, 8, 0, 14], "texture": "#2"},
				"east": {"uv": [5, 6, 4, 7], "texture": "#2"},
				"south": {"uv": [1, 8, 0, 14], "texture": "#2"},
				"west": {"uv": [16, 0, 6, 6], "texture": "#1"},
				"up": {"uv": [6, 0, 16, 1], "rotation": 90, "texture": "#1"},
				"down": {"uv": [15, 14, 16, 4], "texture": "#2"}
			}
		},
		{
			"from": [17.47352, 8.18488, 4.3261],
			"to": [18.47352, 13.18488, 14.3261],
			"rotation": {"angle": 45, "axis": "z", "origin": [18.47352, -1.81512, 12.7261]},
			"faces": {
				"north": {"uv": [1, 9, 0, 14], "texture": "#2"},
				"east": {"uv": [16, 1, 6, 6], "texture": "#1"},
				"south": {"uv": [1, 9, 0, 14], "texture": "#2"},
				"west": {"uv": [4, 6, 5, 7], "texture": "#2"},
				"down": {"uv": [15, 14, 16, 4], "texture": "#2"}
			}
		},
		{
			"from": [1.75981, 0, 3.1261],
			"to": [5.75981, 3, 7.1261],
			"rotation": {"angle": 0, "axis": "y", "origin": [14.15981, 0, 9.3261]},
			"faces": {
				"north": {"uv": [13, 9, 9, 12], "texture": "#0"},
				"east": {"uv": [13, 9, 9, 12], "texture": "#0"},
				"south": {"uv": [13, 9, 9, 12], "texture": "#0"},
				"west": {"uv": [13, 9, 9, 12], "texture": "#0"},
				"up": {"uv": [9, 4, 13, 0], "texture": "#0"}
			}
		},
		{
			"from": [0.25981, 10, 1.6261],
			"to": [7.25981, 11, 2.6261],
			"rotation": {"angle": 0, "axis": "y", "origin": [16.65981, 2, 3.8261]},
			"faces": {
				"north": {"uv": [7, 11, 0, 12], "texture": "#0"},
				"east": {"uv": [0, 11, 1, 12], "texture": "#0"},
				"west": {"uv": [6, 11, 7, 12], "texture": "#0"},
				"up": {"uv": [0, 11, 7, 12], "texture": "#0"},
				"down": {"uv": [0, 11, 7, 12], "texture": "#0"}
			}
		},
		{
			"from": [1.25981, 10, 2.6261],
			"to": [6.25981, 16, 7.6261],
			"rotation": {"angle": 0, "axis": "y", "origin": [5.65981, -2, 16.8261]},
			"faces": {
				"north": {"uv": [6, 6, 1, 12], "texture": "#0"},
				"east": {"uv": [6, 6, 1, 12], "texture": "#0"},
				"south": {"uv": [6, 6, 1, 12], "texture": "#0"},
				"west": {"uv": [6, 6, 1, 12], "texture": "#0"},
				"up": {"uv": [1, 5, 6, 0], "texture": "#0"},
				"down": {"uv": [8, 5, 13, 0], "texture": "#0"}
			}
		},
		{
			"from": [6.25981, 10, 2.6261],
			"to": [7.25981, 11, 7.6261],
			"rotation": {"angle": 0, "axis": "y", "origin": [23.65981, 2, 2.8261]},
			"faces": {
				"east": {"uv": [6, 11, 1, 12], "texture": "#0"},
				"up": {"uv": [1, 11, 6, 12], "rotation": 90, "texture": "#0"},
				"down": {"uv": [1, 11, 6, 12], "rotation": 270, "texture": "#0"}
			}
		},
		{
			"from": [0.25981, 10, 7.6261],
			"to": [7.25981, 11, 8.6261],
			"rotation": {"angle": 0, "axis": "y", "origin": [11.25981, 10.5, 6.6261]},
			"faces": {
				"east": {"uv": [6, 11, 7, 12], "texture": "#0"},
				"south": {"uv": [7, 11, 0, 12], "texture": "#0"},
				"west": {"uv": [0, 11, 1, 12], "texture": "#0"},
				"up": {"uv": [7, 12, 0, 11], "texture": "#0"},
				"down": {"uv": [7, 12, 0, 11], "texture": "#0"}
			}
		},
		{
			"from": [0.25981, 10, 2.6261],
			"to": [1.25981, 11, 7.6261],
			"rotation": {"angle": 0, "axis": "y", "origin": [11.25981, 10.5, 6.6261]},
			"faces": {
				"west": {"uv": [6, 11, 1, 12], "texture": "#0"},
				"up": {"uv": [6, 12, 1, 11], "rotation": 90, "texture": "#0"},
				"down": {"uv": [6, 12, 1, 11], "rotation": 270, "texture": "#0"}
			}
		},
		{
			"from": [2.75981, 3, 4.1261],
			"to": [4.75981, 10, 6.1261],
			"rotation": {"angle": 0, "axis": "y", "origin": [8.15981, -2, 8.3261]},
			"faces": {
				"north": {"uv": [16, 0, 14, 7], "texture": "#0"},
				"east": {"uv": [16, 0, 14, 7], "texture": "#0"},
				"south": {"uv": [16, 0, 14, 7], "texture": "#0"},
				"west": {"uv": [16, 0, 14, 7], "texture": "#0"}
			}
		},
		{
			"from": [5.65981, 0, 13.3261],
			"to": [8.65981, 3, 13.8261],
			"rotation": {"angle": 0, "axis": "y", "origin": [-0.68038, -8, 18.6522]},
			"faces": {
				"east": {"uv": [4.5, 11, 5, 14], "texture": "#1"},
				"south": {"uv": [2, 11, 5, 14], "texture": "#1"},
				"west": {"uv": [2, 11, 2.5, 14], "texture": "#1"},
				"up": {"uv": [2, 11, 5, 11.5], "texture": "#1"}
			}
		},
		{
			"from": [3.75981, 4.82843, 9.49767],
			"to": [7.75981, 8.82843, 13.49767],
			"rotation": {"angle": 45, "axis": "x", "origin": [3.65981, 8.82843, 9.49767]},
			"faces": {
				"north": {"uv": [12, 2, 16, 6], "texture": "#1"},
				"west": {"uv": [7, 0, 3, 4], "texture": "#2"},
				"up": {"uv": [6, 0, 10, 4], "texture": "#1"}
			}
		},
		{
			"from": [2.00981, 13.43934, 6.97965],
			"to": [5.50981, 14.43934, 8.97965],
			"rotation": {"angle": 45, "axis": "x", "origin": [2.75981, 13.93934, 7.97965]},
			"faces": {
				"east": {"uv": [5, 0, 3, 1], "texture": "#2"},
				"south": {"uv": [6.5, 0, 3, 1], "texture": "#2"},
				"west": {"uv": [5, 0, 3, 1], "texture": "#2"},
				"up": {"uv": [13.3, 0, 9.8, 2], "rotation": 180, "texture": "#1"}
			}
		},
		{
			"from": [2.25981, 11, 7.6261],
			"to": [5.25981, 14, 8.6261],
			"rotation": {"angle": 0, "axis": "y", "origin": [5.25981, 11, 7.6261]},
			"faces": {
				"east": {"uv": [6, 7, 5, 10], "texture": "#1"},
				"south": {"uv": [5, 7, 2, 10], "texture": "#1"},
				"west": {"uv": [2, 7, 1, 10], "texture": "#1"}
			}
		},
		{
			"from": [5.61336, 13.43934, 3.3761],
			"to": [7.61336, 14.43934, 6.8761],
			"rotation": {"angle": -45, "axis": "z", "origin": [6.61336, 13.93934, 4.1261]},
			"faces": {
				"north": {"uv": [3, 0, 5, 1], "texture": "#2"},
				"east": {"uv": [3, 0, 6.5, 1], "texture": "#2"},
				"south": {"uv": [3, 0, 5, 1], "texture": "#2"},
				"up": {"uv": [9.8, 0, 13.3, 2], "rotation": 90, "texture": "#1"}
			}
		},
		{
			"from": [6.25981, 11, 3.6261],
			"to": [7.25981, 14, 6.6261],
			"rotation": {"angle": 0, "axis": "y", "origin": [6.25981, 11, 6.6261]},
			"faces": {
				"north": {"uv": [1, 7, 2, 10], "texture": "#1"},
				"east": {"uv": [2, 7, 5, 10], "texture": "#1"},
				"south": {"uv": [5, 7, 6, 10], "texture": "#1"}
			}
		},
		{
			"from": [12, 3, 9.1],
			"to": [14, 8, 11.1],
			"rotation": {"angle": 0, "axis": "y", "origin": [-0.5, 0, 12]},
			"faces": {
				"north": {"uv": [16, 2, 14, 7], "texture": "#3_1"},
				"east": {"uv": [16, 2, 14, 7], "texture": "#3_1"},
				"south": {"uv": [16, 2, 14, 7], "texture": "#3_1"},
				"west": {"uv": [16, 2, 14, 7], "texture": "#3_1"}
			}
		},
		{
			"from": [11, 0, 8.1],
			"to": [15, 3, 12.1],
			"rotation": {"angle": 0, "axis": "y", "origin": [5.5, 0, 13]},
			"faces": {
				"north": {"uv": [13, 9, 9, 12], "texture": "#3_1"},
				"east": {"uv": [13, 9, 9, 12], "texture": "#3_1"},
				"south": {"uv": [13, 9, 9, 12], "texture": "#3_1"},
				"west": {"uv": [13, 9, 9, 12], "texture": "#3_1"},
				"up": {"uv": [13, 0, 9, 4], "texture": "#3_1"}
			}
		},
		{
			"from": [10, 8, 7.1],
			"to": [16, 10, 13.1],
			"rotation": {"angle": 0, "axis": "y", "origin": [6, 8, 4]},
			"faces": {
				"north": {"uv": [0, 7, 6, 9], "texture": "#3_1"},
				"east": {"uv": [0, 7, 6, 9], "texture": "#3_1"},
				"south": {"uv": [0, 7, 6, 9], "texture": "#3_1"},
				"west": {"uv": [0, 7, 6, 9], "texture": "#3_1"},
				"up": {"uv": [0, 0, 6, 6], "texture": "#3_1"},
				"down": {"uv": [7, 0, 13, 6], "texture": "#3_1"}
			}
		},
		{
			"from": [8.15981, 6.5, 5.4261],
			"to": [10.15981, 10.5, 7.4261],
			"rotation": {"angle": 0, "axis": "y", "origin": [8.15981, 9.5, 14.3261]},
			"faces": {
				"north": {"uv": [0, 0, 2, 4], "texture": "#1"},
				"east": {"uv": [0, 0, 2, 4], "texture": "#1"},
				"south": {"uv": [0, 0, 2, 4], "texture": "#1"},
				"west": {"uv": [0, 0, 2, 4], "texture": "#1"},
				"up": {"uv": [2, 0, 4, 2], "texture": "#1"}
			}
		}
	],
	"groups": [
		0,
		1,
		2,
		3,
		4,
		5,
		6,
		7,
		8,
		9,
		10,
		11,
		12,
		13,
		14,
		15,
		16,
		17,
		{
			"name": "red_mushroom2",
			"origin": [8, 8, 8],
			"color": 0,
			"children": [18, 19, 20]
		},
		21
	]
}