{
	"credit": "Made with Blockbench",
	"textures": {
		"0": "block/mushrooms/tree_fungi1",
		"1": "block/dark_oak_log",
		"2": "block/dark_oak_log_top",
		"particle": "block/mushrooms/tree_fungi1"
	},
	"elements": [
		{
			"from": [0, 0, 0],
			"to": [16, 16, 16],
			"faces": {
				"north": {"uv": [0, 0, 16, 16], "texture": "#1", "cullface": "north"},
				"east": {"uv": [0, 0, 16, 16], "texture": "#1", "cullface": "east"},
				"south": {"uv": [0, 0, 16, 16], "texture": "#1", "cullface": "south"},
				"west": {"uv": [0, 0, 16, 16], "texture": "#1", "cullface": "west"},
				"up": {"uv": [0, 0, 16, 16], "texture": "#2", "cullface": "up"},
				"down": {"uv": [0, 0, 16, 16], "texture": "#2", "cullface": "down"}
			}
		},
		{
			"from": [-5, 8, 1],
			"to": [0, 10, 10],
			"faces": {
				"north": {"uv": [0, 6, 5, 8], "texture": "#0", "cullface": "west"},
				"south": {"uv": [4, 6, 9, 8], "texture": "#0", "cullface": "west"},
				"west": {"uv": [0, 6, 9, 8], "texture": "#0", "cullface": "west"},
				"up": {"uv": [0, 0, 9, 5], "rotation": 90, "texture": "#0", "cullface": "west"},
				"down": {"uv": [0, 9, 9, 14], "rotation": 90, "texture": "#0", "cullface": "west"}
			}
		},
		{
			"from": [-3, 7, 3],
			"to": [0, 8, 8],
			"rotation": {"angle": 0, "axis": "y", "origin": [0, 7, 4]},
			"faces": {
				"north": {"uv": [2, 9, 3, 12], "rotation": 90, "texture": "#0", "cullface": "west"},
				"south": {"uv": [6, 9, 7, 12], "rotation": 90, "texture": "#0", "cullface": "west"},
				"west": {"uv": [2, 9, 7, 10], "texture": "#0", "cullface": "west"},
				"down": {"uv": [2, 9, 7, 12], "rotation": 90, "texture": "#0", "cullface": "west"}
			}
		},
		{
			"from": [2, 13, 16],
			"to": [11, 15, 21],
			"rotation": {"angle": 0, "axis": "y", "origin": [12, 0, 12]},
			"faces": {
				"east": {"uv": [4, 6, 9, 8], "texture": "#0", "cullface": "south"},
				"south": {"uv": [0, 6, 9, 8], "texture": "#0", "cullface": "south"},
				"west": {"uv": [0, 6, 5, 8], "texture": "#0", "cullface": "south"},
				"up": {"uv": [9, 5, 0, 0], "rotation": 180, "texture": "#0", "cullface": "south"},
				"down": {"uv": [9, 14, 0, 9], "texture": "#0", "cullface": "south"}
			}
		},
		{
			"from": [4, 12, 16],
			"to": [9, 13, 19],
			"rotation": {"angle": 0, "axis": "y", "origin": [16, 7, 12]},
			"faces": {
				"east": {"uv": [6, 9, 7, 12], "rotation": 90, "texture": "#0", "cullface": "south"},
				"south": {"uv": [2, 9, 7, 10], "texture": "#0", "cullface": "south"},
				"west": {"uv": [2, 9, 3, 12], "rotation": 90, "texture": "#0", "cullface": "south"},
				"down": {"uv": [7, 12, 2, 9], "texture": "#0", "cullface": "south"}
			}
		},
		{
			"from": [1, 3, 16],
			"to": [10, 5, 21],
			"rotation": {"angle": 0, "axis": "y", "origin": [12, 0, 12]},
			"faces": {
				"east": {"uv": [4, 6, 9, 8], "texture": "#0", "cullface": "south"},
				"south": {"uv": [0, 6, 9, 8], "texture": "#0", "cullface": "south"},
				"west": {"uv": [0, 6, 5, 8], "texture": "#0", "cullface": "south"},
				"up": {"uv": [9, 5, 0, 0], "rotation": 180, "texture": "#0", "cullface": "south"},
				"down": {"uv": [9, 14, 0, 9], "texture": "#0", "cullface": "south"}
			}
		},
		{
			"from": [3, 2, 16],
			"to": [8, 3, 19],
			"rotation": {"angle": 0, "axis": "y", "origin": [16, 7, 12]},
			"faces": {
				"east": {"uv": [6, 9, 7, 12], "rotation": 90, "texture": "#0", "cullface": "south"},
				"south": {"uv": [2, 9, 7, 10], "texture": "#0", "cullface": "south"},
				"west": {"uv": [2, 9, 3, 12], "rotation": 90, "texture": "#0", "cullface": "south"},
				"down": {"uv": [7, 12, 2, 9], "texture": "#0", "cullface": "south"}
			}
		},
		{
			"from": [6, 8, 16],
			"to": [15, 10, 21],
			"rotation": {"angle": 0, "axis": "y", "origin": [12, 0, 12]},
			"faces": {
				"east": {"uv": [4, 6, 9, 8], "texture": "#0", "cullface": "south"},
				"south": {"uv": [0, 6, 9, 8], "texture": "#0", "cullface": "south"},
				"west": {"uv": [0, 6, 5, 8], "texture": "#0", "cullface": "south"},
				"up": {"uv": [9, 5, 0, 0], "rotation": 180, "texture": "#0", "cullface": "south"},
				"down": {"uv": [9, 14, 0, 9], "texture": "#0", "cullface": "south"}
			}
		},
		{
			"from": [8, 7, 16],
			"to": [13, 8, 19],
			"rotation": {"angle": 0, "axis": "y", "origin": [16, 7, 12]},
			"faces": {
				"east": {"uv": [6, 9, 7, 12], "rotation": 90, "texture": "#0", "cullface": "south"},
				"south": {"uv": [2, 9, 7, 10], "texture": "#0", "cullface": "south"},
				"west": {"uv": [2, 9, 3, 12], "rotation": 90, "texture": "#0", "cullface": "south"},
				"down": {"uv": [7, 12, 2, 9], "texture": "#0", "cullface": "south"}
			}
		},
		{
			"from": [-5, 12, 6],
			"to": [0, 14, 15],
			"faces": {
				"north": {"uv": [0, 6, 5, 8], "texture": "#0", "cullface": "west"},
				"south": {"uv": [4, 6, 9, 8], "texture": "#0", "cullface": "west"},
				"west": {"uv": [0, 6, 9, 8], "texture": "#0", "cullface": "west"},
				"up": {"uv": [0, 0, 9, 5], "rotation": 90, "texture": "#0", "cullface": "west"},
				"down": {"uv": [0, 9, 9, 14], "rotation": 90, "texture": "#0", "cullface": "west"}
			}
		},
		{
			"from": [-3, 11, 8],
			"to": [0, 12, 13],
			"rotation": {"angle": 0, "axis": "y", "origin": [0, 7, 4]},
			"faces": {
				"north": {"uv": [2, 9, 3, 12], "rotation": 90, "texture": "#0", "cullface": "west"},
				"south": {"uv": [6, 9, 7, 12], "rotation": 90, "texture": "#0", "cullface": "west"},
				"west": {"uv": [2, 9, 7, 10], "texture": "#0", "cullface": "west"},
				"down": {"uv": [2, 9, 7, 12], "rotation": 90, "texture": "#0", "cullface": "west"}
			}
		}
	]
}