{
	"credit": "Made with Blockbench",
	"textures": {
		"0": "block/mushrooms/red_mushroom1",
		"particle": "block/mushrooms/red_mushroom1"
	},
	"elements": [
		{
			"from": [5.5, 5, 5.5],
			"to": [10.5, 11, 10.5],
			"rotation": {"angle": 0, "axis": "y", "origin": [3, 0, 16.5]},
			"faces": {
				"north": {"uv": [6, 6, 1, 12], "texture": "#0"},
				"east": {"uv": [6, 6, 1, 12], "texture": "#0"},
				"south": {"uv": [6, 6, 1, 12], "texture": "#0"},
				"west": {"uv": [6, 6, 1, 12], "texture": "#0"},
				"up": {"uv": [1, 5, 6, 0], "texture": "#0"},
				"down": {"uv": [8, 5, 13, 0], "texture": "#0"}
			}
		},
		{
			"from": [4.5, 5, 4.5],
			"to": [11.5, 6, 5.5],
			"rotation": {"angle": 0, "axis": "y", "origin": [14, 4, 3.5]},
			"faces": {
				"north": {"uv": [7, 11, 0, 12], "texture": "#0"},
				"east": {"uv": [0, 11, 1, 12], "texture": "#0"},
				"west": {"uv": [6, 11, 7, 12], "texture": "#0"},
				"up": {"uv": [0, 11, 7, 12], "texture": "#0"},
				"down": {"uv": [0, 11, 7, 12], "texture": "#0"}
			}
		},
		{
			"from": [4.5, 5, 5.5],
			"to": [5.5, 6, 10.5],
			"rotation": {"angle": 0, "axis": "y", "origin": [-5, 4, 13.5]},
			"faces": {
				"west": {"uv": [6, 11, 1, 12], "texture": "#0"},
				"up": {"uv": [6, 12, 1, 11], "rotation": 90, "texture": "#0"},
				"down": {"uv": [6, 12, 1, 11], "rotation": 270, "texture": "#0"}
			}
		},
		{
			"from": [4.5, 5, 10.5],
			"to": [11.5, 6, 11.5],
			"rotation": {"angle": 0, "axis": "y", "origin": [2, 4, 12.5]},
			"faces": {
				"east": {"uv": [6, 11, 7, 12], "texture": "#0"},
				"south": {"uv": [7, 11, 0, 12], "texture": "#0"},
				"west": {"uv": [0, 11, 1, 12], "texture": "#0"},
				"up": {"uv": [7, 12, 0, 11], "texture": "#0"},
				"down": {"uv": [7, 12, 0, 11], "texture": "#0"}
			}
		},
		{
			"from": [10.5, 5, 5.5],
			"to": [11.5, 6, 10.5],
			"rotation": {"angle": 0, "axis": "y", "origin": [21, 4, 2.5]},
			"faces": {
				"east": {"uv": [6, 11, 1, 12], "texture": "#0"},
				"up": {"uv": [1, 11, 6, 12], "rotation": 90, "texture": "#0"},
				"down": {"uv": [1, 11, 6, 12], "rotation": 270, "texture": "#0"}
			}
		},
		{
			"from": [6, 0, 6],
			"to": [10, 3, 10],
			"rotation": {"angle": 0, "axis": "y", "origin": [11.5, 0, 9]},
			"faces": {
				"north": {"uv": [13, 9, 9, 12], "texture": "#0"},
				"east": {"uv": [13, 9, 9, 12], "texture": "#0"},
				"south": {"uv": [13, 9, 9, 12], "texture": "#0"},
				"west": {"uv": [13, 9, 9, 12], "texture": "#0"},
				"up": {"uv": [13, 0, 9, 4], "texture": "#0"}
			}
		},
		{
			"from": [7, 3, 7],
			"to": [9, 5, 9],
			"rotation": {"angle": 0, "axis": "y", "origin": [5.5, 0, 8]},
			"faces": {
				"north": {"uv": [16, 5, 14, 7], "texture": "#0"},
				"east": {"uv": [16, 5, 14, 7], "texture": "#0"},
				"south": {"uv": [16, 5, 14, 7], "texture": "#0"},
				"west": {"uv": [16, 5, 14, 7], "texture": "#0"}
			}
		}
	]
}