{
	"parent": "minecraft:block/cube_column",
	"textures": {
		"2": "block/mushroom_stem",
		"3": "block/mushroom_block_inside",
		"4": "block/brown_mushroom_block",
		"particle": "block/brown_mushroom_block"
	},
	"elements": [
		{
			"from": [7, 0, 7],
			"to": [9, 8, 9],
			"faces": {
				"north": {"uv": [14, 0, 16, 8], "texture": "#2"},
				"east": {"uv": [10, 4, 12, 12], "texture": "#2"},
				"south": {"uv": [0, 0, 2, 8], "texture": "#2"},
				"west": {"uv": [3, 5, 5, 13], "texture": "#2"},
				"up": {"uv": [0, 0, 2, 2], "texture": "#missing"},
				"down": {"uv": [13, 10, 15, 12], "texture": "#2"}
			}
		},
		{
			"from": [4, 8, 4],
			"to": [12, 10, 12],
			"faces": {
				"north": {"uv": [0, 2, 8, 4], "texture": "#4"},
				"east": {"uv": [3, 9, 11, 11], "texture": "#4"},
				"south": {"uv": [0, 0, 8, 2], "texture": "#4"},
				"west": {"uv": [8, 1, 16, 3], "texture": "#4"},
				"up": {"uv": [0, 0, 8, 8], "texture": "#4"},
				"down": {"uv": [4, 2, 12, 10], "texture": "#3"}
			}
		},
		{
			"from": [3, 6, 3],
			"to": [13, 8, 5],
			"faces": {
				"north": {"uv": [0, 0, 10, 2], "texture": "#4"},
				"east": {"uv": [9, 10, 11, 12], "texture": "#4"},
				"south": {"uv": [0, 0, 10, 2], "texture": "#3"},
				"west": {"uv": [0, 0, 2, 2], "texture": "#4"},
				"up": {"uv": [0, 0, 10, 2], "texture": "#4"},
				"down": {"uv": [0, 0, 10, 2], "texture": "#3"}
			}
		},
		{
			"from": [3, 6, 11],
			"to": [13, 8, 13],
			"faces": {
				"north": {"uv": [0, 0, 10, 2], "texture": "#3"},
				"east": {"uv": [5, 2, 7, 4], "texture": "#4"},
				"south": {"uv": [0, 7, 9, 9], "texture": "#4"},
				"west": {"uv": [0, 0, 2, 2], "texture": "#4"},
				"up": {"uv": [0, 0, 10, 2], "texture": "#4"},
				"down": {"uv": [0, 0, 10, 2], "texture": "#3"}
			}
		},
		{
			"from": [11, 6, 5],
			"to": [13, 8, 11],
			"faces": {
				"north": {"uv": [0, 0, 2, 2], "texture": "#missing"},
				"east": {"uv": [0, 3, 6, 5], "texture": "#4"},
				"south": {"uv": [0, 0, 2, 2], "texture": "#missing"},
				"west": {"uv": [0, 0, 6, 2], "texture": "#3"},
				"up": {"uv": [0, 0, 2, 6], "texture": "#4"},
				"down": {"uv": [11, 5, 13, 11], "texture": "#3"}
			}
		},
		{
			"from": [3, 6, 5],
			"to": [5, 8, 11],
			"faces": {
				"north": {"uv": [0, 0, 2, 2], "texture": "#missing"},
				"east": {"uv": [0, 0, 6, 2], "texture": "#3"},
				"south": {"uv": [0, 0, 2, 2], "texture": "#missing"},
				"west": {"uv": [1, 2, 7, 4], "texture": "#4"},
				"up": {"uv": [0, 0, 2, 6], "texture": "#4"},
				"down": {"uv": [14, 1, 16, 7], "texture": "#3"}
			}
		}
	],
	"groups": [
		{
			"name": "red_mushroom",
			"origin": [8, 8, 8],
			"color": 0,
			"children": []
		}, 0, 1, 2, 3, 4, 5]
}
