{
	"credit": "Made by Botany",
	"textures": {
		"0": "block/nether_wart_stage2",
		"particle": "block/nether_wart_stage2"
	},
	"elements": [
		{
			"from": [2, 0, 8],
			"to": [5, 8, 11],
			"faces": {
				"north": {"uv": [12, 8, 14, 14], "texture": "#0"},
				"east": {"uv": [12, 7, 14, 13], "texture": "#0"},
				"south": {"uv": [12, 8, 14, 14], "texture": "#0"},
				"west": {"uv": [12, 7, 14, 13], "texture": "#0"},
				"up": {"uv": [0, 0, 2, 2], "texture": "#missing"},
				"down": {"uv": [12, 11, 14, 13], "texture": "#0"}
			}
		},
		{
			"from": [2, 12, 8],
			"to": [5, 13, 11],
			"faces": {
				"north": {"uv": [12, 5, 15, 6], "texture": "#0"},
				"east": {"uv": [7, 11, 10, 12], "texture": "#0"},
				"south": {"uv": [12, 5, 15, 6], "texture": "#0"},
				"west": {"uv": [3, 6, 6, 7], "texture": "#0"},
				"up": {"uv": [3, 7, 6, 10], "texture": "#0"},
				"down": {"uv": [0, 0, 2, 2], "texture": "#missing"}
			}
		},
		{
			"from": [1, 8, 7],
			"to": [6, 12, 12],
			"faces": {
				"north": {"uv": [1, 3, 7, 8], "texture": "#0"},
				"east": {"uv": [1, 3, 7, 8], "texture": "#0"},
				"south": {"uv": [1, 3, 7, 8], "texture": "#0"},
				"west": {"uv": [1, 3, 7, 8], "texture": "#0"},
				"up": {"uv": [12, 6, 15, 9], "texture": "#0"},
				"down": {"uv": [2, 7, 5, 10], "texture": "#0"}
			}
		},
		{
			"from": [11, 0, 3],
			"to": [14, 6, 6],
			"faces": {
				"north": {"uv": [3, 10, 5, 14], "texture": "#0"},
				"east": {"uv": [11, 12, 13, 16], "texture": "#0"},
				"south": {"uv": [3, 12, 5, 16], "texture": "#0"},
				"west": {"uv": [3, 7, 5, 11], "texture": "#0"},
				"up": {"uv": [0, 0, 2, 2], "texture": "#missing"},
				"down": {"uv": [12, 6, 15, 9], "texture": "#0"}
			}
		},
		{
			"from": [11, 9, 3],
			"to": [14, 10, 6],
			"faces": {
				"north": {"uv": [7, 11, 10, 12], "texture": "#0"},
				"east": {"uv": [12, 5, 15, 6], "texture": "#0"},
				"south": {"uv": [12, 6, 15, 7], "texture": "#0"},
				"west": {"uv": [3, 6, 6, 7], "texture": "#0"},
				"up": {"uv": [12, 6, 15, 9], "texture": "#0"},
				"down": {"uv": [0, 0, 2, 2], "texture": "#missing"}
			}
		},
		{
			"from": [10, 6, 2],
			"to": [15, 9, 7],
			"faces": {
				"north": {"uv": [10, 6, 15, 9], "texture": "#0"},
				"east": {"uv": [10, 6, 15, 9], "texture": "#0"},
				"south": {"uv": [10, 6, 15, 9], "texture": "#0"},
				"west": {"uv": [10, 6, 15, 9], "texture": "#0"},
				"up": {"uv": [4, 4, 7, 7], "texture": "#0"},
				"down": {"uv": [11, 6, 14, 9], "texture": "#0"}
			}
		},
		{
			"from": [4, 0, 2],
			"to": [6, 2, 4],
			"faces": {
				"north": {"uv": [8, 14, 10, 16], "texture": "#0"},
				"east": {"uv": [8, 14, 10, 16], "texture": "#0"},
				"south": {"uv": [8, 14, 10, 16], "texture": "#0"},
				"west": {"uv": [8, 14, 10, 16], "texture": "#0"},
				"up": {"uv": [0, 0, 2, 2], "texture": "#missing"},
				"down": {"uv": [12, 11, 14, 13], "texture": "#0"}
			}
		},
		{
			"from": [4, 4, 2],
			"to": [6, 5, 4],
			"faces": {
				"north": {"uv": [4, 6, 6, 7], "texture": "#0"},
				"east": {"uv": [8, 11, 10, 12], "texture": "#0"},
				"south": {"uv": [4, 6, 6, 7], "texture": "#0"},
				"west": {"uv": [13, 5, 15, 6], "texture": "#0"},
				"up": {"uv": [8, 12, 10, 14], "texture": "#0"},
				"down": {"uv": [0, 0, 2, 2], "texture": "#missing"}
			}
		},
		{
			"from": [3, 2, 1],
			"to": [7, 4, 5],
			"faces": {
				"north": {"uv": [7, 10, 11, 12], "texture": "#0"},
				"east": {"uv": [7, 10, 11, 12], "texture": "#0"},
				"south": {"uv": [7, 10, 11, 12], "texture": "#0"},
				"west": {"uv": [7, 10, 11, 12], "texture": "#0"},
				"up": {"uv": [7, 11, 10, 14], "texture": "#0"},
				"down": {"uv": [3, 11, 6, 14], "texture": "#0"}
			}
		},
		{
			"from": [10, 0, 11],
			"to": [12, 3, 13],
			"faces": {
				"north": {"uv": [7, 13, 9, 16], "texture": "#0"},
				"east": {"uv": [7, 13, 9, 16], "texture": "#0"},
				"south": {"uv": [7, 13, 9, 16], "texture": "#0"},
				"west": {"uv": [7, 13, 9, 16], "texture": "#0"},
				"up": {"uv": [0, 0, 2, 2], "texture": "#missing"},
				"down": {"uv": [12, 11, 14, 13], "texture": "#0"}
			}
		},
		{
			"from": [10, 5, 11],
			"to": [12, 6, 13],
			"faces": {
				"north": {"uv": [4, 6, 6, 7], "texture": "#0"},
				"east": {"uv": [8, 11, 10, 12], "texture": "#0"},
				"south": {"uv": [4, 6, 6, 7], "texture": "#0"},
				"west": {"uv": [13, 5, 15, 6], "texture": "#0"},
				"up": {"uv": [8, 12, 10, 14], "texture": "#0"},
				"down": {"uv": [0, 0, 2, 2], "texture": "#missing"}
			}
		},
		{
			"from": [9, 3, 10],
			"to": [13, 5, 14],
			"faces": {
				"north": {"uv": [7, 10, 11, 12], "texture": "#0"},
				"east": {"uv": [7, 10, 11, 12], "texture": "#0"},
				"south": {"uv": [7, 10, 11, 12], "texture": "#0"},
				"west": {"uv": [7, 10, 11, 12], "texture": "#0"},
				"up": {"uv": [7, 11, 10, 14], "texture": "#0"},
				"down": {"uv": [3, 11, 6, 14], "texture": "#0"}
			}
		},
		{
			"from": [0, 9, 8],
			"to": [1, 11, 11],
			"faces": {
				"north": {"uv": [6, 5, 7, 7], "texture": "#0"},
				"east": {"uv": [0, 0, 3, 2], "texture": "#missing"},
				"south": {"uv": [6, 5, 7, 7], "texture": "#0"},
				"west": {"uv": [2, 4, 6, 7], "texture": "#0"},
				"up": {"uv": [6, 4, 7, 7], "texture": "#0"},
				"down": {"uv": [5, 5, 6, 8], "texture": "#0"}
			}
		},
		{
			"from": [2, 9, 6],
			"to": [5, 11, 7],
			"faces": {
				"north": {"uv": [2, 4, 6, 7], "texture": "#0"},
				"east": {"uv": [6, 5, 7, 7], "texture": "#0"},
				"south": {"uv": [2, 4, 6, 7], "texture": "#missing"},
				"west": {"uv": [6, 5, 7, 7], "texture": "#0"},
				"up": {"uv": [6, 4, 7, 7], "texture": "#0"},
				"down": {"uv": [5, 5, 6, 8], "texture": "#0"}
			}
		},
		{
			"from": [2, 9, 12],
			"to": [5, 11, 13],
			"faces": {
				"north": {"uv": [0, 0, 3, 2], "texture": "#missing"},
				"east": {"uv": [6, 5, 7, 7], "texture": "#0"},
				"south": {"uv": [2, 4, 6, 7], "texture": "#0"},
				"west": {"uv": [6, 5, 7, 7], "texture": "#0"},
				"up": {"uv": [6, 4, 7, 7], "texture": "#0"},
				"down": {"uv": [5, 5, 6, 8], "texture": "#0"}
			}
		},
		{
			"from": [6, 9, 8],
			"to": [7, 11, 11],
			"faces": {
				"north": {"uv": [6, 5, 7, 7], "texture": "#0"},
				"east": {"uv": [2, 4, 6, 7], "texture": "#0"},
				"south": {"uv": [6, 5, 7, 7], "texture": "#0"},
				"west": {"uv": [2, 4, 6, 7], "texture": "#missing"},
				"up": {"uv": [6, 4, 7, 7], "texture": "#0"},
				"down": {"uv": [5, 5, 6, 8], "texture": "#0"}
			}
		}
	]
}
