{
	"parent": "minecraft:block/cube_column",
	"textures": {
		"1": "block/red_mushroom_block",
		"2": "block/mushroom_stem",
		"3": "block/mushroom_block_inside",
		"particle": "block/red_mushroom_block"
	},
	"elements": [
		{
			"from": [9, 0, 10],
			"to": [11, 6, 12],
			"faces": {
				"north": {"uv": [14, 0, 16, 8], "texture": "#2"},
				"east": {"uv": [10, 4, 12, 12], "texture": "#2"},
				"south": {"uv": [0, 0, 2, 8], "texture": "#2"},
				"west": {"uv": [3, 5, 5, 13], "texture": "#2"},
				"up": {"uv": [0, 0, 2, 2], "texture": "#missing"},
				"down": {"uv": [13, 10, 15, 12], "texture": "#2"}
			}
		},
		{
			"from": [8, 6, 9],
			"to": [12, 8, 13],
			"faces": {
				"north": {"uv": [0, 0, 4, 2], "texture": "#1"},
				"east": {"uv": [0, 0, 4, 2], "texture": "#1"},
				"south": {"uv": [0, 0, 4, 2], "texture": "#1"},
				"west": {"uv": [0, 0, 4, 2], "texture": "#1"},
				"up": {"uv": [2, 0, 8, 6], "texture": "#1"},
				"down": {"uv": [0, 0, 4, 4], "texture": "#3"}
			}
		},
		{
			"from": [6, 4, 7],
			"to": [14, 6, 9],
			"faces": {
				"north": {"uv": [0, 2, 11, 5], "texture": "#1"},
				"east": {"uv": [0, 0, 2, 2], "texture": "#1"},
				"south": {"uv": [0, 0, 8, 2], "texture": "#3"},
				"west": {"uv": [0, 0, 2, 2], "texture": "#1"},
				"up": {"uv": [3, 3, 15, 6], "texture": "#1"},
				"down": {"uv": [0, 0, 8, 2], "texture": "#3"}
			}
		},
		{
			"from": [6, 4, 13],
			"to": [14, 6, 15],
			"faces": {
				"north": {"uv": [0, 0, 8, 2], "texture": "#3"},
				"east": {"uv": [0, 0, 2, 2], "texture": "#1"},
				"south": {"uv": [4, 11, 16, 14], "texture": "#1"},
				"west": {"uv": [12, 7, 15, 10], "texture": "#1"},
				"up": {"uv": [0, 0, 8, 2], "texture": "#1"},
				"down": {"uv": [0, 0, 8, 2], "texture": "#3"}
			}
		},
		{
			"from": [12, 4, 9],
			"to": [14, 6, 13],
			"faces": {
				"north": {"uv": [0, 0, 2, 2], "texture": "#missing"},
				"east": {"uv": [0, 0, 4, 2], "texture": "#1"},
				"south": {"uv": [0, 0, 2, 2], "texture": "#missing"},
				"west": {"uv": [0, 0, 4, 2], "texture": "#missing"},
				"up": {"uv": [2, 3, 5, 9], "texture": "#1"},
				"down": {"uv": [5, 3, 7, 7], "texture": "#3"}
			}
		},
		{
			"from": [6, 4, 9],
			"to": [8, 6, 13],
			"faces": {
				"north": {"uv": [0, 0, 2, 2], "texture": "#missing"},
				"east": {"uv": [0, 0, 4, 2], "texture": "#missing"},
				"south": {"uv": [0, 0, 2, 2], "texture": "#missing"},
				"west": {"uv": [0, 0, 4, 2], "texture": "#1"},
				"up": {"uv": [0, 0, 2, 4], "texture": "#1"},
				"down": {"uv": [0, 0, 2, 4], "texture": "#3"}
			}
		},
		{
			"from": [2, 0, 5],
			"to": [4, 2, 7],
			"faces": {
				"north": {"uv": [14, 0, 16, 8], "texture": "#2"},
				"east": {"uv": [10, 4, 12, 12], "texture": "#2"},
				"south": {"uv": [0, 0, 2, 8], "texture": "#2"},
				"west": {"uv": [3, 5, 5, 13], "texture": "#2"},
				"up": {"uv": [0, 0, 2, 2], "texture": "#missing"},
				"down": {"uv": [13, 10, 15, 12], "texture": "#2"}
			}
		},
		{
			"from": [1, 2, 4],
			"to": [5, 4, 8],
			"faces": {
				"north": {"uv": [3, 2, 9, 5], "texture": "#1"},
				"east": {"uv": [0, 0, 4, 2], "texture": "#1"},
				"south": {"uv": [0, 0, 4, 2], "texture": "#1"},
				"west": {"uv": [5, 2, 11, 5], "texture": "#1"},
				"up": {"uv": [2, 0, 8, 6], "texture": "#1"},
				"down": {"uv": [0, 0, 4, 4], "texture": "#3"}
			}
		},
		{
			"from": [12, 0, 2],
			"to": [14, 2, 4],
			"faces": {
				"north": {"uv": [14, 0, 16, 8], "texture": "#2"},
				"east": {"uv": [10, 4, 12, 12], "texture": "#2"},
				"south": {"uv": [0, 0, 2, 8], "texture": "#2"},
				"west": {"uv": [3, 5, 5, 13], "texture": "#2"},
				"up": {"uv": [0, 0, 2, 2], "texture": "#missing"},
				"down": {"uv": [13, 10, 15, 12], "texture": "#2"}
			}
		},
		{
			"from": [11, 2, 1],
			"to": [15, 4, 5],
			"faces": {
				"north": {"uv": [0, 0, 4, 2], "texture": "#1"},
				"east": {"uv": [0, 2, 6, 5], "texture": "#1"},
				"south": {"uv": [0, 0, 4, 2], "texture": "#1"},
				"west": {"uv": [0, 0, 4, 2], "texture": "#1"},
				"up": {"uv": [4, 9, 10, 15], "texture": "#1"},
				"down": {"uv": [0, 0, 4, 4], "texture": "#3"}
			}
		}
	],
	"groups": [
		{
			"name": "red_mushroom_1",
			"origin": [8, 8, 8],
			"color": 0,
			"children": [0, 1, 2, 3, 4, 5]
		},
		{
			"name": "red_mushroom_1_1",
			"origin": [8, 8, 8],
			"color": 0,
			"children": [6, 7]
		},
		{
			"name": "red_mushroom_1_1",
			"origin": [8, 8, 8],
			"color": 0,
			"children": [8, 9]
		}
	]
}
