{
  "variants": {
    "": [
        {"model": "block/clover_1", "weight": 1},
        {"model": "block/clover_2", "weight": 1},
        {"model": "block/clover_3", "weight": 1},
        {"model": "block/clover_1", "weight": 1, "y": 180},
        {"model": "block/clover_2", "weight": 1, "y": 270},
        {"model": "block/clover_3", "weight": 1, "y": 90},
        {"model": "block/clover_1", "weight": 1, "y": 90},
        {"model": "block/clover_2", "weight": 1, "y": 180},
        {"model": "block/clover_3", "weight": 1, "y": 270},
        {"model": "block/clover_1", "weight": 1, "y": 270},
        {"model": "block/clover_2", "weight": 1, "y": 90},
        {"model": "block/clover_3", "weight": 1, "y": 180}
    ]
  }
}