{
  "variants": {
    "half=lower": [
      {"model": "block/giant_clover_bottom", "weight": 1, "y": 90},
      {"model": "block/giant_clover_bottom", "weight": 1, "y": 180},
      {"model": "block/giant_clover_bottom", "weight": 1, "y": 270}
    ],
    "half=upper": [
      {"model": "block/giant_clover_1a", "weight": 1},
      {"model": "block/giant_clover_1b", "weight": 1},
      {"model": "block/giant_clover_1c", "weight": 1},
      {"model": "block/giant_clover_1d", "weight": 1},
      {"model": "block/giant_clover_1e", "weight": 1},
      {"model": "block/giant_clover_2a", "weight": 1},
      {"model": "block/giant_clover_2b", "weight": 1},
      {"model": "block/giant_clover_2c", "weight": 1},
      {"model": "block/giant_clover_2d", "weight": 1},
      {"model": "block/giant_clover_2e", "weight": 1}
    ]
  }
}