{
	"credit": "Made with Blockbench",
	"textures": {
		"0": "block/hay_block_top",
		"1": "block/hay_block_side",
		"3": "block/strawhat_1",
		"4": "block/cornflower",
		"particle": "block/hay_block_top"
	},
	"elements": [
		{
			"from": [3, 0.001, 1],
			"to": [13, 1.001, 4],
			"rotation": {"angle": 0, "axis": "x", "origin": [9.06864, 1.50756, 4.34157]},
			"faces": {
				"north": {"uv": [0.06, 0.06, 9.94, 0.94], "texture": "#0"},
				"east": {"uv": [0.06, 0.06, 13.94, 0.94], "texture": "#0"},
				"south": {"uv": [3.06, 5.06, 12.94, 5.94], "texture": "#1"},
				"west": {"uv": [0.06, 0.06, 13.94, 0.94], "texture": "#0"},
				"up": {"uv": [2.06, 3.06, 11.94, 5.94], "texture": "#0"},
				"down": {"uv": [0.06, 0.06, 9.94, 2.94], "texture": "#0"}
			}
		},
		{
			"from": [3, 0.001, 12],
			"to": [13, 1.001, 15],
			"rotation": {"angle": 0, "axis": "x", "origin": [9.06864, 1.50756, 4.34157]},
			"faces": {
				"north": {"uv": [0.06, 0.06, 9.94, 0.94], "texture": "#0"},
				"east": {"uv": [0.06, 0.06, 13.94, 0.94], "texture": "#0"},
				"south": {"uv": [3.06, 5.06, 12.94, 5.94], "texture": "#1"},
				"west": {"uv": [0.06, 0.06, 13.94, 0.94], "texture": "#0"},
				"up": {"uv": [0.06, 0.06, 9.94, 2.94], "texture": "#0"},
				"down": {"uv": [0.06, 0.06, 9.94, 2.94], "texture": "#0"}
			}
		},
		{
			"from": [12, 0.01, 3],
			"to": [15, 1.01, 13],
			"rotation": {"angle": 0, "axis": "x", "origin": [8, 0.85871, 8]},
			"faces": {
				"north": {"uv": [0.06, 0.06, 13.94, 0.94], "texture": "#0"},
				"east": {"uv": [0.06, 0.06, 9.94, 0.94], "texture": "#0"},
				"south": {"uv": [0.06, 0.06, 13.94, 0.94], "texture": "#0"},
				"west": {"uv": [0.06, 0.06, 9.94, 0.94], "texture": "#0"},
				"up": {"uv": [7.06, 2.06, 9.94, 11.94], "texture": "#0"},
				"down": {"uv": [0.06, 0.06, 2.94, 9.94], "texture": "#0"}
			}
		},
		{
			"from": [1, 0.01, 3],
			"to": [4, 1.01, 13],
			"rotation": {"angle": 0, "axis": "x", "origin": [8, 0.85871, 8]},
			"faces": {
				"north": {"uv": [0.06, 0.06, 13.94, 0.94], "texture": "#0"},
				"east": {"uv": [0.06, 0.06, 9.94, 0.94], "texture": "#0"},
				"south": {"uv": [0.06, 0.06, 13.94, 0.94], "texture": "#0"},
				"west": {"uv": [0.06, 0.06, 9.94, 0.94], "texture": "#0"},
				"up": {"uv": [8.06, 3.06, 10.94, 12.94], "texture": "#0"},
				"down": {"uv": [0.06, 0.06, 2.94, 9.94], "texture": "#0"}
			}
		},
		{
			"from": [4, 1, 4],
			"to": [12, 5, 12.2],
			"rotation": {"angle": 0, "axis": "x", "origin": [8, 0.85871, 8]},
			"faces": {
				"north": {"uv": [0.06, 0.06, 7.94, 3.94], "texture": "#1"},
				"east": {"uv": [2.06, 8.06, 9.94, 11.94], "texture": "#1"},
				"south": {"uv": [0.06, 0.06, 7.94, 3.94], "texture": "#1"},
				"west": {"uv": [5.06, 0.06, 12.94, 3.94], "texture": "#1"},
				"up": {"uv": [4.06, 5.06, 11.94, 10.94], "texture": "#1"},
				"down": {"uv": [4.06, 6.06, 11.94, 13.94], "texture": "#0"}
			}
		},
		{
			"from": [4, 0, 4],
			"to": [12, 1, 12],
			"rotation": {"angle": 0, "axis": "x", "origin": [8, 0.85871, 8]},
			"faces": {
				"north": {"uv": [0.06, 0.06, 7.94, 3.94], "texture": "#1"},
				"east": {"uv": [2.06, 8.06, 9.94, 11.94], "texture": "#1"},
				"south": {"uv": [0.06, 0.06, 7.94, 3.94], "texture": "#1"},
				"west": {"uv": [5.06, 0.06, 12.94, 3.94], "texture": "#1"},
				"up": {"uv": [4.06, 5.06, 11.94, 10.94], "texture": "#1"},
				"down": {"uv": [0.06, 0.06, 7.94, 7.94], "texture": "#0"}
			}
		},
		{
			"from": [-0.48528, 0, 6.58579],
			"to": [1.51472, 1, 9.43579],
			"rotation": {"angle": -45, "axis": "y", "origin": [8, 0.85871, 8]},
			"faces": {
				"north": {"uv": [0.06, 0.06, 1.94, 0.94], "texture": "#0"},
				"east": {"uv": [0.06, 0.06, 2.91, 0.94], "texture": "#0"},
				"south": {"uv": [0.06, 0.06, 1.94, 0.94], "texture": "#0"},
				"west": {"uv": [0.06, 0.06, 2.91, 0.94], "texture": "#0"},
				"up": {"uv": [0.06, 0.06, 1.94, 2.91], "texture": "#0"},
				"down": {"uv": [0.06, 0.06, 1.94, 2.91], "texture": "#0"}
			}
		},
		{
			"from": [6.58579, 0, 14.48528],
			"to": [9.43579, 1, 16.48528],
			"rotation": {"angle": -45, "axis": "y", "origin": [8, 0.85871, 8]},
			"faces": {
				"north": {"uv": [0.06, 0.06, 2.91, 0.94], "texture": "#0"},
				"east": {"uv": [0.06, 0.06, 1.94, 0.94], "texture": "#0"},
				"south": {"uv": [0.06, 0.06, 2.91, 0.94], "texture": "#0"},
				"west": {"uv": [0.06, 0.06, 1.94, 0.94], "texture": "#0"},
				"up": {"uv": [0.06, 0.06, 1.94, 2.91], "rotation": 270, "texture": "#0"},
				"down": {"uv": [0.06, 0.06, 1.94, 2.91], "rotation": 90, "texture": "#0"}
			}
		},
		{
			"from": [14.48528, 0, 6.56421],
			"to": [16.48528, 1, 9.41421],
			"rotation": {"angle": -45, "axis": "y", "origin": [8, 0.85871, 8]},
			"faces": {
				"north": {"uv": [0.06, 0.06, 1.94, 0.94], "texture": "#0"},
				"east": {"uv": [0.06, 0.06, 2.91, 0.94], "texture": "#0"},
				"south": {"uv": [0.06, 0.06, 1.94, 0.94], "texture": "#0"},
				"west": {"uv": [0.06, 0.06, 2.91, 0.94], "texture": "#0"},
				"up": {"uv": [0.06, 0.06, 1.94, 2.91], "rotation": 180, "texture": "#0"},
				"down": {"uv": [0.06, 0.06, 1.94, 2.91], "rotation": 180, "texture": "#0"}
			}
		},
		{
			"from": [6.56421, 0, -0.48528],
			"to": [9.41421, 1, 1.51472],
			"rotation": {"angle": -45, "axis": "y", "origin": [8, 0.85871, 8]},
			"faces": {
				"north": {"uv": [0.06, 0.06, 2.91, 0.94], "texture": "#0"},
				"east": {"uv": [0.06, 0.06, 1.94, 0.94], "texture": "#0"},
				"south": {"uv": [0.06, 0.06, 2.91, 0.94], "texture": "#0"},
				"west": {"uv": [0.06, 0.06, 1.94, 0.94], "texture": "#0"},
				"up": {"uv": [0.06, 0.06, 1.94, 2.91], "rotation": 90, "texture": "#0"},
				"down": {"uv": [0.06, 0.06, 1.94, 2.91], "rotation": 270, "texture": "#0"}
			}
		},
		{
			"from": [3.75, 0.65, 12.25],
			"to": [12.25, 3.4, 12.25],
			"rotation": {"angle": 0, "axis": "x", "origin": [8, 0.85871, 8]},
			"faces": {
				"north": {"uv": [5.06, 0.06, 13.94, 2.94], "texture": "#3"},
				"east": {"uv": [5.06, 0.06, 13.94, 2.94], "texture": "#3"},
				"south": {"uv": [5.06, 0.06, 13.94, 2.94], "texture": "#3"},
				"west": {"uv": [5.06, 0.06, 13.94, 2.94], "texture": "#3"},
				"up": {"uv": [5.06, 0.06, 13.94, 2.94], "texture": "#3"},
				"down": {"uv": [5.06, 0.06, 13.94, 2.94], "texture": "#3"}
			}
		},
		{
			"from": [12.25, 0.65, 3.75],
			"to": [12.25, 3.4, 12.25],
			"rotation": {"angle": 0, "axis": "y", "origin": [8, 0.85871, 8]},
			"faces": {
				"north": {"uv": [5.06, 0.06, 13.94, 2.94], "texture": "#3"},
				"east": {"uv": [5.06, 0.06, 13.94, 2.94], "texture": "#3"},
				"south": {"uv": [5.06, 0.06, 13.94, 2.94], "texture": "#3"},
				"west": {"uv": [5.06, 0.06, 13.94, 2.94], "texture": "#3"},
				"up": {"uv": [5.06, 0.06, 13.94, 2.94], "texture": "#3"},
				"down": {"uv": [5.06, 0.06, 13.94, 2.94], "texture": "#3"}
			}
		},
		{
			"from": [3.75, 0.65, 3.75],
			"to": [3.75, 3.4, 12.25],
			"rotation": {"angle": 0, "axis": "y", "origin": [8, 0.85871, 8]},
			"faces": {
				"north": {"uv": [5.06, 0.06, 13.94, 2.94], "texture": "#3"},
				"east": {"uv": [5.06, 0.06, 13.94, 2.94], "texture": "#3"},
				"south": {"uv": [5.06, 0.06, 13.94, 2.94], "texture": "#3"},
				"west": {"uv": [5.06, 0.06, 13.94, 2.94], "texture": "#3"},
				"up": {"uv": [5.06, 0.06, 13.94, 2.94], "texture": "#3"},
				"down": {"uv": [5.06, 0.06, 13.94, 2.94], "texture": "#3"}
			}
		},
		{
			"from": [3.75, 0.65, 3.75],
			"to": [12.25, 3.4, 3.75],
			"rotation": {"angle": 0, "axis": "y", "origin": [8, 0.85871, 8]},
			"faces": {
				"north": {"uv": [5.06, 0.06, 13.94, 2.94], "texture": "#3"},
				"east": {"uv": [5.06, 0.06, 13.94, 2.94], "texture": "#3"},
				"south": {"uv": [5.06, 0.06, 13.94, 2.94], "texture": "#3"},
				"west": {"uv": [5.06, 0.06, 13.94, 2.94], "texture": "#3"},
				"up": {"uv": [5.06, 0.06, 13.94, 2.94], "texture": "#3"},
				"down": {"uv": [5.06, 0.06, 13.94, 2.94], "texture": "#3"}
			}
		},
		{
			"from": [7.584, 1.59, 13.104],
			"to": [8.624, 3.67, 13.104],
			"rotation": {"angle": -45, "axis": "x", "origin": [8.26, 3.45, 13.642]},
			"faces": {
				"north": {"uv": [3.06, 5.06, 3.94, 6.94], "texture": "#3"},
				"east": {"uv": [3.06, 5.06, 3.94, 6.94], "texture": "#3"},
				"south": {"uv": [3.06, 5.06, 3.94, 6.94], "texture": "#3"},
				"west": {"uv": [3.06, 5.06, 3.94, 6.94], "texture": "#3"},
				"up": {"uv": [3.06, 5.06, 3.94, 6.94], "texture": "#3"},
				"down": {"uv": [3.06, 5.06, 3.94, 6.94], "texture": "#3"}
			}
		},
		{
			"from": [4.464, 1.59, 12.74],
			"to": [11.744, 3.67, 12.74],
			"rotation": {"angle": -45, "axis": "x", "origin": [8.26, 3.45, 13.642]},
			"faces": {
				"north": {"uv": [0.06, 3.06, 6.94, 4.94], "texture": "#3"},
				"east": {"uv": [0.06, 3.06, 6.94, 4.94], "texture": "#3"},
				"south": {"uv": [0.06, 3.06, 6.94, 4.94], "texture": "#3"},
				"west": {"uv": [0.06, 3.06, 6.94, 4.94], "texture": "#3"},
				"up": {"uv": [0.06, 3.06, 6.94, 4.94], "texture": "#3"},
				"down": {"uv": [0.06, 3.06, 6.94, 4.94], "texture": "#3"}
			}
		},
		{
			"from": [4.964, -5.61, 15.49],
			"to": [6.964, 1.29, 15.49],
			"rotation": {"angle": 0, "axis": "y", "origin": [8, -3.6475, 15.365]},
			"faces": {
				"north": {"uv": [8.06, 7.06, 9.94, 11.94], "texture": "#3"},
				"east": {"uv": [8.06, 7.06, 9.94, 11.94], "texture": "#3"},
				"south": {"uv": [8.06, 7.06, 9.94, 11.94], "texture": "#3"},
				"west": {"uv": [8.06, 7.06, 9.94, 11.94], "texture": "#3"},
				"up": {"uv": [8.06, 7.06, 9.94, 11.94], "texture": "#3"},
				"down": {"uv": [8.06, 7.06, 9.94, 11.94], "texture": "#3"}
			}
		},
		{
			"from": [4.964, 1.289, 13.491],
			"to": [6.964, 1.289, 15.491],
			"rotation": {"angle": 0, "axis": "y", "origin": [6.29733, -1.54367, 14.907]},
			"faces": {
				"north": {"uv": [8.06, 7.06, 9.94, 8.94], "texture": "#3"},
				"east": {"uv": [8.06, 7.06, 9.94, 8.94], "texture": "#3"},
				"south": {"uv": [8.06, 7.06, 9.94, 8.94], "texture": "#3"},
				"west": {"uv": [8.06, 7.06, 9.94, 8.94], "texture": "#3"},
				"up": {"uv": [8.06, 7.06, 9.94, 8.94], "texture": "#3"},
				"down": {"uv": [8.06, 7.06, 9.94, 8.94], "texture": "#3"}
			}
		},
		{
			"from": [4.964, -7.51, 15.49],
			"to": [5.964, -5.51, 15.49],
			"rotation": {"angle": 0, "axis": "y", "origin": [8, -3.6475, 15.365]},
			"faces": {
				"north": {"uv": [8.06, 7.06, 8.94, 8.94], "texture": "#3"},
				"east": {"uv": [8.06, 7.06, 8.94, 8.94], "texture": "#3"},
				"south": {"uv": [8.06, 7.06, 8.94, 8.94], "texture": "#3"},
				"west": {"uv": [8.06, 7.06, 8.94, 8.94], "texture": "#3"},
				"up": {"uv": [8.06, 7.06, 8.94, 8.94], "texture": "#3"},
				"down": {"uv": [8.06, 7.06, 8.94, 8.94], "texture": "#3"}
			}
		},
		{
			"from": [9.036, -3.71, 15.24],
			"to": [11.036, 1.29, 15.24],
			"rotation": {"angle": 0, "axis": "y", "origin": [8, -3.6475, 15.365]},
			"faces": {
				"north": {"uv": [9.94, 7.06, 8.06, 11.94], "texture": "#3"},
				"east": {"uv": [9.94, 7.06, 8.06, 11.94], "texture": "#3"},
				"south": {"uv": [9.94, 7.06, 8.06, 11.94], "texture": "#3"},
				"west": {"uv": [9.94, 7.06, 8.06, 11.94], "texture": "#3"},
				"up": {"uv": [9.94, 7.06, 8.06, 11.94], "texture": "#3"},
				"down": {"uv": [9.94, 7.06, 8.06, 11.94], "texture": "#3"}
			}
		},
		{
			"from": [10.036, -5.71, 15.24],
			"to": [11.036, -3.71, 15.24],
			"rotation": {"angle": 0, "axis": "y", "origin": [8, -3.6475, 15.365]},
			"faces": {
				"north": {"uv": [8.94, 7.06, 8.06, 8.94], "texture": "#3"},
				"east": {"uv": [8.94, 7.06, 8.06, 8.94], "texture": "#3"},
				"south": {"uv": [8.94, 7.06, 8.06, 8.94], "texture": "#3"},
				"west": {"uv": [8.94, 7.06, 8.06, 8.94], "texture": "#3"},
				"up": {"uv": [8.94, 7.06, 8.06, 8.94], "texture": "#3"},
				"down": {"uv": [8.94, 7.06, 8.06, 8.94], "texture": "#3"}
			}
		},
		{
			"from": [9.036, 1.289, 13.241],
			"to": [11.036, 1.289, 15.241],
			"rotation": {"angle": 0, "axis": "y", "origin": [9.70267, -1.54367, 14.907]},
			"faces": {
				"north": {"uv": [9.94, 7.06, 8.06, 8.94], "texture": "#3"},
				"east": {"uv": [9.94, 7.06, 8.06, 8.94], "texture": "#3"},
				"south": {"uv": [9.94, 7.06, 8.06, 8.94], "texture": "#3"},
				"west": {"uv": [9.94, 7.06, 8.06, 8.94], "texture": "#3"},
				"up": {"uv": [9.94, 7.06, 8.06, 8.94], "texture": "#3"},
				"down": {"uv": [9.94, 7.06, 8.06, 8.94], "texture": "#3"}
			}
		},
		{
			"from": [2.45908, 1.43446, 1.25939],
			"to": [4.44802, 1.43446, 3.24833],
			"rotation": {"angle": 45, "axis": "y", "origin": [4.74131, -0.25326, 5.16506]},
			"faces": {
				"north": {"uv": [12.06, 3.06, 14.94, 5.94], "rotation": 180, "texture": "#3"},
				"east": {"uv": [12.06, 3.06, 14.94, 5.94], "rotation": 270, "texture": "#3"},
				"south": {"uv": [12.06, 3.06, 14.94, 5.94], "texture": "#3"},
				"west": {"uv": [12.06, 3.06, 14.94, 5.94], "rotation": 90, "texture": "#3"},
				"up": {"uv": [12.06, 3.06, 14.94, 5.94], "rotation": 180, "texture": "#3"},
				"down": {"uv": [12.06, 5.94, 14.94, 3.06], "texture": "#3"}
			}
		},
		{
			"from": [5.30588, 3.64021, 3.94784],
			"to": [7.29482, 5.62915, 3.94784],
			"rotation": {"angle": 22.5, "axis": "y", "origin": [4.74131, -0.25326, 5.16506]},
			"faces": {
				"north": {"uv": [12.06, 3.06, 14.94, 5.94], "texture": "#3"},
				"east": {"uv": [12.06, 3.06, 14.94, 5.94], "texture": "#3"},
				"south": {"uv": [12.06, 5.94, 14.94, 3.06], "texture": "#3"},
				"west": {"uv": [12.06, 3.06, 14.94, 5.94], "texture": "#3"},
				"up": {"uv": [12.06, 3.06, 14.94, 5.94], "texture": "#3"},
				"down": {"uv": [12.06, 3.06, 14.94, 5.94], "texture": "#3"}
			}
		},
		{
			"from": [3.54781, 2.84044, 7.6836],
			"to": [3.54781, 4.82938, 9.67253],
			"rotation": {"angle": -22.5, "axis": "y", "origin": [4.74131, -0.25326, 5.16506]},
			"faces": {
				"north": {"uv": [12.06, 3.06, 14.94, 5.94], "texture": "#3"},
				"east": {"uv": [12.06, 3.06, 14.94, 5.94], "texture": "#3"},
				"south": {"uv": [12.06, 3.06, 14.94, 5.94], "texture": "#3"},
				"west": {"uv": [12.06, 5.94, 14.94, 3.06], "texture": "#3"},
				"up": {"uv": [12.06, 3.06, 14.94, 5.94], "rotation": 90, "texture": "#3"},
				"down": {"uv": [12.06, 3.06, 14.94, 5.94], "rotation": 270, "texture": "#3"}
			}
		},
		{
			"from": [2.04982, 1.33491, 11.70946],
			"to": [4.03876, 1.33491, 13.69839],
			"rotation": {"angle": 0, "axis": "z", "origin": [2.29429, 3.83491, 7.95392]},
			"faces": {
				"north": {"uv": [12.06, 3.06, 14.94, 5.94], "rotation": 270, "texture": "#3"},
				"east": {"uv": [12.06, 3.06, 14.94, 5.94], "rotation": 180, "texture": "#3"},
				"south": {"uv": [12.06, 3.06, 14.94, 5.94], "rotation": 90, "texture": "#3"},
				"west": {"uv": [12.06, 3.06, 14.94, 5.94], "texture": "#3"},
				"up": {"uv": [12.06, 5.94, 14.94, 3.06], "rotation": 90, "texture": "#3"},
				"down": {"uv": [12.06, 3.06, 14.94, 5.94], "rotation": 90, "texture": "#3"}
			}
		},
		{
			"from": [4, 2, 0.75],
			"to": [9, 2, 4.75],
			"rotation": {"angle": -45, "axis": "x", "origin": [7.5, 2, 3]},
			"faces": {
				"north": {"uv": [0.06, 0.06, 5.94, 0.06], "rotation": 180, "texture": "#4"},
				"east": {"uv": [0.06, 0.06, 0.06, 4.94], "rotation": 270, "texture": "#4"},
				"south": {"uv": [0.06, 0.06, 5.94, 0.06], "texture": "#4"},
				"west": {"uv": [0.06, 0.06, 0.06, 4.94], "rotation": 90, "texture": "#4"},
				"up": {"uv": [3.06, 10.06, 8.94, 14.94], "rotation": 180, "texture": "#4"},
				"down": {"uv": [3.06, 10.06, 8.94, 14.94], "rotation": 180, "texture": "#4"}
			}
		},
		{
			"from": [5.5, 1, 3.5],
			"to": [10.5, 3, 3.5],
			"rotation": {"angle": 0, "axis": "x", "origin": [7.5, 2, 3]},
			"faces": {
				"north": {"uv": [3.06, 12.06, 8.94, 13.94], "texture": "#4"},
				"east": {"uv": [0.06, 0.06, 0.06, 4.94], "texture": "#4"},
				"south": {"uv": [8.94, 12.06, 3.06, 13.94], "texture": "#4"},
				"west": {"uv": [0.06, 0.06, 0.06, 4.94], "texture": "#4"},
				"up": {"uv": [0.06, 0.06, 5.94, 0.06], "texture": "#4"},
				"down": {"uv": [0.06, 0.06, 5.94, 0.06], "texture": "#4"}
			}
		},
		{
			"from": [9, 3.5, 3],
			"to": [9.75, 4.25, 3],
			"rotation": {"angle": 0, "axis": "x", "origin": [8, 8, 3.5]},
			"faces": {
				"north": {"uv": [8.06, 1.06, 8.94, 1.94], "texture": "#4"},
				"east": {"uv": [8.06, 1.06, 8.94, 1.94], "texture": "#4"},
				"south": {"uv": [8.06, 1.06, 8.94, 1.94], "texture": "#4"},
				"west": {"uv": [8.06, 1.06, 8.94, 1.94], "texture": "#4"},
				"up": {"uv": [8.06, 1.06, 8.94, 1.94], "texture": "#4"},
				"down": {"uv": [8.06, 1.06, 8.94, 1.94], "texture": "#4"}
			}
		},
		{
			"from": [2.82821, 5.25, 3.61365],
			"to": [3.57821, 6, 3.61365],
			"rotation": {"angle": 22.5, "axis": "y", "origin": [3.20321, 5.625, 3.61365]},
			"faces": {
				"north": {"uv": [8.06, 1.06, 8.94, 1.94], "texture": "#4"},
				"east": {"uv": [8.06, 1.06, 8.94, 1.94], "texture": "#4"},
				"south": {"uv": [8.06, 1.06, 8.94, 1.94], "texture": "#4"},
				"west": {"uv": [8.06, 1.06, 8.94, 1.94], "texture": "#4"},
				"up": {"uv": [8.06, 1.06, 8.94, 1.94], "texture": "#4"},
				"down": {"uv": [8.06, 1.06, 8.94, 1.94], "texture": "#4"}
			}
		},
		{
			"from": [3.20321, 4.75, 9.23865],
			"to": [3.20321, 5.5, 9.98865],
			"rotation": {"angle": 0, "axis": "y", "origin": [3.20321, 5.625, 3.61365]},
			"faces": {
				"north": {"uv": [8.06, 1.06, 8.94, 1.94], "texture": "#4"},
				"east": {"uv": [8.06, 1.06, 8.94, 1.94], "texture": "#4"},
				"south": {"uv": [8.06, 1.06, 8.94, 1.94], "texture": "#4"},
				"west": {"uv": [8.06, 1.06, 8.94, 1.94], "texture": "#4"},
				"up": {"uv": [8.06, 1.06, 8.94, 1.94], "texture": "#4"},
				"down": {"uv": [8.06, 1.06, 8.94, 1.94], "texture": "#4"}
			}
		},
		{
			"from": [1.95, 5.25, 6.5],
			"to": [5.95, 5.25, 11.5],
			"rotation": {"angle": 45, "axis": "z", "origin": [7.5, 2, 3]},
			"faces": {
				"north": {"uv": [0.06, 0.06, 0.06, 4.94], "rotation": 270, "texture": "#4"},
				"east": {"uv": [0.06, 0.06, 5.94, 0.06], "texture": "#4"},
				"south": {"uv": [0.06, 0.06, 0.06, 4.94], "rotation": 90, "texture": "#4"},
				"west": {"uv": [0.06, 0.06, 5.94, 0.06], "rotation": 180, "texture": "#4"},
				"up": {"uv": [3.06, 10.06, 8.94, 14.94], "rotation": 90, "texture": "#4"},
				"down": {"uv": [3.06, 14.94, 8.94, 10.06], "rotation": 270, "texture": "#4"}
			}
		},
		{
			"from": [2.6421, 0.63508, 3.19],
			"to": [2.6421, 5.25508, 7.81],
			"rotation": {"angle": -45, "axis": "y", "origin": [2.6421, 2.94508, 5.5]},
			"faces": {
				"north": {"uv": [0.06, 0.06, 0.06, 6.94], "texture": "#4"},
				"east": {"uv": [4.06, 0.06, 10.94, 6.94], "texture": "#4"},
				"south": {"uv": [0.06, 0.06, 0.06, 6.94], "texture": "#4"},
				"west": {"uv": [4.06, 0.06, 10.94, 6.94], "texture": "#4"},
				"up": {"uv": [0.06, 0.06, 0.06, 9.94], "texture": "#4"},
				"down": {"uv": [0.06, 0.06, 0.06, 9.94], "texture": "#4"}
			}
		},
		{
			"from": [2.6421, 0.63508, 3.19],
			"to": [2.6421, 5.25508, 7.81],
			"rotation": {"angle": 0, "axis": "y", "origin": [2.6421, 2.94508, 5.5]},
			"faces": {
				"north": {"uv": [0.06, 0.06, 0.06, 6.94], "texture": "#4"},
				"east": {"uv": [4.06, 0.06, 10.94, 6.94], "texture": "#4"},
				"south": {"uv": [0.06, 0.06, 0.06, 6.94], "texture": "#4"},
				"west": {"uv": [4.06, 0.06, 10.94, 6.94], "texture": "#4"},
				"up": {"uv": [0.06, 0.06, 0.06, 9.94], "texture": "#4"},
				"down": {"uv": [0.06, 0.06, 0.06, 9.94], "texture": "#4"}
			}
		},
		{
			"from": [2.7081, 0.70108, 3.19],
			"to": [2.7081, 2.68108, 7.81],
			"rotation": {"angle": -22.5, "axis": "z", "origin": [2.6421, 2.94508, 5.5]},
			"faces": {
				"north": {"uv": [0.06, 0.06, 0.06, 6.94], "texture": "#4"},
				"east": {"uv": [4.06, 0.06, 10.94, 6.94], "texture": "#4"},
				"south": {"uv": [0.06, 0.06, 0.06, 6.94], "texture": "#4"},
				"west": {"uv": [4.06, 4.06, 10.94, 6.94], "texture": "#4"},
				"up": {"uv": [0.06, 0.06, 0.06, 9.94], "texture": "#4"},
				"down": {"uv": [0.06, 0.06, 0.06, 9.94], "texture": "#4"}
			}
		},
		{
			"from": [1.27977, 0.31022, 2.52741],
			"to": [6.50443, 5.53488, 2.52741],
			"rotation": {"angle": -45, "axis": "y", "origin": [3.8921, 2.92255, 2.52741]},
			"faces": {
				"north": {"uv": [4.06, 0.06, 10.94, 6.94], "texture": "#4"},
				"east": {"uv": [0.06, 0.06, 0.06, 6.94], "texture": "#4"},
				"south": {"uv": [4.06, 0.06, 10.94, 6.94], "texture": "#4"},
				"west": {"uv": [0.06, 0.06, 0.06, 6.94], "texture": "#4"},
				"up": {"uv": [0.06, 0.06, 0.06, 9.94], "rotation": 90, "texture": "#4"},
				"down": {"uv": [0.06, 0.06, 0.06, 9.94], "rotation": 270, "texture": "#4"}
			}
		},
		{
			"from": [1.27977, 0.31022, 2.52741],
			"to": [6.50443, 5.53488, 2.52741],
			"rotation": {"angle": 0, "axis": "y", "origin": [3.8921, 2.92255, 2.52741]},
			"faces": {
				"north": {"uv": [4.06, 0.06, 10.94, 6.94], "texture": "#4"},
				"east": {"uv": [0.06, 0.06, 0.06, 6.94], "texture": "#4"},
				"south": {"uv": [4.06, 0.06, 10.94, 6.94], "texture": "#4"},
				"west": {"uv": [0.06, 0.06, 0.06, 6.94], "texture": "#4"},
				"up": {"uv": [0.06, 0.06, 0.06, 9.94], "rotation": 90, "texture": "#4"},
				"down": {"uv": [0.06, 0.06, 0.06, 9.94], "rotation": 270, "texture": "#4"}
			}
		},
		{
			"from": [1.27977, 0.38485, 2.60205],
			"to": [6.50443, 2.624, 2.60205],
			"rotation": {"angle": 22.5, "axis": "x", "origin": [3.8921, 2.92255, 2.52741]},
			"faces": {
				"north": {"uv": [4.06, 4.06, 10.94, 6.94], "texture": "#4"},
				"east": {"uv": [0.06, 0.06, 0.06, 6.94], "texture": "#4"},
				"south": {"uv": [4.06, 0.06, 10.94, 6.94], "texture": "#4"},
				"west": {"uv": [0.06, 0.06, 0.06, 6.94], "texture": "#4"},
				"up": {"uv": [0.06, 0.06, 0.06, 9.94], "rotation": 90, "texture": "#4"},
				"down": {"uv": [0.06, 0.06, 0.06, 9.94], "rotation": 270, "texture": "#4"}
			}
		},
		{
			"from": [5.65, 1.67, 2.75],
			"to": [8.35, 4.91, 2.75],
			"rotation": {"angle": 0, "axis": "y", "origin": [7, 3.29, 2.75]},
			"faces": {
				"north": {"uv": [14.94, 5.06, 10.06, 10.94], "texture": "#4"},
				"east": {"uv": [0.06, 0.06, 0.06, 6.94], "texture": "#4"},
				"south": {"uv": [10.06, 5.06, 14.94, 10.94], "texture": "#4"},
				"west": {"uv": [0.06, 0.06, 0.06, 6.94], "texture": "#4"},
				"up": {"uv": [0.06, 0.06, 0.06, 9.94], "rotation": 270, "texture": "#4"},
				"down": {"uv": [0.06, 0.06, 0.06, 9.94], "rotation": 90, "texture": "#4"}
			}
		},
		{
			"from": [7, 1.67, 1.4],
			"to": [7, 4.91, 4.1],
			"rotation": {"angle": -22.5, "axis": "y", "origin": [7, 3.29, 2.75]},
			"faces": {
				"north": {"uv": [0.06, 0.06, 0.06, 6.94], "texture": "#4"},
				"east": {"uv": [10.06, 5.06, 14.94, 10.94], "texture": "#4"},
				"south": {"uv": [0.06, 0.06, 0.06, 6.94], "texture": "#4"},
				"west": {"uv": [14.94, 5.06, 10.06, 10.94], "texture": "#4"},
				"up": {"uv": [0.06, 0.06, 0.06, 9.94], "rotation": 180, "texture": "#4"},
				"down": {"uv": [0.06, 0.06, 0.06, 9.94], "rotation": 180, "texture": "#4"}
			}
		},
		{
			"from": [3, 0.67, 7.4],
			"to": [3, 3.91, 10.1],
			"rotation": {"angle": 0, "axis": "y", "origin": [3, 2.29, 8.75]},
			"faces": {
				"north": {"uv": [0.06, 0.06, 0.06, 6.94], "texture": "#4"},
				"east": {"uv": [10.06, 5.06, 14.94, 10.94], "texture": "#4"},
				"south": {"uv": [0.06, 0.06, 0.06, 6.94], "texture": "#4"},
				"west": {"uv": [14.94, 5.06, 10.06, 10.94], "texture": "#4"},
				"up": {"uv": [0.06, 0.06, 0.06, 9.94], "rotation": 180, "texture": "#4"},
				"down": {"uv": [0.06, 0.06, 0.06, 9.94], "rotation": 180, "texture": "#4"}
			}
		},
		{
			"from": [1.65, 0.67, 8.75],
			"to": [4.35, 3.91, 8.75],
			"rotation": {"angle": -22.5, "axis": "y", "origin": [3, 2.29, 8.75]},
			"faces": {
				"north": {"uv": [10.06, 5.06, 14.94, 10.94], "texture": "#4"},
				"east": {"uv": [0.06, 0.06, 0.06, 6.94], "texture": "#4"},
				"south": {"uv": [14.94, 5.06, 10.06, 10.94], "texture": "#4"},
				"west": {"uv": [0.06, 0.06, 0.06, 6.94], "texture": "#4"},
				"up": {"uv": [0.06, 0.06, 0.06, 9.94], "rotation": 90, "texture": "#4"},
				"down": {"uv": [0.06, 0.06, 0.06, 9.94], "rotation": 270, "texture": "#4"}
			}
		},
		{
			"from": [3, 1.3136, 9.853],
			"to": [3, 5.2664, 13.147],
			"rotation": {"angle": 22.5, "axis": "y", "origin": [3, 3.29, 11.5]},
			"faces": {
				"north": {"uv": [0.06, 0.06, 0.06, 6.94], "texture": "#4"},
				"east": {"uv": [10.06, 5.06, 14.94, 10.94], "texture": "#4"},
				"south": {"uv": [0.06, 0.06, 0.06, 6.94], "texture": "#4"},
				"west": {"uv": [14.94, 5.06, 10.06, 10.94], "texture": "#4"},
				"up": {"uv": [0.06, 0.06, 0.06, 9.94], "rotation": 180, "texture": "#4"},
				"down": {"uv": [0.06, 0.06, 0.06, 9.94], "rotation": 180, "texture": "#4"}
			}
		},
		{
			"from": [1.353, 1.3136, 11.5],
			"to": [4.647, 5.2664, 11.5],
			"rotation": {"angle": 0, "axis": "y", "origin": [3, 3.29, 11.5]},
			"faces": {
				"north": {"uv": [10.06, 5.06, 14.94, 10.94], "texture": "#4"},
				"east": {"uv": [0.06, 0.06, 0.06, 6.94], "texture": "#4"},
				"south": {"uv": [14.94, 5.06, 10.06, 10.94], "texture": "#4"},
				"west": {"uv": [0.06, 0.06, 0.06, 6.94], "texture": "#4"},
				"up": {"uv": [0.06, 0.06, 0.06, 9.94], "rotation": 90, "texture": "#4"},
				"down": {"uv": [0.06, 0.06, 0.06, 9.94], "rotation": 270, "texture": "#4"}
			}
		}
	],
	"display": {
		"thirdperson_righthand": {
			"rotation": [65, 0, 0],
			"translation": [-6, 5.5, 6.5]
		},
		"ground": {
			"translation": [0, 4, 0]
		},
		"gui": {
			"rotation": [35.25, 28.75, 0],
			"translation": [0, 5.5, 0]
		},
		"head": {
			"rotation": [5.75, 0, 0],
			"translation": [0, 15, 0.75],
			"scale": [1.83, 1.83, 1.83]
		},
		"fixed": {
			"rotation": [-90, 0, 0],
			"translation": [0, 2, -15],
			"scale": [2, 2, 2]
		}
	},
	"groups": [
		{
			"name": "hat",
			"origin": [8, 8, 8],
			"color": 0,
			"children": [
				0,
				1,
				2,
				3,
				4,
				5,
				6,
				7,
				8,
				9,
				{
					"name": "lace",
					"origin": [8, 8, 8],
					"color": 0,
					"children": [
						10,
						11,
						12,
						13,
						{
							"name": "ribbon",
							"origin": [8, 8.85871, 8],
							"color": 0,
							"children": [
								14,
								15,
								{
									"name": "ribbon",
									"origin": [8.26, 11.45, 13.642],
									"color": 0,
									"children": [16, 17, 18, 19, 20, 21]
								}
							]
						}
					]
				},
				{
					"name": "leaf",
					"origin": [4.74131, -0.25326, 5.16506],
					"color": 0,
					"children": [22, 23, 24, 25, 26, 27, 28, 29, 30, 31]
				},
				{
					"name": "Flower",
					"origin": [8, 8, 8],
					"color": 0,
					"children": [
						{
							"name": "Cornflower",
							"origin": [8, 8, 8],
							"color": 0,
							"children": [32, 33, 34]
						},
						{
							"name": "Cornflower",
							"origin": [8, 8, 8],
							"color": 0,
							"children": [35, 36, 37]
						},
						{
							"name": "Cornflower2",
							"origin": [0, 3, 14.5],
							"color": 0,
							"children": [38, 39]
						},
						{
							"name": "Cornflower2",
							"origin": [0, 3, 14.5],
							"color": 0,
							"children": [40, 41]
						},
						{
							"name": "Cornflower2",
							"origin": [0, 3, 14.5],
							"color": 0,
							"children": [42, 43]
						}
					]
				}
			]
		}
	]
}