{
	"credit": "Made with Blockbench",
	"textures": {
		"0": "block/hay_block_top",
		"1": "block/hay_block_side",
		"3": "block/strawhat_1",
		"4": "block/sunflower_front",
		"5": "block/sunflower_back",
		"6": "block/sunflower_bottom",
		"particle": "block/hay_block_top"
	},
	"elements": [
		{
			"from": [3, 0.001, 1],
			"to": [13, 1.001, 4],
			"rotation": {"angle": 0, "axis": "x", "origin": [9.06864, 1.50756, 4.34157]},
			"faces": {
				"north": {"uv": [0.06, 0.06, 9.94, 0.94], "texture": "#0"},
				"east": {"uv": [0.06, 0.06, 13.94, 0.94], "texture": "#0"},
				"south": {"uv": [3.06, 5.06, 12.94, 5.94], "texture": "#1"},
				"west": {"uv": [0.06, 0.06, 13.94, 0.94], "texture": "#0"},
				"up": {"uv": [2.06, 3.06, 11.968, 5.968], "texture": "#0"},
				"down": {"uv": [0.06, 0.06, 9.968, 2.968], "texture": "#0"}
			}
		},
		{
			"from": [3, 0.001, 12],
			"to": [13, 1.001, 15],
			"rotation": {"angle": 0, "axis": "x", "origin": [9.06864, 1.50756, 4.34157]},
			"faces": {
				"north": {"uv": [0.06, 0.06, 9.94, 0.94], "texture": "#0"},
				"east": {"uv": [0.06, 0.06, 13.94, 0.94], "texture": "#0"},
				"south": {"uv": [3.06, 5.06, 12.94, 5.94], "texture": "#1"},
				"west": {"uv": [0.06, 0.06, 13.94, 0.94], "texture": "#0"},
				"up": {"uv": [0.06, 0.06, 9.968, 2.968], "texture": "#0"},
				"down": {"uv": [0.06, 0.06, 9.968, 2.968], "texture": "#0"}
			}
		},
		{
			"from": [12, 0.01, 3],
			"to": [15, 1.01, 13],
			"rotation": {"angle": 0, "axis": "x", "origin": [8, 0.85871, 8]},
			"faces": {
				"north": {"uv": [0.06, 0.06, 13.968, 0.968], "texture": "#0"},
				"east": {"uv": [0.06, 0.06, 9.968, 0.968], "texture": "#0"},
				"south": {"uv": [0.06, 0.06, 13.968, 0.968], "texture": "#0"},
				"west": {"uv": [0.06, 0.06, 9.968, 0.968], "texture": "#0"},
				"up": {"uv": [7.06, 2.06, 9.968, 11.968], "texture": "#0"},
				"down": {"uv": [0.06, 0.06, 2.968, 9.968], "texture": "#0"}
			}
		},
		{
			"from": [1, 0.01, 3],
			"to": [4, 1.01, 13],
			"rotation": {"angle": 0, "axis": "x", "origin": [8, 0.85871, 8]},
			"faces": {
				"north": {"uv": [0.06, 0.06, 13.968, 0.968], "texture": "#0"},
				"east": {"uv": [0.06, 0.06, 9.968, 0.968], "texture": "#0"},
				"south": {"uv": [0.06, 0.06, 13.968, 0.968], "texture": "#0"},
				"west": {"uv": [0.06, 0.06, 9.968, 0.968], "texture": "#0"},
				"up": {"uv": [8.06, 3.06, 10.968, 12.968], "texture": "#0"},
				"down": {"uv": [0.06, 0.06, 2.968, 9.968], "texture": "#0"}
			}
		},
		{
			"from": [4, 1, 4],
			"to": [12, 5, 12.2],
			"rotation": {"angle": 0, "axis": "x", "origin": [8, 0.85871, 8]},
			"faces": {
				"north": {"uv": [0.06, 0.06, 7.94, 3.94], "texture": "#1"},
				"east": {"uv": [2.06, 8.06, 9.94, 11.94], "texture": "#1"},
				"south": {"uv": [0.06, 0.06, 7.94, 3.94], "texture": "#1"},
				"west": {"uv": [5.06, 0.06, 12.94, 3.94], "texture": "#1"},
				"up": {"uv": [4.06, 5.06, 11.94, 10.94], "texture": "#1"},
				"down": {"uv": [4.06, 6.06, 11.968, 13.968], "texture": "#0"}
			}
		},
		{
			"from": [4, 0, 4],
			"to": [12, 1, 12],
			"rotation": {"angle": 0, "axis": "x", "origin": [8, 0.85871, 8]},
			"faces": {
				"north": {"uv": [0.06, 0.06, 7.94, 3.94], "texture": "#1"},
				"east": {"uv": [2.06, 8.06, 9.94, 11.94], "texture": "#1"},
				"south": {"uv": [0.06, 0.06, 7.94, 3.94], "texture": "#1"},
				"west": {"uv": [5.06, 0.06, 12.94, 3.94], "texture": "#1"},
				"up": {"uv": [4.06, 5.06, 11.94, 10.94], "texture": "#1"},
				"down": {"uv": [0.032, 0.032, 7.968, 7.968], "texture": "#0"}
			}
		},
		{
			"from": [-0.48528, 0, 6.58579],
			"to": [1.51472, 1, 9.43579],
			"rotation": {"angle": -45, "axis": "y", "origin": [8, 0.85871, 8]},
			"faces": {
				"north": {"uv": [0.06, 0.06, 1.968, 0.968], "texture": "#0"},
				"east": {"uv": [0.06, 0.06, 2.91, 0.968], "texture": "#0"},
				"south": {"uv": [0.06, 0.06, 1.968, 0.968], "texture": "#0"},
				"west": {"uv": [0.06, 0.06, 2.91, 0.968], "texture": "#0"},
				"up": {"uv": [0.06, 0.06, 1.968, 2.91], "texture": "#0"},
				"down": {"uv": [0.06, 0.06, 1.968, 2.91], "texture": "#0"}
			}
		},
		{
			"from": [6.58579, 0, 14.48528],
			"to": [9.43579, 1, 16.48528],
			"rotation": {"angle": -45, "axis": "y", "origin": [8, 0.85871, 8]},
			"faces": {
				"north": {"uv": [0.06, 0.06, 2.91, 0.968], "texture": "#0"},
				"east": {"uv": [0.06, 0.06, 1.968, 0.968], "texture": "#0"},
				"south": {"uv": [0.06, 0.06, 2.91, 0.968], "texture": "#0"},
				"west": {"uv": [0.06, 0.06, 1.968, 0.968], "texture": "#0"},
				"up": {"uv": [0.06, 0.06, 1.968, 2.91], "rotation": 270, "texture": "#0"},
				"down": {"uv": [0.06, 0.06, 1.968, 2.91], "rotation": 90, "texture": "#0"}
			}
		},
		{
			"from": [14.48528, 0, 6.56421],
			"to": [16.48528, 1, 9.41421],
			"rotation": {"angle": -45, "axis": "y", "origin": [8, 0.85871, 8]},
			"faces": {
				"north": {"uv": [0.06, 0.06, 1.968, 0.968], "texture": "#0"},
				"east": {"uv": [0.06, 0.06, 2.91, 0.968], "texture": "#0"},
				"south": {"uv": [0.06, 0.06, 1.968, 0.968], "texture": "#0"},
				"west": {"uv": [0.06, 0.06, 2.91, 0.968], "texture": "#0"},
				"up": {"uv": [0.06, 0.06, 1.968, 2.91], "rotation": 180, "texture": "#0"},
				"down": {"uv": [0.06, 0.06, 1.968, 2.91], "rotation": 180, "texture": "#0"}
			}
		},
		{
			"from": [6.56421, 0, -0.48528],
			"to": [9.41421, 1, 1.51472],
			"rotation": {"angle": -45, "axis": "y", "origin": [8, 0.85871, 8]},
			"faces": {
				"north": {"uv": [0.06, 0.06, 2.91, 0.968], "texture": "#0"},
				"east": {"uv": [0.06, 0.06, 1.968, 0.968], "texture": "#0"},
				"south": {"uv": [0.06, 0.06, 2.91, 0.968], "texture": "#0"},
				"west": {"uv": [0.06, 0.06, 1.968, 0.968], "texture": "#0"},
				"up": {"uv": [0.06, 0.06, 1.968, 2.91], "rotation": 90, "texture": "#0"},
				"down": {"uv": [0.06, 0.06, 1.968, 2.91], "rotation": 270, "texture": "#0"}
			}
		},
		{
			"from": [3.75, 0.65, 12.25],
			"to": [12.25, 3.4, 12.25],
			"rotation": {"angle": 0, "axis": "x", "origin": [8, 0.85871, 8]},
			"faces": {
				"north": {"uv": [5.032, 0.032, 13.968, 2.968], "texture": "#3"},
				"east": {"uv": [5.032, 0.032, 13.968, 2.968], "texture": "#3"},
				"south": {"uv": [5.032, 0.032, 13.968, 2.968], "texture": "#3"},
				"west": {"uv": [5.032, 0.032, 13.968, 2.968], "texture": "#3"},
				"up": {"uv": [5.032, 0.032, 13.968, 2.968], "texture": "#3"},
				"down": {"uv": [5.032, 0.032, 13.968, 2.968], "texture": "#3"}
			}
		},
		{
			"from": [12.25, 0.65, 3.75],
			"to": [12.25, 3.4, 12.25],
			"rotation": {"angle": 0, "axis": "y", "origin": [8, 0.85871, 8]},
			"faces": {
				"north": {"uv": [5.032, 0.032, 13.968, 2.968], "texture": "#3"},
				"east": {"uv": [5.032, 0.032, 13.968, 2.968], "texture": "#3"},
				"south": {"uv": [5.032, 0.032, 13.968, 2.968], "texture": "#3"},
				"west": {"uv": [5.032, 0.032, 13.968, 2.968], "texture": "#3"},
				"up": {"uv": [5.032, 0.032, 13.968, 2.968], "texture": "#3"},
				"down": {"uv": [5.032, 0.032, 13.968, 2.968], "texture": "#3"}
			}
		},
		{
			"from": [3.75, 0.65, 3.75],
			"to": [3.75, 3.4, 12.25],
			"rotation": {"angle": 0, "axis": "y", "origin": [8, 0.85871, 8]},
			"faces": {
				"north": {"uv": [5.032, 0.032, 13.968, 2.968], "texture": "#3"},
				"east": {"uv": [5.032, 0.032, 13.968, 2.968], "texture": "#3"},
				"south": {"uv": [5.032, 0.032, 13.968, 2.968], "texture": "#3"},
				"west": {"uv": [5.032, 0.032, 13.968, 2.968], "texture": "#3"},
				"up": {"uv": [5.032, 0.032, 13.968, 2.968], "texture": "#3"},
				"down": {"uv": [5.032, 0.032, 13.968, 2.968], "texture": "#3"}
			}
		},
		{
			"from": [3.75, 0.65, 3.75],
			"to": [12.25, 3.4, 3.75],
			"rotation": {"angle": 0, "axis": "y", "origin": [8, 0.85871, 8]},
			"faces": {
				"north": {"uv": [5.032, 0.032, 13.968, 2.968], "texture": "#3"},
				"east": {"uv": [5.032, 0.032, 13.968, 2.968], "texture": "#3"},
				"south": {"uv": [5.032, 0.032, 13.968, 2.968], "texture": "#3"},
				"west": {"uv": [5.032, 0.032, 13.968, 2.968], "texture": "#3"},
				"up": {"uv": [5.032, 0.032, 13.968, 2.968], "texture": "#3"},
				"down": {"uv": [5.032, 0.032, 13.968, 2.968], "texture": "#3"}
			}
		},
		{
			"from": [7.584, 1.59, 13.104],
			"to": [8.624, 3.67, 13.104],
			"rotation": {"angle": -45, "axis": "x", "origin": [8.26, 3.45, 13.642]},
			"faces": {
				"north": {"uv": [3.032, 5.032, 3.968, 6.968], "texture": "#3"},
				"east": {"uv": [3.032, 5.032, 3.968, 6.968], "texture": "#3"},
				"south": {"uv": [3.032, 5.032, 3.968, 6.968], "texture": "#3"},
				"west": {"uv": [3.032, 5.032, 3.968, 6.968], "texture": "#3"},
				"up": {"uv": [3.032, 5.032, 3.968, 6.968], "texture": "#3"},
				"down": {"uv": [3.032, 5.032, 3.968, 6.968], "texture": "#3"}
			}
		},
		{
			"from": [4.464, 1.59, 12.74],
			"to": [11.744, 3.67, 12.74],
			"rotation": {"angle": -45, "axis": "x", "origin": [8.26, 3.45, 13.642]},
			"faces": {
				"north": {"uv": [0.032, 3.032, 6.968, 4.968], "texture": "#3"},
				"east": {"uv": [0.032, 3.032, 6.968, 4.968], "texture": "#3"},
				"south": {"uv": [0.032, 3.032, 6.968, 4.968], "texture": "#3"},
				"west": {"uv": [0.032, 3.032, 6.968, 4.968], "texture": "#3"},
				"up": {"uv": [0.032, 3.032, 6.968, 4.968], "texture": "#3"},
				"down": {"uv": [0.032, 3.032, 6.968, 4.968], "texture": "#3"}
			}
		},
		{
			"from": [4.964, -5.61, 15.49],
			"to": [6.964, 1.29, 15.49],
			"rotation": {"angle": 0, "axis": "y", "origin": [8, -3.6475, 15.365]},
			"faces": {
				"north": {"uv": [8.032, 7.032, 9.968, 11.968], "texture": "#3"},
				"east": {"uv": [8.032, 7.032, 9.968, 11.968], "texture": "#3"},
				"south": {"uv": [8.032, 7.032, 9.968, 11.968], "texture": "#3"},
				"west": {"uv": [8.032, 7.032, 9.968, 11.968], "texture": "#3"},
				"up": {"uv": [8.032, 7.032, 9.968, 11.968], "texture": "#3"},
				"down": {"uv": [8.032, 7.032, 9.968, 11.968], "texture": "#3"}
			}
		},
		{
			"from": [4.964, 1.289, 13.491],
			"to": [6.964, 1.289, 15.491],
			"rotation": {"angle": 0, "axis": "y", "origin": [6.29733, -1.54367, 14.907]},
			"faces": {
				"north": {"uv": [8.032, 7.032, 9.968, 8.968], "texture": "#3"},
				"east": {"uv": [8.032, 7.032, 9.968, 8.968], "texture": "#3"},
				"south": {"uv": [8.032, 7.032, 9.968, 8.968], "texture": "#3"},
				"west": {"uv": [8.032, 7.032, 9.968, 8.968], "texture": "#3"},
				"up": {"uv": [8.032, 7.032, 9.968, 8.968], "texture": "#3"},
				"down": {"uv": [8.032, 7.032, 9.968, 8.968], "texture": "#3"}
			}
		},
		{
			"from": [4.964, -7.51, 15.49],
			"to": [5.964, -5.51, 15.49],
			"rotation": {"angle": 0, "axis": "y", "origin": [8, -3.6475, 15.365]},
			"faces": {
				"north": {"uv": [8.032, 7.032, 8.968, 8.968], "texture": "#3"},
				"east": {"uv": [8.032, 7.032, 8.968, 8.968], "texture": "#3"},
				"south": {"uv": [8.032, 7.032, 8.968, 8.968], "texture": "#3"},
				"west": {"uv": [8.032, 7.032, 8.968, 8.968], "texture": "#3"},
				"up": {"uv": [8.032, 7.032, 8.968, 8.968], "texture": "#3"},
				"down": {"uv": [8.032, 7.032, 8.968, 8.968], "texture": "#3"}
			}
		},
		{
			"from": [9.036, -3.71, 15.24],
			"to": [11.036, 1.29, 15.24],
			"rotation": {"angle": 0, "axis": "y", "origin": [8, -3.6475, 15.365]},
			"faces": {
				"north": {"uv": [9.968, 7.032, 8.032, 11.968], "texture": "#3"},
				"east": {"uv": [9.968, 7.032, 8.032, 11.968], "texture": "#3"},
				"south": {"uv": [9.968, 7.032, 8.032, 11.968], "texture": "#3"},
				"west": {"uv": [9.968, 7.032, 8.032, 11.968], "texture": "#3"},
				"up": {"uv": [9.968, 7.032, 8.032, 11.968], "texture": "#3"},
				"down": {"uv": [9.968, 7.032, 8.032, 11.968], "texture": "#3"}
			}
		},
		{
			"from": [10.036, -5.71, 15.24],
			"to": [11.036, -3.71, 15.24],
			"rotation": {"angle": 0, "axis": "y", "origin": [8, -3.6475, 15.365]},
			"faces": {
				"north": {"uv": [8.968, 7.032, 8.032, 8.968], "texture": "#3"},
				"east": {"uv": [8.968, 7.032, 8.032, 8.968], "texture": "#3"},
				"south": {"uv": [8.968, 7.032, 8.032, 8.968], "texture": "#3"},
				"west": {"uv": [8.968, 7.032, 8.032, 8.968], "texture": "#3"},
				"up": {"uv": [8.968, 7.032, 8.032, 8.968], "texture": "#3"},
				"down": {"uv": [8.968, 7.032, 8.032, 8.968], "texture": "#3"}
			}
		},
		{
			"from": [9.036, 1.289, 13.241],
			"to": [11.036, 1.289, 15.241],
			"rotation": {"angle": 0, "axis": "y", "origin": [9.70267, -1.54367, 14.907]},
			"faces": {
				"north": {"uv": [9.968, 7.032, 8.032, 8.968], "texture": "#3"},
				"east": {"uv": [9.968, 7.032, 8.032, 8.968], "texture": "#3"},
				"south": {"uv": [9.968, 7.032, 8.032, 8.968], "texture": "#3"},
				"west": {"uv": [9.968, 7.032, 8.032, 8.968], "texture": "#3"},
				"up": {"uv": [9.968, 7.032, 8.032, 8.968], "texture": "#3"},
				"down": {"uv": [9.968, 7.032, 8.032, 8.968], "texture": "#3"}
			}
		},
		{
			"from": [7.96057, 1.39662, 3.01428],
			"to": [8.98393, 2.41998, 3.01428],
			"rotation": {"angle": 45, "axis": "x", "origin": [8.65549, 1.90808, 2.65269]},
			"faces": {
				"north": {"uv": [6.032, 6.032, 9.968, 9.968], "texture": "#4"},
				"east": {"uv": [0.032, 0.032, 0.032, 2.968], "texture": "#4"},
				"south": {"uv": [5.032, 9.032, 8.968, 11.968], "texture": "#4"},
				"west": {"uv": [0.032, 0.032, 0.032, 2.968], "texture": "#4"},
				"up": {"uv": [0.032, 0.032, 0.032, 3.968], "rotation": 90, "texture": "#4"},
				"down": {"uv": [0.032, 0.032, 0.032, 3.968], "rotation": 270, "texture": "#4"}
			}
		},
		{
			"from": [7.96057, 1.54011, 1.52336],
			"to": [8.98393, 1.54011, 2.54672],
			"rotation": {"angle": 0, "axis": "x", "origin": [8.65549, 1.90808, 2.65269]},
			"faces": {
				"north": {"uv": [0.032, 0.032, 0.032, 3.968], "rotation": 90, "texture": "#4"},
				"east": {"uv": [0.032, 0.032, 0.032, 2.968], "rotation": 270, "texture": "#4"},
				"south": {"uv": [0.032, 0.032, 0.032, 3.968], "rotation": 90, "texture": "#4"},
				"west": {"uv": [0.032, 0.032, 0.032, 2.968], "rotation": 90, "texture": "#4"},
				"up": {"uv": [6.032, 10.032, 9.968, 14.968], "rotation": 180, "texture": "#4"},
				"down": {"uv": [6.032, 10.032, 9.968, 14.968], "texture": "#4"}
			}
		},
		{
			"from": [8.64286, 1.10341, 3.1298],
			"to": [9.66622, 2.12677, 3.1298],
			"rotation": {"angle": 45, "axis": "y", "origin": [8.65549, 1.90808, 2.65269]},
			"faces": {
				"north": {"uv": [1.032, 6.032, 5.968, 9.968], "texture": "#4"},
				"east": {"uv": [0.032, 0.032, 0.032, 2.968], "texture": "#4"},
				"south": {"uv": [5.968, 6.032, 1.032, 9.968], "texture": "#4"},
				"west": {"uv": [0.032, 0.032, 0.032, 2.968], "texture": "#4"},
				"up": {"uv": [0.032, 0.032, 0.032, 3.968], "rotation": 90, "texture": "#4"},
				"down": {"uv": [0.032, 0.032, 0.032, 3.968], "rotation": 270, "texture": "#4"}
			}
		},
		{
			"from": [7.96524, 1.13298, 1.76109],
			"to": [7.96524, 2.15634, 2.78445],
			"rotation": {"angle": 0, "axis": "y", "origin": [8.65549, 1.90808, 2.65269]},
			"faces": {
				"north": {"uv": [0.032, 0.032, 0.032, 2.968], "rotation": 180, "texture": "#4"},
				"east": {"uv": [14.968, 6.032, 10.032, 9.968], "rotation": 180, "texture": "#4"},
				"south": {"uv": [0.032, 0.032, 0.032, 2.968], "rotation": 180, "texture": "#4"},
				"west": {"uv": [5.968, 6.032, 1.032, 9.968], "rotation": 180, "texture": "#4"},
				"up": {"uv": [0.032, 3.968, 0.032, 0.032], "texture": "#4"},
				"down": {"uv": [0.032, 3.968, 0.032, 0.032], "texture": "#4"}
			}
		},
		{
			"from": [6.93721, 1.59829, 1.42776],
			"to": [10.00729, 1.59829, 4.49784],
			"rotation": {"angle": -22.5, "axis": "x", "origin": [8.47225, 1.59829, 2.9628]},
			"faces": {
				"north": {"uv": [0.032, 0.032, 0.032, 3.968], "rotation": 90, "texture": "#4"},
				"east": {"uv": [0.032, 0.032, 0.032, 2.968], "rotation": 270, "texture": "#4"},
				"south": {"uv": [0.032, 0.032, 0.032, 3.968], "rotation": 90, "texture": "#4"},
				"west": {"uv": [0.032, 0.032, 0.032, 2.968], "rotation": 90, "texture": "#4"},
				"up": {"uv": [1.032, 1.032, 14.968, 14.968], "rotation": 180, "texture": "#4"},
				"down": {"uv": [1.032, 1.032, 14.968, 14.968], "texture": "#5"}
			}
		},
		{
			"from": [6.93721, 0.06325, 2.9628],
			"to": [10.00729, 3.13333, 2.9628],
			"rotation": {"angle": -22.5, "axis": "y", "origin": [8.47225, 1.59829, 2.9628]},
			"faces": {
				"north": {"uv": [1.032, 1.032, 14.968, 14.968], "texture": "#4"},
				"east": {"uv": [0.032, 0.032, 0.032, 2.968], "texture": "#4"},
				"south": {"uv": [1.032, 1.032, 14.968, 14.968], "texture": "#5"},
				"west": {"uv": [0.032, 0.032, 0.032, 2.968], "texture": "#4"},
				"up": {"uv": [0.032, 0.032, 0.032, 3.968], "rotation": 90, "texture": "#4"},
				"down": {"uv": [0.032, 0.032, 0.032, 3.968], "rotation": 270, "texture": "#4"}
			}
		},
		{
			"from": [7.96057, 2.01437, 3.27034],
			"to": [8.98393, 3.03773, 3.27034],
			"rotation": {"angle": 0, "axis": "x", "origin": [8.65549, 1.90808, 2.65269]},
			"faces": {
				"north": {"uv": [6.032, 1.032, 9.968, 5.968], "texture": "#4"},
				"east": {"uv": [0.032, 0.032, 0.032, 2.968], "texture": "#4"},
				"south": {"uv": [6.032, 1.032, 9.968, 5.968], "texture": "#4"},
				"west": {"uv": [0.032, 0.032, 0.032, 2.968], "texture": "#4"},
				"up": {"uv": [0.032, 0.032, 0.032, 3.968], "rotation": 90, "texture": "#4"},
				"down": {"uv": [0.032, 0.032, 0.032, 3.968], "rotation": 270, "texture": "#4"}
			}
		},
		{
			"from": [2.42343, 2.00237, 13.13374],
			"to": [3.73543, 3.31437, 13.13374],
			"rotation": {"angle": -45, "axis": "x", "origin": [3.27157, 2.65808, 13.59731]},
			"faces": {
				"north": {"uv": [5.032, 9.032, 8.968, 11.968], "texture": "#4"},
				"east": {"uv": [0.032, 0.032, 0.032, 2.968], "texture": "#4"},
				"south": {"uv": [6.032, 6.032, 9.968, 9.968], "texture": "#4"},
				"west": {"uv": [0.032, 0.032, 0.032, 2.968], "texture": "#4"},
				"up": {"uv": [0.032, 3.968, 0.032, 0.032], "rotation": 90, "texture": "#4"},
				"down": {"uv": [0.032, 3.968, 0.032, 0.032], "rotation": 270, "texture": "#4"}
			}
		},
		{
			"from": [2.42343, 1.86581, 13.73317],
			"to": [3.73543, 1.86581, 15.04517],
			"rotation": {"angle": 0, "axis": "x", "origin": [3.27157, 2.65808, 13.59731]},
			"faces": {
				"north": {"uv": [0.032, 0.032, 0.032, 3.968], "rotation": 90, "texture": "#4"},
				"east": {"uv": [0.032, 0.032, 0.032, 2.968], "rotation": 90, "texture": "#4"},
				"south": {"uv": [0.032, 0.032, 0.032, 3.968], "rotation": 90, "texture": "#4"},
				"west": {"uv": [0.032, 0.032, 0.032, 2.968], "rotation": 270, "texture": "#4"},
				"up": {"uv": [9.968, 14.968, 6.032, 10.032], "rotation": 180, "texture": "#4"},
				"down": {"uv": [9.968, 14.968, 6.032, 10.032], "texture": "#4"}
			}
		},
		{
			"from": [1.67378, 1.62645, 12.68365],
			"to": [2.98578, 2.93845, 12.68365],
			"rotation": {"angle": 45, "axis": "y", "origin": [3.27157, 2.65808, 13.59731]},
			"faces": {
				"north": {"uv": [5.968, 6.032, 1.032, 9.968], "texture": "#4"},
				"east": {"uv": [0.032, 0.032, 0.032, 2.968], "texture": "#4"},
				"south": {"uv": [1.032, 6.032, 5.968, 9.968], "texture": "#4"},
				"west": {"uv": [0.032, 0.032, 0.032, 2.968], "texture": "#4"},
				"up": {"uv": [0.032, 3.968, 0.032, 0.032], "rotation": 90, "texture": "#4"},
				"down": {"uv": [0.032, 3.968, 0.032, 0.032], "rotation": 270, "texture": "#4"}
			}
		},
		{
			"from": [3.72945, 1.66437, 13.42838],
			"to": [3.72945, 2.97637, 14.74038],
			"rotation": {"angle": 0, "axis": "y", "origin": [3.72945, 2.42037, 14.18438]},
			"faces": {
				"north": {"uv": [0.032, 0.032, 0.032, 2.968], "rotation": 180, "texture": "#4"},
				"east": {"uv": [5.968, 6.032, 1.032, 9.968], "rotation": 180, "texture": "#4"},
				"south": {"uv": [0.032, 0.032, 0.032, 2.968], "rotation": 180, "texture": "#4"},
				"west": {"uv": [14.968, 6.032, 10.032, 9.968], "rotation": 180, "texture": "#4"},
				"up": {"uv": [0.032, 0.032, 0.032, 3.968], "texture": "#4"},
				"down": {"uv": [0.032, 0.032, 0.032, 3.968], "texture": "#4"}
			}
		},
		{
			"from": [1.11143, 0.69037, 13.03534],
			"to": [5.04743, 4.62637, 13.03534],
			"rotation": {"angle": -45, "axis": "x", "origin": [3.27157, 2.65808, 13.59731]},
			"faces": {
				"north": {"uv": [1.032, 1.032, 14.968, 14.968], "texture": "#5"},
				"east": {"uv": [0.032, 0.032, 0.032, 2.968], "texture": "#4"},
				"south": {"uv": [1.032, 1.032, 14.968, 14.968], "texture": "#4"},
				"west": {"uv": [0.032, 0.032, 0.032, 2.968], "texture": "#4"},
				"up": {"uv": [0.032, 3.968, 0.032, 0.032], "rotation": 90, "texture": "#4"},
				"down": {"uv": [0.032, 3.968, 0.032, 0.032], "rotation": 270, "texture": "#4"}
			}
		},
		{
			"from": [3.10631, 0.39037, 11.0193],
			"to": [3.10631, 4.32637, 14.9553],
			"rotation": {"angle": 45, "axis": "y", "origin": [3.35631, 2.40837, 12.8873]},
			"faces": {
				"north": {"uv": [0.032, 0.032, 0.032, 2.968], "texture": "#4"},
				"east": {"uv": [1.032, 1.032, 14.968, 14.968], "texture": "#5"},
				"south": {"uv": [0.032, 0.032, 0.032, 2.968], "texture": "#4"},
				"west": {"uv": [1.032, 1.032, 14.968, 14.968], "texture": "#4"},
				"up": {"uv": [0.032, 3.968, 0.032, 0.032], "rotation": 180, "texture": "#4"},
				"down": {"uv": [0.032, 3.968, 0.032, 0.032], "rotation": 180, "texture": "#4"}
			}
		},
		{
			"from": [2.42343, 2.79435, 12.80545],
			"to": [3.73543, 4.10635, 12.80545],
			"rotation": {"angle": 0, "axis": "x", "origin": [3.27157, 2.65808, 13.59731]},
			"faces": {
				"north": {"uv": [6.032, 1.032, 9.968, 5.968], "texture": "#4"},
				"east": {"uv": [0.032, 0.032, 0.032, 2.968], "texture": "#4"},
				"south": {"uv": [6.032, 1.032, 9.968, 5.968], "texture": "#4"},
				"west": {"uv": [0.032, 0.032, 0.032, 2.968], "texture": "#4"},
				"up": {"uv": [0.032, 3.968, 0.032, 0.032], "rotation": 90, "texture": "#4"},
				"down": {"uv": [0.032, 3.968, 0.032, 0.032], "rotation": 270, "texture": "#4"}
			}
		},
		{
			"from": [4.60617, 1.52419, 2.49825],
			"to": [6.36617, 3.28419, 2.49825],
			"rotation": {"angle": 45, "axis": "x", "origin": [6.36617, 2.62419, 2.49825]},
			"faces": {
				"north": {"uv": [6.032, 6.032, 9.968, 9.968], "texture": "#4"},
				"east": {"uv": [0.032, 0.032, 0.032, 2.968], "texture": "#4"},
				"south": {"uv": [5.032, 9.032, 8.968, 11.968], "texture": "#4"},
				"west": {"uv": [0.032, 0.032, 0.032, 2.968], "texture": "#4"},
				"up": {"uv": [0.032, 0.032, 0.032, 3.968], "rotation": 90, "texture": "#4"},
				"down": {"uv": [0.032, 0.032, 0.032, 3.968], "rotation": 270, "texture": "#4"}
			}
		},
		{
			"from": [4.60617, 1.84527, -0.03956],
			"to": [6.36617, 1.84527, 1.72044],
			"rotation": {"angle": 0, "axis": "x", "origin": [5.48617, 1.84527, 2.60044]},
			"faces": {
				"north": {"uv": [0.032, 0.032, 0.032, 3.968], "rotation": 90, "texture": "#4"},
				"east": {"uv": [0.032, 0.032, 0.032, 2.968], "rotation": 270, "texture": "#4"},
				"south": {"uv": [0.032, 0.032, 0.032, 3.968], "rotation": 90, "texture": "#4"},
				"west": {"uv": [0.032, 0.032, 0.032, 2.968], "rotation": 90, "texture": "#4"},
				"up": {"uv": [6.032, 10.032, 9.968, 14.968], "rotation": 180, "texture": "#4"},
				"down": {"uv": [6.032, 10.032, 9.968, 14.968], "texture": "#4"}
			}
		},
		{
			"from": [6.62392, 1.52419, 3.12051],
			"to": [8.38392, 3.28419, 3.12051],
			"rotation": {"angle": 45, "axis": "y", "origin": [5.74392, 2.40419, 3.12051]},
			"faces": {
				"north": {"uv": [1.032, 6.032, 5.968, 9.968], "texture": "#4"},
				"east": {"uv": [0.032, 0.032, 0.032, 2.968], "texture": "#4"},
				"south": {"uv": [5.968, 6.032, 1.032, 9.968], "texture": "#4"},
				"west": {"uv": [0.032, 0.032, 0.032, 2.968], "texture": "#4"},
				"up": {"uv": [0.032, 0.032, 0.032, 3.968], "rotation": 90, "texture": "#4"},
				"down": {"uv": [0.032, 0.032, 0.032, 3.968], "rotation": 270, "texture": "#4"}
			}
		},
		{
			"from": [2.58843, 1.46255, 2.25307],
			"to": [4.34843, 3.22255, 2.25307],
			"rotation": {"angle": -22.5, "axis": "x", "origin": [3.46843, 2.34255, 2.25307]},
			"faces": {
				"north": {"uv": [14.968, 6.032, 10.032, 9.968], "rotation": 180, "texture": "#4"},
				"east": {"uv": [0.032, 0.032, 0.032, 2.968], "rotation": 180, "texture": "#4"},
				"south": {"uv": [5.968, 6.032, 1.032, 9.968], "rotation": 180, "texture": "#4"},
				"west": {"uv": [0.032, 0.032, 0.032, 2.968], "rotation": 180, "texture": "#4"},
				"up": {"uv": [0.032, 3.968, 0.032, 0.032], "rotation": 270, "texture": "#4"},
				"down": {"uv": [0.032, 3.968, 0.032, 0.032], "rotation": 90, "texture": "#4"}
			}
		},
		{
			"from": [2.84617, -0.23581, 2.63025],
			"to": [8.12617, 5.04419, 2.63025],
			"rotation": {"angle": 45, "axis": "x", "origin": [6.36617, 2.62419, 2.49825]},
			"faces": {
				"north": {"uv": [1.032, 1.032, 14.968, 14.968], "texture": "#4"},
				"east": {"uv": [0.032, 0.032, 0.032, 2.968], "texture": "#4"},
				"south": {"uv": [1.032, 1.032, 14.968, 14.968], "texture": "#5"},
				"west": {"uv": [0.032, 0.032, 0.032, 2.968], "texture": "#4"},
				"up": {"uv": [0.032, 0.032, 0.032, 3.968], "rotation": 90, "texture": "#4"},
				"down": {"uv": [0.032, 0.032, 0.032, 3.968], "rotation": 270, "texture": "#4"}
			}
		},
		{
			"from": [4.60617, 3.09088, 2.96495],
			"to": [6.36617, 4.85088, 2.96495],
			"rotation": {"angle": 0, "axis": "x", "origin": [5.48617, 3.97088, 2.96495]},
			"faces": {
				"north": {"uv": [6.032, 1.032, 9.968, 5.968], "texture": "#4"},
				"east": {"uv": [0.032, 0.032, 0.032, 2.968], "texture": "#4"},
				"south": {"uv": [6.032, 1.032, 9.968, 5.968], "texture": "#4"},
				"west": {"uv": [0.032, 0.032, 0.032, 2.968], "texture": "#4"},
				"up": {"uv": [0.032, 0.032, 0.032, 3.968], "rotation": 90, "texture": "#4"},
				"down": {"uv": [0.032, 0.032, 0.032, 3.968], "rotation": 270, "texture": "#4"}
			}
		},
		{
			"from": [1.82843, 1.25, 3.99264],
			"to": [1.82843, 3.25, 5.99264],
			"rotation": {"angle": -45, "axis": "z", "origin": [1.82843, 2.5, 3.99264]},
			"faces": {
				"north": {"uv": [0.032, 0.032, 0.032, 2.968], "texture": "#4"},
				"east": {"uv": [5.032, 9.032, 8.968, 11.968], "texture": "#4"},
				"south": {"uv": [0.032, 0.032, 0.032, 2.968], "texture": "#4"},
				"west": {"uv": [6.032, 6.032, 9.968, 9.968], "texture": "#4"},
				"up": {"uv": [0.032, 0.032, 0.032, 3.968], "texture": "#4"},
				"down": {"uv": [0.032, 0.032, 0.032, 3.968], "texture": "#4"}
			}
		},
		{
			"from": [-0.94282, 2.05226, 3.99264],
			"to": [1.05718, 2.05226, 5.99264],
			"rotation": {"angle": 22.5, "axis": "z", "origin": [2.05718, 2.05226, 4.99264]},
			"faces": {
				"north": {"uv": [0.032, 0.032, 0.032, 2.968], "rotation": 270, "texture": "#4"},
				"east": {"uv": [0.032, 0.032, 0.032, 3.968], "rotation": 90, "texture": "#4"},
				"south": {"uv": [0.032, 0.032, 0.032, 2.968], "rotation": 90, "texture": "#4"},
				"west": {"uv": [0.032, 0.032, 0.032, 3.968], "rotation": 90, "texture": "#4"},
				"up": {"uv": [6.032, 10.032, 9.968, 14.968], "rotation": 90, "texture": "#4"},
				"down": {"uv": [6.032, 10.032, 9.968, 14.968], "rotation": 90, "texture": "#4"}
			}
		},
		{
			"from": [1.97607, 1.10645, 1.99264],
			"to": [1.97607, 3.10645, 3.99264],
			"rotation": {"angle": 0, "axis": "z", "origin": [1.97607, 2.10645, 4.99264]},
			"faces": {
				"north": {"uv": [0.032, 0.032, 0.032, 2.968], "texture": "#4"},
				"east": {"uv": [5.968, 6.032, 1.032, 9.968], "texture": "#4"},
				"south": {"uv": [0.032, 0.032, 0.032, 2.968], "texture": "#4"},
				"west": {"uv": [1.032, 6.032, 5.968, 9.968], "texture": "#4"},
				"up": {"uv": [0.032, 0.032, 0.032, 3.968], "texture": "#4"},
				"down": {"uv": [0.032, 0.032, 0.032, 3.968], "texture": "#4"}
			}
		},
		{
			"from": [2.53553, 1.25, 6.28553],
			"to": [2.53553, 3.25, 8.28553],
			"rotation": {"angle": -45, "axis": "y", "origin": [2.53553, 2.25, 5.28553]},
			"faces": {
				"north": {"uv": [0.032, 0.032, 0.032, 2.968], "texture": "#4"},
				"east": {"uv": [14.968, 6.032, 10.032, 9.968], "texture": "#4"},
				"south": {"uv": [0.032, 0.032, 0.032, 2.968], "texture": "#4"},
				"west": {"uv": [5.968, 6.032, 1.032, 9.968], "texture": "#4"},
				"up": {"uv": [0.032, 3.968, 0.032, 0.032], "texture": "#4"},
				"down": {"uv": [0.032, 3.968, 0.032, 0.032], "texture": "#4"}
			}
		},
		{
			"from": [1.97843, -0.75, 1.99264],
			"to": [1.97843, 5.25, 7.99264],
			"rotation": {"angle": -45, "axis": "z", "origin": [1.97843, 2.25, 4.99264]},
			"faces": {
				"north": {"uv": [0.032, 0.032, 0.032, 2.968], "texture": "#4"},
				"east": {"uv": [1.032, 1.032, 14.968, 14.968], "texture": "#5"},
				"south": {"uv": [0.032, 0.032, 0.032, 2.968], "texture": "#4"},
				"west": {"uv": [1.032, 1.032, 14.968, 14.968], "texture": "#4"},
				"up": {"uv": [0.032, 0.032, 0.032, 3.968], "texture": "#4"},
				"down": {"uv": [0.032, 0.032, 0.032, 3.968], "texture": "#4"}
			}
		},
		{
			"from": [2.35876, 3.03033, 3.99264],
			"to": [2.35876, 5.03033, 5.99264],
			"rotation": {"angle": 0, "axis": "z", "origin": [2.35876, 4.03033, 4.99264]},
			"faces": {
				"north": {"uv": [0.032, 0.032, 0.032, 2.968], "texture": "#4"},
				"east": {"uv": [6.032, 1.032, 9.968, 5.968], "texture": "#4"},
				"south": {"uv": [0.032, 0.032, 0.032, 2.968], "texture": "#4"},
				"west": {"uv": [6.032, 1.032, 9.968, 5.968], "texture": "#4"},
				"up": {"uv": [0.032, 0.032, 0.032, 3.968], "texture": "#4"},
				"down": {"uv": [0.032, 0.032, 0.032, 3.968], "texture": "#4"}
			}
		},
		{
			"from": [3.32843, 2.25, 7.99264],
			"to": [3.32843, 4.25, 9.99264],
			"rotation": {"angle": 0, "axis": "z", "origin": [3.32843, 3.5, 7.99264]},
			"faces": {
				"north": {"uv": [0.032, 0.032, 0.032, 2.968], "texture": "#4"},
				"east": {"uv": [5.032, 9.032, 8.968, 11.968], "texture": "#4"},
				"south": {"uv": [0.032, 0.032, 0.032, 2.968], "texture": "#4"},
				"west": {"uv": [6.032, 6.032, 9.968, 9.968], "texture": "#4"},
				"up": {"uv": [0.032, 0.032, 0.032, 3.968], "texture": "#4"},
				"down": {"uv": [0.032, 0.032, 0.032, 3.968], "texture": "#4"}
			}
		},
		{
			"from": [3.71111, 0.17388, 7.99264],
			"to": [3.71111, 2.17388, 9.99264],
			"rotation": {"angle": -22.5, "axis": "z", "origin": [3.71111, 3.17388, 8.99264]},
			"faces": {
				"north": {"uv": [0.032, 0.032, 0.032, 2.968], "texture": "#4"},
				"east": {"uv": [6.032, 10.032, 9.968, 14.968], "texture": "#4"},
				"south": {"uv": [0.032, 0.032, 0.032, 2.968], "texture": "#4"},
				"west": {"uv": [6.032, 10.032, 9.968, 14.968], "texture": "#4"},
				"up": {"uv": [0.032, 0.032, 0.032, 3.968], "texture": "#4"},
				"down": {"uv": [0.032, 0.032, 0.032, 3.968], "texture": "#4"}
			}
		},
		{
			"from": [4.03553, 2.25, 5.69975],
			"to": [4.03553, 4.25, 7.69975],
			"rotation": {"angle": 45, "axis": "y", "origin": [4.03553, 3.25, 8.69975]},
			"faces": {
				"north": {"uv": [0.032, 0.032, 0.032, 2.968], "texture": "#4"},
				"east": {"uv": [5.968, 6.032, 1.032, 9.968], "texture": "#4"},
				"south": {"uv": [0.032, 0.032, 0.032, 2.968], "texture": "#4"},
				"west": {"uv": [1.032, 6.032, 5.968, 9.968], "texture": "#4"},
				"up": {"uv": [0.032, 0.032, 0.032, 3.968], "texture": "#4"},
				"down": {"uv": [0.032, 0.032, 0.032, 3.968], "texture": "#4"}
			}
		},
		{
			"from": [4.03553, 2.25, 10.28553],
			"to": [4.03553, 4.25, 12.28553],
			"rotation": {"angle": -45, "axis": "y", "origin": [4.03553, 3.25, 9.28553]},
			"faces": {
				"north": {"uv": [0.032, 0.032, 0.032, 2.968], "texture": "#4"},
				"east": {"uv": [14.968, 6.032, 10.032, 9.968], "texture": "#4"},
				"south": {"uv": [0.032, 0.032, 0.032, 2.968], "texture": "#4"},
				"west": {"uv": [5.968, 6.032, 1.032, 9.968], "texture": "#4"},
				"up": {"uv": [0.032, 3.968, 0.032, 0.032], "texture": "#4"},
				"down": {"uv": [0.032, 3.968, 0.032, 0.032], "texture": "#4"}
			}
		},
		{
			"from": [3.47843, 0.25, 5.99264],
			"to": [3.47843, 6.25, 11.99264],
			"rotation": {"angle": 0, "axis": "z", "origin": [3.32843, 3.5, 7.99264]},
			"faces": {
				"north": {"uv": [0.032, 0.032, 0.032, 2.968], "texture": "#4"},
				"east": {"uv": [1.032, 1.032, 14.968, 14.968], "texture": "#5"},
				"south": {"uv": [0.032, 0.032, 0.032, 2.968], "texture": "#4"},
				"west": {"uv": [1.032, 1.032, 14.968, 14.968], "texture": "#4"},
				"up": {"uv": [0.032, 0.032, 0.032, 3.968], "texture": "#4"},
				"down": {"uv": [0.032, 0.032, 0.032, 3.968], "texture": "#4"}
			}
		},
		{
			"from": [2.94574, 4.17388, 7.99264],
			"to": [2.94574, 6.17388, 9.99264],
			"rotation": {"angle": 22.5, "axis": "z", "origin": [2.94574, 5.17388, 8.99264]},
			"faces": {
				"north": {"uv": [0.032, 0.032, 0.032, 2.968], "texture": "#4"},
				"east": {"uv": [6.032, 1.032, 9.968, 5.968], "texture": "#4"},
				"south": {"uv": [0.032, 0.032, 0.032, 2.968], "texture": "#4"},
				"west": {"uv": [6.032, 1.032, 9.968, 5.968], "texture": "#4"},
				"up": {"uv": [0.032, 0.032, 0.032, 3.968], "texture": "#4"},
				"down": {"uv": [0.032, 0.032, 0.032, 3.968], "texture": "#4"}
			}
		},
		{
			"from": [6.25, 1, -4.5],
			"to": [6.25, 3, 0.5],
			"rotation": {"angle": -45, "axis": "y", "origin": [0, 0.5, -3.75]},
			"faces": {
				"east": {"uv": [6.968, 1.032, 0.032, 3.968], "texture": "#6"},
				"west": {"uv": [0.032, 1.032, 6.968, 3.968], "texture": "#6"},
				"up": {"uv": [0.032, 0.032, 0.032, 6.968], "texture": "#6"},
				"down": {"uv": [0.032, 0.032, 0.032, 6.968], "texture": "#6"}
			}
		},
		{
			"from": [5.76506, 2.67769, 3.01967],
			"to": [10.06506, 4.39769, 3.01967],
			"rotation": {"angle": 22.5, "axis": "x", "origin": [8.16506, 2.78769, 3.01967]},
			"faces": {
				"north": {"uv": [0.032, 10.032, 6.968, 12.968], "texture": "#6"},
				"south": {"uv": [6.968, 1.032, 0.032, 3.968], "texture": "#6"},
				"up": {"uv": [0.032, 0.032, 0.032, 6.968], "rotation": 90, "texture": "#6"},
				"down": {"uv": [0.032, 0.032, 0.032, 6.968], "rotation": 270, "texture": "#6"}
			}
		},
		{
			"from": [9.05506, 1.23059, 0.40668],
			"to": [10.77506, 1.23059, 4.70668],
			"rotation": {"angle": -45, "axis": "y", "origin": [12.41506, 3.48059, 3.30668]},
			"faces": {
				"east": {"uv": [0.032, 0.032, 0.032, 6.968], "rotation": 90, "texture": "#6"},
				"west": {"uv": [0.032, 0.032, 0.032, 6.968], "rotation": 90, "texture": "#6"},
				"up": {"uv": [0.032, 6.032, 6.968, 8.968], "rotation": 90, "texture": "#6"},
				"down": {"uv": [6.968, 6.032, 0.032, 8.968], "rotation": 90, "texture": "#6"}
			}
		},
		{
			"from": [3.74398, 3.23786, 8.7467],
			"to": [3.74398, 5.70186, 13.7947],
			"rotation": {"angle": -22.5, "axis": "x", "origin": [3.74398, 4.21986, 12.2707]},
			"faces": {
				"east": {"uv": [15.968, 7.032, 10.032, 9.968], "texture": "#6"},
				"west": {"uv": [10.032, 7.032, 15.968, 9.968], "texture": "#6"},
				"up": {"uv": [0.032, 0.032, 0.032, 6.968], "texture": "#6"},
				"down": {"uv": [0.032, 0.032, 0.032, 6.968], "texture": "#6"}
			}
		},
		{
			"from": [0.88909, 3, 8.76041],
			"to": [0.88909, 6, 15.76041],
			"rotation": {"angle": 22.5, "axis": "x", "origin": [3.88909, 9.5, 2.26041]},
			"faces": {
				"east": {"uv": [0.032, 1.032, 6.968, 3.968], "texture": "#6"},
				"west": {"uv": [6.968, 1.032, 0.032, 3.968], "texture": "#6"},
				"up": {"uv": [0.032, 0.032, 0.032, 6.968], "rotation": 180, "texture": "#6"},
				"down": {"uv": [0.032, 0.032, 0.032, 6.968], "rotation": 180, "texture": "#6"}
			}
		}
	],
	"display": {
		"thirdperson_righthand": {
			"rotation": [65, 0, 0],
			"translation": [-6, 5.5, 6.5]
		},
		"ground": {
			"translation": [0, 4, 0]
		},
		"gui": {
			"rotation": [35.25, 28.75, 0],
			"translation": [0, 5.5, 0]
		},
		"head": {
			"rotation": [5.75, 0, 0],
			"translation": [0, 15, 0.75],
			"scale": [1.83, 1.83, 1.83]
		},
		"fixed": {
			"rotation": [-90, 0, 0],
			"translation": [0, 2, -15],
			"scale": [2, 2, 2]
		}
	},
	"groups": [
		{
			"name": "hat",
			"origin": [8, 8, 8],
			"color": 0,
			"children": [
				0,
				1,
				2,
				3,
				4,
				5,
				6,
				7,
				8,
				9,
				{
					"name": "lace",
					"origin": [8, 8, 8],
					"color": 0,
					"children": [
						10,
						11,
						12,
						13,
						{
							"name": "ribbon",
							"origin": [8, 8.85871, 8],
							"color": 0,
							"children": [
								14,
								15,
								{
									"name": "ribbon",
									"origin": [8.26, 11.45, 13.642],
									"color": 0,
									"children": [16, 17, 18, 19, 20, 21]
								}
							]
						}
					]
				},
				{
					"name": "sunflower",
					"origin": [8, 8, 8],
					"color": 0,
					"children": [
						{
							"name": "flower",
							"origin": [8, 8, 8],
							"color": 0,
							"children": [22, 23, 24, 25, 26, 27, 28]
						},
						{
							"name": "flower",
							"origin": [8, 8, 8],
							"color": 0,
							"children": [29, 30, 31, 32, 33, 34, 35]
						},
						{
							"name": "flower",
							"origin": [8, 8, 8],
							"color": 0,
							"children": [36, 37, 38, 39, 40, 41]
						},
						{
							"name": "flower",
							"origin": [8, 8, 8],
							"color": 0,
							"children": [42, 43, 44, 45, 46, 47]
						},
						{
							"name": "flower",
							"origin": [8, 8, 8],
							"color": 0,
							"children": [48, 49, 50, 51, 52, 53]
						}
					]
				},
				{
					"name": "leaf",
					"origin": [4.83327, -0.30327, 4.76725],
					"color": 0,
					"children": [54, 55, 56, 57, 58]
				}
			]
		}
	]
}