{
	"credit": "Made with Blockbench",
	"textures": {
		"0": "block/hay_block_top",
		"1": "block/hay_block_side",
		"particle": "block/hay_block_top"
	},
	"elements": [
		{
			"from": [3, 0.001, 1],
			"to": [13, 1.001, 4],
			"rotation": {"angle": 0, "axis": "x", "origin": [9.06864, 1.50756, 4.34157]},
			"faces": {
				"north": {"uv": [0.06, 0.06, 9.94, 0.94], "texture": "#0"},
				"east": {"uv": [0.06, 0.06, 13.94, 0.94], "texture": "#0"},
				"south": {"uv": [3.06, 5.06, 12.94, 5.94], "texture": "#1"},
				"west": {"uv": [0.06, 0.06, 13.94, 0.94], "texture": "#0"},
				"up": {"uv": [2.06, 3.06, 12.06, 6.06], "texture": "#0"},
				"down": {"uv": [0.06, 0.06, 10.06, 3.06], "texture": "#0"}
			}
		},
		{
			"from": [3, 0.001, 12],
			"to": [13, 1.001, 15],
			"rotation": {"angle": 0, "axis": "x", "origin": [9.06864, 1.50756, 4.34157]},
			"faces": {
				"north": {"uv": [0.06, 0.06, 9.94, 0.94], "texture": "#0"},
				"east": {"uv": [0.06, 0.06, 13.94, 0.94], "texture": "#0"},
				"south": {"uv": [3.06, 5.06, 12.94, 5.94], "texture": "#1"},
				"west": {"uv": [0.06, 0.06, 13.94, 0.94], "texture": "#0"},
				"up": {"uv": [0.06, 0.06, 10.06, 3.06], "texture": "#0"},
				"down": {"uv": [0.06, 0.06, 10.06, 3.06], "texture": "#0"}
			}
		},
		{
			"from": [12, 0.01, 3],
			"to": [15, 1.01, 13],
			"rotation": {"angle": 0, "axis": "x", "origin": [8, 0.85871, 8]},
			"faces": {
				"north": {"uv": [0.06, 0.06, 14.06, 1.06], "texture": "#0"},
				"east": {"uv": [0.06, 0.06, 10.06, 1.06], "texture": "#0"},
				"south": {"uv": [0.06, 0.06, 14.06, 1.06], "texture": "#0"},
				"west": {"uv": [0.06, 0.06, 10.06, 1.06], "texture": "#0"},
				"up": {"uv": [7.06, 2.06, 10.06, 12.06], "texture": "#0"},
				"down": {"uv": [0.06, 0.06, 3.06, 10.06], "texture": "#0"}
			}
		},
		{
			"from": [1, 0.01, 3],
			"to": [4, 1.01, 13],
			"rotation": {"angle": 0, "axis": "x", "origin": [8, 0.85871, 8]},
			"faces": {
				"north": {"uv": [0.06, 0.06, 14.06, 1.06], "texture": "#0"},
				"east": {"uv": [0.06, 0.06, 10.06, 1.06], "texture": "#0"},
				"south": {"uv": [0.06, 0.06, 14.06, 1.06], "texture": "#0"},
				"west": {"uv": [0.06, 0.06, 10.06, 1.06], "texture": "#0"},
				"up": {"uv": [8.06, 3.06, 11.06, 13.06], "texture": "#0"},
				"down": {"uv": [0.06, 0.06, 3.06, 10.06], "texture": "#0"}
			}
		},
		{
			"from": [4, 1, 4],
			"to": [12, 5, 12.2],
			"rotation": {"angle": 0, "axis": "x", "origin": [8, 0.85871, 8]},
			"faces": {
				"north": {"uv": [0.06, 0.06, 7.94, 3.94], "texture": "#1"},
				"east": {"uv": [2.06, 8.06, 9.94, 11.94], "texture": "#1"},
				"south": {"uv": [0.06, 0.06, 7.94, 3.94], "texture": "#1"},
				"west": {"uv": [5.06, 0.06, 12.94, 3.94], "texture": "#1"},
				"up": {"uv": [4.06, 5.06, 11.94, 10.94], "texture": "#1"},
				"down": {"uv": [4.06, 6.06, 12.06, 14.06], "texture": "#0"}
			}
		},
		{
			"from": [4, 0, 4],
			"to": [12, 1, 12],
			"rotation": {"angle": 0, "axis": "x", "origin": [8, 0.85871, 8]},
			"faces": {
				"north": {"uv": [0.06, 0.06, 7.94, 3.94], "texture": "#1"},
				"east": {"uv": [2.06, 8.06, 9.94, 11.94], "texture": "#1"},
				"south": {"uv": [0.06, 0.06, 7.94, 3.94], "texture": "#1"},
				"west": {"uv": [5.06, 0.06, 12.94, 3.94], "texture": "#1"},
				"up": {"uv": [4.06, 5.06, 11.94, 10.94], "texture": "#1"},
				"down": {"uv": [0, 0, 8, 8], "texture": "#0"}
			}
		},
		{
			"from": [-0.48528, 0, 6.58579],
			"to": [1.51472, 1, 9.43579],
			"rotation": {"angle": -45, "axis": "y", "origin": [8, 0.85871, 8]},
			"faces": {
				"north": {"uv": [0.06, 0.06, 2.06, 1.06], "texture": "#0"},
				"east": {"uv": [0.06, 0.06, 2.91, 1.06], "texture": "#0"},
				"south": {"uv": [0.06, 0.06, 2.06, 1.06], "texture": "#0"},
				"west": {"uv": [0.06, 0.06, 2.91, 1.06], "texture": "#0"},
				"up": {"uv": [0.06, 0.06, 2.06, 2.91], "texture": "#0"},
				"down": {"uv": [0.06, 0.06, 2.06, 2.91], "texture": "#0"}
			}
		},
		{
			"from": [6.58579, 0, 14.48528],
			"to": [9.43579, 1, 16.48528],
			"rotation": {"angle": -45, "axis": "y", "origin": [8, 0.85871, 8]},
			"faces": {
				"north": {"uv": [0.06, 0.06, 2.91, 1.06], "texture": "#0"},
				"east": {"uv": [0.06, 0.06, 2.06, 1.06], "texture": "#0"},
				"south": {"uv": [0.06, 0.06, 2.91, 1.06], "texture": "#0"},
				"west": {"uv": [0.06, 0.06, 2.06, 1.06], "texture": "#0"},
				"up": {"uv": [0.06, 0.06, 2.06, 2.91], "rotation": 270, "texture": "#0"},
				"down": {"uv": [0.06, 0.06, 2.06, 2.91], "rotation": 90, "texture": "#0"}
			}
		},
		{
			"from": [14.48528, 0, 6.56421],
			"to": [16.48528, 1, 9.41421],
			"rotation": {"angle": -45, "axis": "y", "origin": [8, 0.85871, 8]},
			"faces": {
				"north": {"uv": [0.06, 0.06, 2.06, 1.06], "texture": "#0"},
				"east": {"uv": [0.06, 0.06, 2.91, 1.06], "texture": "#0"},
				"south": {"uv": [0.06, 0.06, 2.06, 1.06], "texture": "#0"},
				"west": {"uv": [0.06, 0.06, 2.91, 1.06], "texture": "#0"},
				"up": {"uv": [0.06, 0.06, 2.06, 2.91], "rotation": 180, "texture": "#0"},
				"down": {"uv": [0.06, 0.06, 2.06, 2.91], "rotation": 180, "texture": "#0"}
			}
		},
		{
			"from": [6.56421, 0, -0.48528],
			"to": [9.41421, 1, 1.51472],
			"rotation": {"angle": -45, "axis": "y", "origin": [8, 0.85871, 8]},
			"faces": {
				"north": {"uv": [0.06, 0.06, 2.91, 1.06], "texture": "#0"},
				"east": {"uv": [0.06, 0.06, 2.06, 1.06], "texture": "#0"},
				"south": {"uv": [0.06, 0.06, 2.91, 1.06], "texture": "#0"},
				"west": {"uv": [0.06, 0.06, 2.06, 1.06], "texture": "#0"},
				"up": {"uv": [0.06, 0.06, 2.06, 2.91], "rotation": 90, "texture": "#0"},
				"down": {"uv": [0.06, 0.06, 2.06, 2.91], "rotation": 270, "texture": "#0"}
			}
		}
	],
	"display": {
		"thirdperson_righthand": {
			"rotation": [65, 0, 0],
			"translation": [-6, 5.5, 6.5]
		},
		"ground": {
			"translation": [0, 4, 0]
		},
		"gui": {
			"rotation": [35.25, 28.75, 0],
			"translation": [0, 5.5, 0]
		},
		"head": {
			"rotation": [5.75, 0, 0],
			"translation": [0, 15, 0.75],
			"scale": [1.83, 1.83, 1.83]
		},
		"fixed": {
			"rotation": [-90, 0, 0],
			"translation": [0, 2, -15],
			"scale": [2, 2, 2]
		}
	},
	"groups": [
		{
			"name": "hat",
			"origin": [8, 8, 8],
			"color": 0,
			"children": [0, 1, 2, 3, 4, 5, 6, 7, 8, 9]
		}
	]
}