{
	"credit": "Made with Blockbench",
	"textures": {
		"0": "block/hay_block_top",
		"1": "block/hay_block_side",
		"3": "block/strawhat_1",
		"4": "block/white_tulip",
		"5": "block/pink_tulip",
		"particle": "block/hay_block_top"
	},
	"elements": [
		{
			"from": [3, 0.001, 1],
			"to": [13, 1.001, 4],
			"rotation": {"angle": 0, "axis": "x", "origin": [9.06864, 1.50756, 4.34157]},
			"faces": {
				"north": {"uv": [0.06, 0.06, 9.94, 0.94], "texture": "#0"},
				"east": {"uv": [0.06, 0.06, 13.94, 0.94], "texture": "#0"},
				"south": {"uv": [3.06, 5.06, 12.94, 5.94], "texture": "#1"},
				"west": {"uv": [0.06, 0.06, 13.94, 0.94], "texture": "#0"},
				"up": {"uv": [2.06, 3.06, 11.94, 5.94], "texture": "#0"},
				"down": {"uv": [0.06, 0.06, 9.94, 2.94], "texture": "#0"}
			}
		},
		{
			"from": [3, 0.001, 12],
			"to": [13, 1.001, 15],
			"rotation": {"angle": 0, "axis": "x", "origin": [9.06864, 1.50756, 4.34157]},
			"faces": {
				"north": {"uv": [0.06, 0.06, 9.94, 0.94], "texture": "#0"},
				"east": {"uv": [0.06, 0.06, 13.94, 0.94], "texture": "#0"},
				"south": {"uv": [3.06, 5.06, 12.94, 5.94], "texture": "#1"},
				"west": {"uv": [0.06, 0.06, 13.94, 0.94], "texture": "#0"},
				"up": {"uv": [0.06, 0.06, 9.94, 2.94], "texture": "#0"},
				"down": {"uv": [0.06, 0.06, 9.94, 2.94], "texture": "#0"}
			}
		},
		{
			"from": [12, 0.01, 3],
			"to": [15, 1.01, 13],
			"rotation": {"angle": 0, "axis": "x", "origin": [8, 0.85871, 8]},
			"faces": {
				"north": {"uv": [0.06, 0.06, 13.94, 0.94], "texture": "#0"},
				"east": {"uv": [0.06, 0.06, 9.94, 0.94], "texture": "#0"},
				"south": {"uv": [0.06, 0.06, 13.94, 0.94], "texture": "#0"},
				"west": {"uv": [0.06, 0.06, 9.94, 0.94], "texture": "#0"},
				"up": {"uv": [7.06, 2.06, 9.94, 11.94], "texture": "#0"},
				"down": {"uv": [0.06, 0.06, 2.94, 9.94], "texture": "#0"}
			}
		},
		{
			"from": [1, 0.01, 3],
			"to": [4, 1.01, 13],
			"rotation": {"angle": 0, "axis": "x", "origin": [8, 0.85871, 8]},
			"faces": {
				"north": {"uv": [0.06, 0.06, 13.94, 0.94], "texture": "#0"},
				"east": {"uv": [0.06, 0.06, 9.94, 0.94], "texture": "#0"},
				"south": {"uv": [0.06, 0.06, 13.94, 0.94], "texture": "#0"},
				"west": {"uv": [0.06, 0.06, 9.94, 0.94], "texture": "#0"},
				"up": {"uv": [8.06, 3.06, 10.94, 12.94], "texture": "#0"},
				"down": {"uv": [0.06, 0.06, 2.94, 9.94], "texture": "#0"}
			}
		},
		{
			"from": [4, 1, 4],
			"to": [12, 5, 12.2],
			"rotation": {"angle": 0, "axis": "x", "origin": [8, 0.85871, 8]},
			"faces": {
				"north": {"uv": [0.06, 0.06, 7.94, 3.94], "texture": "#1"},
				"east": {"uv": [2.06, 8.06, 9.94, 11.94], "texture": "#1"},
				"south": {"uv": [0.06, 0.06, 7.94, 3.94], "texture": "#1"},
				"west": {"uv": [5.06, 0.06, 12.94, 3.94], "texture": "#1"},
				"up": {"uv": [4.06, 5.06, 11.94, 10.94], "texture": "#1"},
				"down": {"uv": [4.06, 6.06, 11.94, 13.94], "texture": "#0"}
			}
		},
		{
			"from": [4, 0, 4],
			"to": [12, 1, 12],
			"rotation": {"angle": 0, "axis": "x", "origin": [8, 0.85871, 8]},
			"faces": {
				"north": {"uv": [0.06, 0.06, 7.94, 3.94], "texture": "#1"},
				"east": {"uv": [2.06, 8.06, 9.94, 11.94], "texture": "#1"},
				"south": {"uv": [0.06, 0.06, 7.94, 3.94], "texture": "#1"},
				"west": {"uv": [5.06, 0.06, 12.94, 3.94], "texture": "#1"},
				"up": {"uv": [4.06, 5.06, 11.94, 10.94], "texture": "#1"},
				"down": {"uv": [0.06, 0.06, 7.94, 7.94], "texture": "#0"}
			}
		},
		{
			"from": [-0.48528, 0, 6.58579],
			"to": [1.51472, 1, 9.43579],
			"rotation": {"angle": -45, "axis": "y", "origin": [8, 0.85871, 8]},
			"faces": {
				"north": {"uv": [0.06, 0.06, 1.94, 0.94], "texture": "#0"},
				"east": {"uv": [0.06, 0.06, 2.91, 0.94], "texture": "#0"},
				"south": {"uv": [0.06, 0.06, 1.94, 0.94], "texture": "#0"},
				"west": {"uv": [0.06, 0.06, 2.91, 0.94], "texture": "#0"},
				"up": {"uv": [0.06, 0.06, 1.94, 2.91], "texture": "#0"},
				"down": {"uv": [0.06, 0.06, 1.94, 2.91], "texture": "#0"}
			}
		},
		{
			"from": [6.58579, 0, 14.48528],
			"to": [9.43579, 1, 16.48528],
			"rotation": {"angle": -45, "axis": "y", "origin": [8, 0.85871, 8]},
			"faces": {
				"north": {"uv": [0.06, 0.06, 2.91, 0.94], "texture": "#0"},
				"east": {"uv": [0.06, 0.06, 1.94, 0.94], "texture": "#0"},
				"south": {"uv": [0.06, 0.06, 2.91, 0.94], "texture": "#0"},
				"west": {"uv": [0.06, 0.06, 1.94, 0.94], "texture": "#0"},
				"up": {"uv": [0.06, 0.06, 1.94, 2.91], "rotation": 270, "texture": "#0"},
				"down": {"uv": [0.06, 0.06, 1.94, 2.91], "rotation": 90, "texture": "#0"}
			}
		},
		{
			"from": [14.48528, 0, 6.56421],
			"to": [16.48528, 1, 9.41421],
			"rotation": {"angle": -45, "axis": "y", "origin": [8, 0.85871, 8]},
			"faces": {
				"north": {"uv": [0.06, 0.06, 1.94, 0.94], "texture": "#0"},
				"east": {"uv": [0.06, 0.06, 2.91, 0.94], "texture": "#0"},
				"south": {"uv": [0.06, 0.06, 1.94, 0.94], "texture": "#0"},
				"west": {"uv": [0.06, 0.06, 2.91, 0.94], "texture": "#0"},
				"up": {"uv": [0.06, 0.06, 1.94, 2.91], "rotation": 180, "texture": "#0"},
				"down": {"uv": [0.06, 0.06, 1.94, 2.91], "rotation": 180, "texture": "#0"}
			}
		},
		{
			"from": [6.56421, 0, -0.48528],
			"to": [9.41421, 1, 1.51472],
			"rotation": {"angle": -45, "axis": "y", "origin": [8, 0.85871, 8]},
			"faces": {
				"north": {"uv": [0.06, 0.06, 2.91, 0.94], "texture": "#0"},
				"east": {"uv": [0.06, 0.06, 1.94, 0.94], "texture": "#0"},
				"south": {"uv": [0.06, 0.06, 2.91, 0.94], "texture": "#0"},
				"west": {"uv": [0.06, 0.06, 1.94, 0.94], "texture": "#0"},
				"up": {"uv": [0.06, 0.06, 1.94, 2.91], "rotation": 90, "texture": "#0"},
				"down": {"uv": [0.06, 0.06, 1.94, 2.91], "rotation": 270, "texture": "#0"}
			}
		},
		{
			"from": [3.75, 0.65, 12.25],
			"to": [12.25, 3.4, 12.25],
			"rotation": {"angle": 0, "axis": "x", "origin": [8, 0.85871, 8]},
			"faces": {
				"north": {"uv": [5.06, 0.06, 13.94, 2.94], "texture": "#3"},
				"east": {"uv": [5.06, 0.06, 13.94, 2.94], "texture": "#3"},
				"south": {"uv": [5.06, 0.06, 13.94, 2.94], "texture": "#3"},
				"west": {"uv": [5.06, 0.06, 13.94, 2.94], "texture": "#3"},
				"up": {"uv": [5.06, 0.06, 13.94, 2.94], "texture": "#3"},
				"down": {"uv": [5.06, 0.06, 13.94, 2.94], "texture": "#3"}
			}
		},
		{
			"from": [12.25, 0.65, 3.75],
			"to": [12.25, 3.4, 12.25],
			"rotation": {"angle": 0, "axis": "y", "origin": [8, 0.85871, 8]},
			"faces": {
				"north": {"uv": [5.06, 0.06, 13.94, 2.94], "texture": "#3"},
				"east": {"uv": [5.06, 0.06, 13.94, 2.94], "texture": "#3"},
				"south": {"uv": [5.06, 0.06, 13.94, 2.94], "texture": "#3"},
				"west": {"uv": [5.06, 0.06, 13.94, 2.94], "texture": "#3"},
				"up": {"uv": [5.06, 0.06, 13.94, 2.94], "texture": "#3"},
				"down": {"uv": [5.06, 0.06, 13.94, 2.94], "texture": "#3"}
			}
		},
		{
			"from": [3.75, 0.65, 3.75],
			"to": [3.75, 3.4, 12.25],
			"rotation": {"angle": 0, "axis": "y", "origin": [8, 0.85871, 8]},
			"faces": {
				"north": {"uv": [5.06, 0.06, 13.94, 2.94], "texture": "#3"},
				"east": {"uv": [5.06, 0.06, 13.94, 2.94], "texture": "#3"},
				"south": {"uv": [5.06, 0.06, 13.94, 2.94], "texture": "#3"},
				"west": {"uv": [5.06, 0.06, 13.94, 2.94], "texture": "#3"},
				"up": {"uv": [5.06, 0.06, 13.94, 2.94], "texture": "#3"},
				"down": {"uv": [5.06, 0.06, 13.94, 2.94], "texture": "#3"}
			}
		},
		{
			"from": [3.75, 0.65, 3.75],
			"to": [12.25, 3.4, 3.75],
			"rotation": {"angle": 0, "axis": "y", "origin": [8, 0.85871, 8]},
			"faces": {
				"north": {"uv": [5.06, 0.06, 13.94, 2.94], "texture": "#3"},
				"east": {"uv": [5.06, 0.06, 13.94, 2.94], "texture": "#3"},
				"south": {"uv": [5.06, 0.06, 13.94, 2.94], "texture": "#3"},
				"west": {"uv": [5.06, 0.06, 13.94, 2.94], "texture": "#3"},
				"up": {"uv": [5.06, 0.06, 13.94, 2.94], "texture": "#3"},
				"down": {"uv": [5.06, 0.06, 13.94, 2.94], "texture": "#3"}
			}
		},
		{
			"from": [7.584, 1.59, 13.104],
			"to": [8.624, 3.67, 13.104],
			"rotation": {"angle": -45, "axis": "x", "origin": [8.26, 3.45, 13.642]},
			"faces": {
				"north": {"uv": [3.06, 5.06, 3.94, 6.94], "texture": "#3"},
				"east": {"uv": [3.06, 5.06, 3.94, 6.94], "texture": "#3"},
				"south": {"uv": [3.06, 5.06, 3.94, 6.94], "texture": "#3"},
				"west": {"uv": [3.06, 5.06, 3.94, 6.94], "texture": "#3"},
				"up": {"uv": [3.06, 5.06, 3.94, 6.94], "texture": "#3"},
				"down": {"uv": [3.06, 5.06, 3.94, 6.94], "texture": "#3"}
			}
		},
		{
			"from": [4.464, 1.59, 12.74],
			"to": [11.744, 3.67, 12.74],
			"rotation": {"angle": -45, "axis": "x", "origin": [8.26, 3.45, 13.642]},
			"faces": {
				"north": {"uv": [0.06, 3.06, 6.94, 4.94], "texture": "#3"},
				"east": {"uv": [0.06, 3.06, 6.94, 4.94], "texture": "#3"},
				"south": {"uv": [0.06, 3.06, 6.94, 4.94], "texture": "#3"},
				"west": {"uv": [0.06, 3.06, 6.94, 4.94], "texture": "#3"},
				"up": {"uv": [0.06, 3.06, 6.94, 4.94], "texture": "#3"},
				"down": {"uv": [0.06, 3.06, 6.94, 4.94], "texture": "#3"}
			}
		},
		{
			"from": [4.964, -5.61, 15.49],
			"to": [6.964, 1.29, 15.49],
			"rotation": {"angle": 0, "axis": "y", "origin": [8, -3.6475, 15.365]},
			"faces": {
				"north": {"uv": [8.06, 7.06, 9.94, 11.94], "texture": "#3"},
				"east": {"uv": [8.06, 7.06, 9.94, 11.94], "texture": "#3"},
				"south": {"uv": [8.06, 7.06, 9.94, 11.94], "texture": "#3"},
				"west": {"uv": [8.06, 7.06, 9.94, 11.94], "texture": "#3"},
				"up": {"uv": [8.06, 7.06, 9.94, 11.94], "texture": "#3"},
				"down": {"uv": [8.06, 7.06, 9.94, 11.94], "texture": "#3"}
			}
		},
		{
			"from": [4.964, 1.289, 13.491],
			"to": [6.964, 1.289, 15.491],
			"rotation": {"angle": 0, "axis": "y", "origin": [6.29733, -1.54367, 14.907]},
			"faces": {
				"north": {"uv": [8.06, 7.06, 9.94, 8.94], "texture": "#3"},
				"east": {"uv": [8.06, 7.06, 9.94, 8.94], "texture": "#3"},
				"south": {"uv": [8.06, 7.06, 9.94, 8.94], "texture": "#3"},
				"west": {"uv": [8.06, 7.06, 9.94, 8.94], "texture": "#3"},
				"up": {"uv": [8.06, 7.06, 9.94, 8.94], "texture": "#3"},
				"down": {"uv": [8.06, 7.06, 9.94, 8.94], "texture": "#3"}
			}
		},
		{
			"from": [4.964, -7.51, 15.49],
			"to": [5.964, -5.51, 15.49],
			"rotation": {"angle": 0, "axis": "y", "origin": [8, -3.6475, 15.365]},
			"faces": {
				"north": {"uv": [8.06, 7.06, 8.94, 8.94], "texture": "#3"},
				"east": {"uv": [8.06, 7.06, 8.94, 8.94], "texture": "#3"},
				"south": {"uv": [8.06, 7.06, 8.94, 8.94], "texture": "#3"},
				"west": {"uv": [8.06, 7.06, 8.94, 8.94], "texture": "#3"},
				"up": {"uv": [8.06, 7.06, 8.94, 8.94], "texture": "#3"},
				"down": {"uv": [8.06, 7.06, 8.94, 8.94], "texture": "#3"}
			}
		},
		{
			"from": [9.036, -3.71, 15.24],
			"to": [11.036, 1.29, 15.24],
			"rotation": {"angle": 0, "axis": "y", "origin": [8, -3.6475, 15.365]},
			"faces": {
				"north": {"uv": [9.94, 7.06, 8.06, 11.94], "texture": "#3"},
				"east": {"uv": [9.94, 7.06, 8.06, 11.94], "texture": "#3"},
				"south": {"uv": [9.94, 7.06, 8.06, 11.94], "texture": "#3"},
				"west": {"uv": [9.94, 7.06, 8.06, 11.94], "texture": "#3"},
				"up": {"uv": [9.94, 7.06, 8.06, 11.94], "texture": "#3"},
				"down": {"uv": [9.94, 7.06, 8.06, 11.94], "texture": "#3"}
			}
		},
		{
			"from": [10.036, -5.71, 15.24],
			"to": [11.036, -3.71, 15.24],
			"rotation": {"angle": 0, "axis": "y", "origin": [8, -3.6475, 15.365]},
			"faces": {
				"north": {"uv": [8.94, 7.06, 8.06, 8.94], "texture": "#3"},
				"east": {"uv": [8.94, 7.06, 8.06, 8.94], "texture": "#3"},
				"south": {"uv": [8.94, 7.06, 8.06, 8.94], "texture": "#3"},
				"west": {"uv": [8.94, 7.06, 8.06, 8.94], "texture": "#3"},
				"up": {"uv": [8.94, 7.06, 8.06, 8.94], "texture": "#3"},
				"down": {"uv": [8.94, 7.06, 8.06, 8.94], "texture": "#3"}
			}
		},
		{
			"from": [9.036, 1.289, 13.241],
			"to": [11.036, 1.289, 15.241],
			"rotation": {"angle": 0, "axis": "y", "origin": [9.70267, -1.54367, 14.907]},
			"faces": {
				"north": {"uv": [9.94, 7.06, 8.06, 8.94], "texture": "#3"},
				"east": {"uv": [9.94, 7.06, 8.06, 8.94], "texture": "#3"},
				"south": {"uv": [9.94, 7.06, 8.06, 8.94], "texture": "#3"},
				"west": {"uv": [9.94, 7.06, 8.06, 8.94], "texture": "#3"},
				"up": {"uv": [9.94, 7.06, 8.06, 8.94], "texture": "#3"},
				"down": {"uv": [9.94, 7.06, 8.06, 8.94], "texture": "#3"}
			}
		},
		{
			"from": [1.22166, 0.32, 10.81133],
			"to": [4.58166, 3.68, 10.81133],
			"rotation": {"angle": -22.5, "axis": "y", "origin": [3.09567, 1.625, 10.73097]},
			"faces": {
				"north": {"uv": [12.94, 2.06, 6.06, 8.94], "texture": "#4"},
				"east": {"uv": [0.06, 0.06, 0.06, 6.94], "texture": "#4"},
				"south": {"uv": [6.06, 2.06, 12.94, 8.94], "texture": "#4"},
				"west": {"uv": [0.06, 0.06, 0.06, 6.94], "texture": "#4"},
				"up": {"uv": [0.06, 0.06, 0.06, 6.94], "rotation": 270, "texture": "#4"},
				"down": {"uv": [0.06, 0.06, 0.06, 6.94], "rotation": 90, "texture": "#4"}
			}
		},
		{
			"from": [3.30567, 0.77, 9.05097],
			"to": [3.30567, 2.93, 12.41097],
			"rotation": {"angle": 22.5, "axis": "x", "origin": [3.30567, 1.85, 10.73097]},
			"faces": {
				"north": {"uv": [0.06, 0.06, 0.06, 6.94], "texture": "#5"},
				"east": {"uv": [12.94, 2.06, 5.06, 7.94], "texture": "#5"},
				"south": {"uv": [0.06, 0.06, 0.06, 6.94], "texture": "#5"},
				"west": {"uv": [5.06, 2.06, 12.94, 7.94], "texture": "#5"},
				"up": {"uv": [0.06, 0.06, 0.06, 6.94], "texture": "#5"},
				"down": {"uv": [0.06, 0.06, 0.06, 6.94], "texture": "#5"}
			}
		},
		{
			"from": [2.67603, 1.07, 5.74498],
			"to": [2.67603, 4.43, 9.10498],
			"rotation": {"angle": -22.5, "axis": "x", "origin": [2.67603, 2.75, 7.42498]},
			"faces": {
				"north": {"uv": [0.06, 0.06, 0.06, 6.94], "texture": "#5"},
				"east": {"uv": [5.06, 2.06, 10.94, 8.94], "texture": "#5"},
				"south": {"uv": [0.06, 0.06, 0.06, 6.94], "texture": "#5"},
				"west": {"uv": [10.94, 2.06, 5.06, 8.94], "texture": "#5"},
				"up": {"uv": [0.06, 0.06, 0.06, 6.94], "rotation": 180, "texture": "#5"},
				"down": {"uv": [0.06, 0.06, 0.06, 6.94], "rotation": 180, "texture": "#5"}
			}
		},
		{
			"from": [0.91567, 0.82, 7.02097],
			"to": [4.27567, 3.18, 7.02097],
			"rotation": {"angle": 22.5, "axis": "y", "origin": [2.59567, 2.75, 7.23097]},
			"faces": {
				"north": {"uv": [11.94, 2.06, 6.06, 6.94], "texture": "#4"},
				"east": {"uv": [0.06, 0.06, 0.06, 6.94], "texture": "#4"},
				"south": {"uv": [6.06, 2.06, 11.94, 6.94], "texture": "#4"},
				"west": {"uv": [0.06, 0.06, 0.06, 6.94], "texture": "#4"},
				"up": {"uv": [0.06, 0.06, 0.06, 6.94], "rotation": 270, "texture": "#4"},
				"down": {"uv": [0.06, 0.06, 0.06, 6.94], "rotation": 90, "texture": "#4"}
			}
		},
		{
			"from": [3.8647, 1.35, 2.82664],
			"to": [7.8647, 4.35, 2.82664],
			"rotation": {"angle": 22.5, "axis": "z", "origin": [5.8647, 2.25, 2.82664]},
			"faces": {
				"north": {"uv": [11.94, 2.06, 5.06, 7.94], "texture": "#5"},
				"east": {"uv": [0.06, 0.06, 0.06, 6.94], "texture": "#5"},
				"south": {"uv": [5.06, 2.06, 11.94, 7.94], "texture": "#5"},
				"west": {"uv": [0.06, 0.06, 0.06, 6.94], "texture": "#5"},
				"up": {"uv": [0.06, 0.06, 0.06, 6.94], "rotation": 270, "texture": "#5"},
				"down": {"uv": [0.06, 0.06, 0.06, 6.94], "rotation": 90, "texture": "#5"}
			}
		},
		{
			"from": [7.3647, 2.25, 3.07664],
			"to": [7.8647, 2.75, 3.07664],
			"rotation": {"angle": 0, "axis": "y", "origin": [6.09567, 2.25, 2.73097]},
			"faces": {
				"north": {"uv": [6.94, 3.06, 6.06, 3.94], "texture": "#4"},
				"east": {"uv": [6.94, 3.06, 6.06, 3.94], "texture": "#4"},
				"south": {"uv": [6.94, 3.06, 6.06, 3.94], "texture": "#4"},
				"west": {"uv": [6.94, 3.06, 6.06, 3.94], "texture": "#4"},
				"up": {"uv": [6.94, 3.06, 6.06, 3.94], "texture": "#4"},
				"down": {"uv": [6.94, 3.06, 6.06, 3.94], "texture": "#4"}
			}
		},
		{
			"from": [3.3647, 4, 3.07664],
			"to": [3.8647, 4.5, 3.07664],
			"rotation": {"angle": 0, "axis": "y", "origin": [6.09567, 2.25, 2.73097]},
			"faces": {
				"north": {"uv": [8.94, 2.06, 8.06, 2.94], "texture": "#4"},
				"east": {"uv": [8.94, 2.06, 8.06, 2.94], "texture": "#4"},
				"south": {"uv": [8.94, 2.06, 8.06, 2.94], "texture": "#4"},
				"west": {"uv": [8.94, 2.06, 8.06, 2.94], "texture": "#4"},
				"up": {"uv": [8.94, 2.06, 8.06, 2.94], "texture": "#4"},
				"down": {"uv": [8.94, 2.06, 8.06, 2.94], "texture": "#4"}
			}
		},
		{
			"from": [3.6147, 3, 6.32664],
			"to": [3.6147, 3.75, 7.07664],
			"rotation": {"angle": 0, "axis": "y", "origin": [3.6147, 4.25, 3.07664]},
			"faces": {
				"north": {"uv": [6.94, 3.06, 6.06, 3.94], "texture": "#4"},
				"east": {"uv": [6.94, 3.06, 6.06, 3.94], "texture": "#4"},
				"south": {"uv": [6.94, 3.06, 6.06, 3.94], "texture": "#4"},
				"west": {"uv": [6.94, 3.06, 6.06, 3.94], "texture": "#4"},
				"up": {"uv": [6.94, 3.06, 6.06, 3.94], "rotation": 270, "texture": "#4"},
				"down": {"uv": [6.94, 3.06, 6.06, 3.94], "rotation": 90, "texture": "#4"}
			}
		},
		{
			"from": [8.62603, 2.75, 2.26625],
			"to": [9.12603, 3.25, 2.26625],
			"rotation": {"angle": 0, "axis": "y", "origin": [9.50103, 2.875, 3.51625]},
			"faces": {
				"north": {"uv": [6.94, 3.06, 6.06, 3.94], "texture": "#4"},
				"east": {"uv": [6.94, 3.06, 6.06, 3.94], "texture": "#4"},
				"south": {"uv": [6.94, 3.06, 6.06, 3.94], "texture": "#4"},
				"west": {"uv": [6.94, 3.06, 6.06, 3.94], "texture": "#4"},
				"up": {"uv": [6.94, 3.06, 6.06, 3.94], "texture": "#4"},
				"down": {"uv": [6.94, 3.06, 6.06, 3.94], "texture": "#4"}
			}
		},
		{
			"from": [2.87603, 4, 9.76625],
			"to": [2.87603, 4.5, 10.26625],
			"rotation": {"angle": 0, "axis": "y", "origin": [8.87603, 3, 2.26625]},
			"faces": {
				"north": {"uv": [6.94, 3.06, 6.06, 3.94], "texture": "#5"},
				"east": {"uv": [6.94, 3.06, 6.06, 3.94], "texture": "#5"},
				"south": {"uv": [6.94, 3.06, 6.06, 3.94], "texture": "#5"},
				"west": {"uv": [6.94, 3.06, 6.06, 3.94], "texture": "#5"},
				"up": {"uv": [6.94, 3.06, 6.06, 3.94], "rotation": 270, "texture": "#5"},
				"down": {"uv": [6.94, 3.06, 6.06, 3.94], "rotation": 90, "texture": "#5"}
			}
		},
		{
			"from": [1.87603, 2, 12.01625],
			"to": [1.87603, 2.5, 12.51625],
			"rotation": {"angle": 0, "axis": "y", "origin": [8.87603, 3, 2.26625]},
			"faces": {
				"north": {"uv": [6.94, 3.06, 6.06, 3.94], "texture": "#4"},
				"east": {"uv": [6.94, 3.06, 6.06, 3.94], "texture": "#4"},
				"south": {"uv": [6.94, 3.06, 6.06, 3.94], "texture": "#4"},
				"west": {"uv": [6.94, 3.06, 6.06, 3.94], "texture": "#4"},
				"up": {"uv": [6.94, 3.06, 6.06, 3.94], "rotation": 270, "texture": "#4"},
				"down": {"uv": [6.94, 3.06, 6.06, 3.94], "rotation": 90, "texture": "#4"}
			}
		},
		{
			"from": [2.6147, 3, 4.82664],
			"to": [2.6147, 3.5, 5.32664],
			"rotation": {"angle": 0, "axis": "y", "origin": [3.6147, 4.25, 5.07664]},
			"faces": {
				"north": {"uv": [6.94, 3.06, 6.06, 3.94], "texture": "#4"},
				"east": {"uv": [6.94, 3.06, 6.06, 3.94], "texture": "#4"},
				"south": {"uv": [6.94, 3.06, 6.06, 3.94], "texture": "#4"},
				"west": {"uv": [6.94, 3.06, 6.06, 3.94], "texture": "#4"},
				"up": {"uv": [6.94, 3.06, 6.06, 3.94], "rotation": 270, "texture": "#4"},
				"down": {"uv": [6.94, 3.06, 6.06, 3.94], "rotation": 90, "texture": "#4"}
			}
		},
		{
			"from": [7.33328, 0.73604, 3.07664],
			"to": [9.97328, 3.37604, 3.07664],
			"rotation": {"angle": 22.5, "axis": "x", "origin": [8.90328, 2.05604, 3.32664]},
			"faces": {
				"north": {"uv": [10.94, 2.06, 6.06, 6.94], "texture": "#5"},
				"east": {"uv": [0.06, 0.06, 0.06, 6.94], "texture": "#5"},
				"south": {"uv": [6.06, 2.06, 10.94, 6.94], "texture": "#5"},
				"west": {"uv": [0.06, 0.06, 0.06, 6.94], "texture": "#5"},
				"up": {"uv": [0.06, 0.06, 0.06, 6.94], "rotation": 270, "texture": "#5"},
				"down": {"uv": [0.06, 0.06, 0.06, 6.94], "rotation": 90, "texture": "#5"}
			}
		},
		{
			"from": [6.91798, 0.65, 1.09724],
			"to": [6.91798, 3.65, 5.09724],
			"rotation": {"angle": 45, "axis": "y", "origin": [6.51798, 2.25, 3.09724]},
			"faces": {
				"north": {"uv": [0.06, 0.06, 0.06, 6.94], "texture": "#4"},
				"east": {"uv": [12.94, 2.06, 6.06, 7.94], "texture": "#4"},
				"south": {"uv": [0.06, 0.06, 0.06, 6.94], "texture": "#4"},
				"west": {"uv": [6.06, 2.06, 12.94, 7.94], "texture": "#4"},
				"up": {"uv": [0.06, 0.06, 0.06, 6.94], "texture": "#4"},
				"down": {"uv": [0.06, 0.06, 0.06, 6.94], "texture": "#4"}
			}
		},
		{
			"from": [1.32664, 0.7, 4.1353],
			"to": [5.32664, 3.7, 4.1353],
			"rotation": {"angle": 45, "axis": "y", "origin": [3.09567, 3, 4.23097]},
			"faces": {
				"north": {"uv": [5.06, 2.06, 12.94, 8.94], "texture": "#5"},
				"east": {"uv": [0.06, 0.06, 0.06, 6.94], "texture": "#5"},
				"south": {"uv": [12.94, 2.06, 5.06, 8.94], "texture": "#5"},
				"west": {"uv": [0.06, 0.06, 0.06, 6.94], "texture": "#5"},
				"up": {"uv": [0.06, 0.06, 0.06, 6.94], "rotation": 90, "texture": "#5"},
				"down": {"uv": [0.06, 0.06, 0.06, 6.94], "rotation": 270, "texture": "#5"}
			}
		},
		{
			"from": [0.99567, 0.75, 4.48097],
			"to": [4.99567, 4.75, 4.48097],
			"rotation": {"angle": -22.5, "axis": "y", "origin": [3.09567, 3, 4.23097]},
			"faces": {
				"north": {"uv": [5.06, 2.06, 10.94, 7.94], "texture": "#4"},
				"east": {"uv": [0.06, 0.06, 0.06, 6.94], "texture": "#4"},
				"south": {"uv": [10.94, 2.06, 5.06, 7.94], "texture": "#4"},
				"west": {"uv": [0.06, 0.06, 0.06, 6.94], "texture": "#4"},
				"up": {"uv": [0.06, 0.06, 0.06, 6.94], "rotation": 90, "texture": "#4"},
				"down": {"uv": [0.06, 0.06, 0.06, 6.94], "rotation": 270, "texture": "#4"}
			}
		},
		{
			"from": [2.48531, 0.25, 3.03509],
			"to": [5.48531, 3.25, 3.03509],
			"rotation": {"angle": 22.5, "axis": "y", "origin": [3.86031, 2.5, 2.78509]},
			"faces": {
				"north": {"uv": [4.06, 7.06, 9.94, 12.94], "texture": "#4"},
				"east": {"uv": [0.06, 0.06, 0.06, 6.94], "texture": "#4"},
				"south": {"uv": [9.94, 7.06, 4.06, 12.94], "texture": "#4"},
				"west": {"uv": [0.06, 0.06, 0.06, 6.94], "texture": "#4"},
				"up": {"uv": [0.06, 0.06, 0.06, 6.94], "rotation": 90, "texture": "#4"},
				"down": {"uv": [0.06, 0.06, 0.06, 6.94], "rotation": 270, "texture": "#4"}
			}
		},
		{
			"from": [4.57147, 1.75, 1.46822],
			"to": [7.57147, 1.75, 3.46822],
			"rotation": {"angle": -22.5, "axis": "x", "origin": [4.07147, 1.75, 2.96822]},
			"faces": {
				"north": {"uv": [0.06, 0.06, 0.06, 6.94], "rotation": 270, "texture": "#4"},
				"east": {"uv": [0.06, 0.06, 0.06, 6.94], "rotation": 90, "texture": "#4"},
				"south": {"uv": [0.06, 0.06, 0.06, 6.94], "rotation": 270, "texture": "#4"},
				"west": {"uv": [0.06, 0.06, 0.06, 6.94], "rotation": 270, "texture": "#4"},
				"up": {"uv": [9.94, 9.06, 5.06, 12.94], "texture": "#4"},
				"down": {"uv": [9.94, 12.94, 5.06, 9.06], "texture": "#4"}
			}
		},
		{
			"from": [1.07147, 1.30866, 6.00628],
			"to": [3.07147, 1.30866, 9.00628],
			"rotation": {"angle": 22.5, "axis": "z", "origin": [1.07147, 1.55866, 7.50628]},
			"faces": {
				"north": {"uv": [0.06, 0.06, 0.06, 6.94], "rotation": 90, "texture": "#4"},
				"east": {"uv": [0.06, 0.06, 0.06, 6.94], "rotation": 270, "texture": "#4"},
				"south": {"uv": [0.06, 0.06, 0.06, 6.94], "rotation": 270, "texture": "#4"},
				"west": {"uv": [0.06, 0.06, 0.06, 6.94], "rotation": 270, "texture": "#4"},
				"up": {"uv": [10.94, 8.06, 4.06, 13.94], "rotation": 270, "texture": "#4"},
				"down": {"uv": [4.06, 8.06, 10.94, 13.94], "rotation": 270, "texture": "#4"}
			}
		},
		{
			"from": [2.84102, 1.46037, 11.00628],
			"to": [4.84102, 1.46037, 14.00628],
			"rotation": {"angle": 45, "axis": "y", "origin": [2.09102, 1.71037, 12.50628]},
			"faces": {
				"north": {"uv": [0.06, 0.06, 0.06, 6.94], "rotation": 90, "texture": "#4"},
				"east": {"uv": [0.06, 0.06, 0.06, 6.94], "rotation": 270, "texture": "#4"},
				"south": {"uv": [0.06, 0.06, 0.06, 6.94], "rotation": 270, "texture": "#4"},
				"west": {"uv": [0.06, 0.06, 0.06, 6.94], "rotation": 270, "texture": "#4"},
				"up": {"uv": [10.94, 8.06, 4.06, 13.94], "rotation": 270, "texture": "#4"},
				"down": {"uv": [4.06, 8.06, 10.94, 13.94], "rotation": 270, "texture": "#4"}
			}
		},
		{
			"from": [3.73531, 0.25, 1.03509],
			"to": [3.73531, 3.25, 4.03509],
			"rotation": {"angle": 22.5, "axis": "y", "origin": [3.86031, 2.5, 2.78509]},
			"faces": {
				"north": {"uv": [0.06, 0.06, 0.06, 6.94], "texture": "#4"},
				"east": {"uv": [8.94, 7.06, 4.06, 11.94], "texture": "#4"},
				"south": {"uv": [0.06, 0.06, 0.06, 6.94], "texture": "#4"},
				"west": {"uv": [4.06, 7.06, 8.94, 11.94], "texture": "#4"},
				"up": {"uv": [0.06, 0.06, 0.06, 6.94], "rotation": 180, "texture": "#4"},
				"down": {"uv": [0.06, 0.06, 0.06, 6.94], "rotation": 180, "texture": "#4"}
			}
		},
		{
			"from": [1.7497, 0.53, 9.23066],
			"to": [1.7497, 2.27, 11.27066],
			"rotation": {"angle": -22.5, "axis": "y", "origin": [1.9197, 1.75, 11.16566]},
			"faces": {
				"north": {"uv": [0.06, 0.06, 0.06, 6.94], "texture": "#4"},
				"east": {"uv": [4.06, 8.06, 7.94, 11.94], "texture": "#4"},
				"south": {"uv": [0.06, 0.06, 0.06, 6.94], "texture": "#4"},
				"west": {"uv": [7.94, 8.06, 4.06, 11.94], "texture": "#4"},
				"up": {"uv": [0.06, 0.06, 0.06, 6.94], "rotation": 180, "texture": "#4"},
				"down": {"uv": [0.06, 0.06, 0.06, 6.94], "rotation": 180, "texture": "#4"}
			}
		},
		{
			"from": [1.0697, 0.28, 10.08066],
			"to": [3.1097, 2.02, 10.08066],
			"rotation": {"angle": -22.5, "axis": "y", "origin": [1.9197, 1.75, 11.16566]},
			"faces": {
				"north": {"uv": [4.06, 7.06, 10.94, 12.94], "texture": "#4"},
				"east": {"uv": [0.06, 0.06, 0.06, 6.94], "texture": "#4"},
				"south": {"uv": [10.94, 7.06, 4.06, 12.94], "texture": "#4"},
				"west": {"uv": [0.06, 0.06, 0.06, 6.94], "texture": "#4"},
				"up": {"uv": [0.06, 0.06, 0.06, 6.94], "rotation": 270, "texture": "#4"},
				"down": {"uv": [0.06, 0.06, 0.06, 6.94], "rotation": 90, "texture": "#4"}
			}
		},
		{
			"from": [1.23531, 0.25, 5.53509],
			"to": [4.23531, 3.25, 5.53509],
			"rotation": {"angle": 0, "axis": "y", "origin": [3.86031, 1.75, 2.78509]},
			"faces": {
				"north": {"uv": [8.94, 8.06, 4.06, 12.94], "texture": "#4"},
				"east": {"uv": [0.06, 0.06, 0.06, 6.94], "texture": "#4"},
				"south": {"uv": [4.06, 7.06, 10.94, 13.94], "texture": "#4"},
				"west": {"uv": [0.06, 0.06, 0.06, 6.94], "texture": "#4"},
				"up": {"uv": [0.06, 0.06, 0.06, 6.94], "rotation": 270, "texture": "#4"},
				"down": {"uv": [0.06, 0.06, 0.06, 6.94], "rotation": 90, "texture": "#4"}
			}
		},
		{
			"from": [2.98531, 0.25, 4.53509],
			"to": [2.98531, 3.25, 7.53509],
			"rotation": {"angle": 0, "axis": "y", "origin": [3.86031, 1.75, 2.78509]},
			"faces": {
				"north": {"uv": [0.06, 0.06, 0.06, 6.94], "texture": "#5"},
				"east": {"uv": [4.06, 7.06, 10.94, 13.94], "texture": "#5"},
				"south": {"uv": [0.06, 0.06, 0.06, 6.94], "texture": "#5"},
				"west": {"uv": [10.94, 7.06, 4.06, 13.94], "texture": "#5"},
				"up": {"uv": [0.06, 0.06, 0.06, 6.94], "texture": "#5"},
				"down": {"uv": [0.06, 0.06, 0.06, 6.94], "texture": "#5"}
			}
		},
		{
			"from": [0.77773, 1.68446, 2.60843],
			"to": [2.76667, 1.68446, 4.59737],
			"rotation": {"angle": 0, "axis": "y", "origin": [1.7722, 1.43446, 2.6029]},
			"faces": {
				"north": {"uv": [12.06, 3.06, 14.94, 5.94], "rotation": 180, "texture": "#3"},
				"east": {"uv": [12.06, 3.06, 14.94, 5.94], "rotation": 270, "texture": "#3"},
				"south": {"uv": [12.06, 3.06, 14.94, 5.94], "texture": "#3"},
				"west": {"uv": [12.06, 3.06, 14.94, 5.94], "rotation": 90, "texture": "#3"},
				"up": {"uv": [12.06, 3.06, 14.94, 5.94], "rotation": 180, "texture": "#3"},
				"down": {"uv": [12.06, 5.94, 14.94, 3.06], "texture": "#3"}
			}
		},
		{
			"from": [5.51259, 1.89021, 3.13731],
			"to": [7.50153, 3.87915, 3.13731],
			"rotation": {"angle": 0, "axis": "y", "origin": [6.25706, 2.63468, 2.13731]},
			"faces": {
				"north": {"uv": [12.06, 3.06, 14.94, 5.94], "texture": "#3"},
				"east": {"uv": [12.06, 3.06, 14.94, 5.94], "texture": "#3"},
				"south": {"uv": [12.06, 5.94, 14.94, 3.06], "texture": "#3"},
				"west": {"uv": [12.06, 3.06, 14.94, 5.94], "texture": "#3"},
				"up": {"uv": [12.06, 3.06, 14.94, 5.94], "texture": "#3"},
				"down": {"uv": [12.06, 3.06, 14.94, 5.94], "texture": "#3"}
			}
		},
		{
			"from": [3.54781, 1.84044, 8.4336],
			"to": [3.54781, 3.82938, 10.42253],
			"rotation": {"angle": -22.5, "axis": "y", "origin": [4.74131, -0.25326, 5.16506]},
			"faces": {
				"north": {"uv": [12.06, 3.06, 14.94, 5.94], "texture": "#3"},
				"east": {"uv": [12.06, 3.06, 14.94, 5.94], "texture": "#3"},
				"south": {"uv": [12.06, 3.06, 14.94, 5.94], "texture": "#3"},
				"west": {"uv": [12.06, 5.94, 14.94, 3.06], "texture": "#3"},
				"up": {"uv": [12.06, 3.06, 14.94, 5.94], "rotation": 90, "texture": "#3"},
				"down": {"uv": [12.06, 3.06, 14.94, 5.94], "rotation": 270, "texture": "#3"}
			}
		},
		{
			"from": [3.24773, 1.42693, 10.72412],
			"to": [3.24773, 2.89874, 12.19593],
			"rotation": {"angle": 0, "axis": "y", "origin": [4.93273, 2.16283, 9.04503]},
			"faces": {
				"north": {"uv": [12.06, 3.06, 14.94, 5.94], "texture": "#3"},
				"east": {"uv": [12.06, 3.06, 14.94, 5.94], "texture": "#3"},
				"south": {"uv": [12.06, 3.06, 14.94, 5.94], "texture": "#3"},
				"west": {"uv": [12.06, 5.94, 14.94, 3.06], "texture": "#3"},
				"up": {"uv": [12.06, 3.06, 14.94, 5.94], "rotation": 90, "texture": "#3"},
				"down": {"uv": [12.06, 3.06, 14.94, 5.94], "rotation": 270, "texture": "#3"}
			}
		}
	],
	"display": {
		"thirdperson_righthand": {
			"rotation": [65, 0, 0],
			"translation": [-6, 5.5, 6.5]
		},
		"ground": {
			"translation": [0, 4, 0]
		},
		"gui": {
			"rotation": [35.25, 28.75, 0],
			"translation": [0, 5.5, 0]
		},
		"head": {
			"rotation": [5.75, 0, 0],
			"translation": [0, 15, 0.75],
			"scale": [1.83, 1.83, 1.83]
		},
		"fixed": {
			"rotation": [-90, 0, 0],
			"translation": [0, 2, -15],
			"scale": [2, 2, 2]
		}
	},
	"groups": [
		{
			"name": "hat",
			"origin": [8, 8, 8],
			"color": 0,
			"children": [
				0,
				1,
				2,
				3,
				4,
				5,
				6,
				7,
				8,
				9,
				{
					"name": "lace",
					"origin": [8, 8, 8],
					"color": 0,
					"children": [
						10,
						11,
						12,
						13,
						{
							"name": "ribbon",
							"origin": [8, 8.85871, 8],
							"color": 0,
							"children": [
								14,
								15,
								{
									"name": "ribbon",
									"origin": [8.26, 11.45, 13.642],
									"color": 0,
									"children": [16, 17, 18, 19, 20, 21]
								}
							]
						}
					]
				},
				{
					"name": "flowers",
					"origin": [8, 8, 8],
					"color": 0,
					"children": [
						{
							"name": "Tulip",
							"origin": [8, 8, 8],
							"color": 0,
							"children": [22, 23]
						},
						{
							"name": "Tulip",
							"origin": [8, 8, 8],
							"color": 0,
							"children": [24, 25]
						},
						{
							"name": "Tulip",
							"origin": [8, 8, 8],
							"color": 0,
							"children": [26, 27, 28, 29, 30, 31, 32, 33, 34, 35]
						},
						{
							"name": "Tulip",
							"origin": [8, 8, 8],
							"color": 0,
							"children": [36, 37]
						},
						{
							"name": "leaves",
							"origin": [8, 8, 8],
							"color": 0,
							"children": [
								{
									"name": "leaves2",
									"origin": [-1.40485, 2.5, -1.3033],
									"color": 0,
									"children": [38, 39, 40, 41, 42]
								},
								{
									"name": "leaves2",
									"origin": [-1.40485, 2.5, -1.3033],
									"color": 0,
									"children": [43, 44]
								},
								{
									"name": "leaves2",
									"origin": [-1.40485, 2.5, -1.3033],
									"color": 0,
									"children": [45, 46]
								},
								47,
								48,
								49,
								50
							]
						}
					]
				}
			]
		}
	]
}