{
	"credit": "Made with Blockbench",
	"textures": {
		"0": "block/hay_block_top",
		"1": "block/hay_block_side",
		"3": "block/strawhat_1",
		"4": "block/oxeye_daisy",
		"particle": "block/hay_block_top"
	},
	"elements": [
		{
			"from": [3, 0.001, 1],
			"to": [13, 1.001, 4],
			"rotation": {"angle": 0, "axis": "x", "origin": [9.06864, 1.50756, 4.34157]},
			"faces": {
				"north": {"uv": [0.06, 0.06, 9.94, 0.94], "texture": "#0"},
				"east": {"uv": [0.06, 0.06, 13.94, 0.94], "texture": "#0"},
				"south": {"uv": [3.06, 5.06, 12.94, 5.94], "texture": "#1"},
				"west": {"uv": [0.06, 0.06, 13.94, 0.94], "texture": "#0"},
				"up": {"uv": [2.06, 3.06, 12.06, 6.06], "texture": "#0"},
				"down": {"uv": [0.06, 0.06, 10.06, 3.06], "texture": "#0"}
			}
		},
		{
			"from": [3, 0.001, 12],
			"to": [13, 1.001, 15],
			"rotation": {"angle": 0, "axis": "x", "origin": [9.06864, 1.50756, 4.34157]},
			"faces": {
				"north": {"uv": [0.06, 0.06, 9.94, 0.94], "texture": "#0"},
				"east": {"uv": [0.06, 0.06, 13.94, 0.94], "texture": "#0"},
				"south": {"uv": [3.06, 5.06, 12.94, 5.94], "texture": "#1"},
				"west": {"uv": [0.06, 0.06, 13.94, 0.94], "texture": "#0"},
				"up": {"uv": [0.06, 0.06, 10.06, 3.06], "texture": "#0"},
				"down": {"uv": [0.06, 0.06, 10.06, 3.06], "texture": "#0"}
			}
		},
		{
			"from": [12, 0.01, 3],
			"to": [15, 1.01, 13],
			"rotation": {"angle": 0, "axis": "x", "origin": [8, 0.85871, 8]},
			"faces": {
				"north": {"uv": [0.06, 0.06, 14.06, 1.06], "texture": "#0"},
				"east": {"uv": [0.06, 0.06, 10.06, 1.06], "texture": "#0"},
				"south": {"uv": [0.06, 0.06, 14.06, 1.06], "texture": "#0"},
				"west": {"uv": [0.06, 0.06, 10.06, 1.06], "texture": "#0"},
				"up": {"uv": [7.06, 2.06, 10.06, 12.06], "texture": "#0"},
				"down": {"uv": [0.06, 0.06, 3.06, 10.06], "texture": "#0"}
			}
		},
		{
			"from": [1, 0.01, 3],
			"to": [4, 1.01, 13],
			"rotation": {"angle": 0, "axis": "x", "origin": [8, 0.85871, 8]},
			"faces": {
				"north": {"uv": [0.06, 0.06, 14.06, 1.06], "texture": "#0"},
				"east": {"uv": [0.06, 0.06, 10.06, 1.06], "texture": "#0"},
				"south": {"uv": [0.06, 0.06, 14.06, 1.06], "texture": "#0"},
				"west": {"uv": [0.06, 0.06, 10.06, 1.06], "texture": "#0"},
				"up": {"uv": [8.06, 3.06, 11.06, 13.06], "texture": "#0"},
				"down": {"uv": [0.06, 0.06, 3.06, 10.06], "texture": "#0"}
			}
		},
		{
			"from": [4, 1, 4],
			"to": [12, 5, 12.2],
			"rotation": {"angle": 0, "axis": "x", "origin": [8, 0.85871, 8]},
			"faces": {
				"north": {"uv": [0.06, 0.06, 7.94, 3.94], "texture": "#1"},
				"east": {"uv": [2.06, 8.06, 9.94, 11.94], "texture": "#1"},
				"south": {"uv": [0.06, 0.06, 7.94, 3.94], "texture": "#1"},
				"west": {"uv": [5.06, 0.06, 12.94, 3.94], "texture": "#1"},
				"up": {"uv": [4.06, 5.06, 11.94, 10.94], "texture": "#1"},
				"down": {"uv": [4.06, 6.06, 12.06, 14.06], "texture": "#0"}
			}
		},
		{
			"from": [4, 0, 4],
			"to": [12, 1, 12],
			"rotation": {"angle": 0, "axis": "x", "origin": [8, 0.85871, 8]},
			"faces": {
				"north": {"uv": [0.06, 0.06, 7.94, 3.94], "texture": "#1"},
				"east": {"uv": [2.06, 8.06, 9.94, 11.94], "texture": "#1"},
				"south": {"uv": [0.06, 0.06, 7.94, 3.94], "texture": "#1"},
				"west": {"uv": [5.06, 0.06, 12.94, 3.94], "texture": "#1"},
				"up": {"uv": [4.06, 5.06, 11.94, 10.94], "texture": "#1"},
				"down": {"uv": [0, 0, 8, 8], "texture": "#0"}
			}
		},
		{
			"from": [-0.48528, 0, 6.58579],
			"to": [1.51472, 1, 9.43579],
			"rotation": {"angle": -45, "axis": "y", "origin": [8, 0.85871, 8]},
			"faces": {
				"north": {"uv": [0.06, 0.06, 2.06, 1.06], "texture": "#0"},
				"east": {"uv": [0.06, 0.06, 2.91, 1.06], "texture": "#0"},
				"south": {"uv": [0.06, 0.06, 2.06, 1.06], "texture": "#0"},
				"west": {"uv": [0.06, 0.06, 2.91, 1.06], "texture": "#0"},
				"up": {"uv": [0.06, 0.06, 2.06, 2.91], "texture": "#0"},
				"down": {"uv": [0.06, 0.06, 2.06, 2.91], "texture": "#0"}
			}
		},
		{
			"from": [6.58579, 0, 14.48528],
			"to": [9.43579, 1, 16.48528],
			"rotation": {"angle": -45, "axis": "y", "origin": [8, 0.85871, 8]},
			"faces": {
				"north": {"uv": [0.06, 0.06, 2.91, 1.06], "texture": "#0"},
				"east": {"uv": [0.06, 0.06, 2.06, 1.06], "texture": "#0"},
				"south": {"uv": [0.06, 0.06, 2.91, 1.06], "texture": "#0"},
				"west": {"uv": [0.06, 0.06, 2.06, 1.06], "texture": "#0"},
				"up": {"uv": [0.06, 0.06, 2.06, 2.91], "rotation": 270, "texture": "#0"},
				"down": {"uv": [0.06, 0.06, 2.06, 2.91], "rotation": 90, "texture": "#0"}
			}
		},
		{
			"from": [14.48528, 0, 6.56421],
			"to": [16.48528, 1, 9.41421],
			"rotation": {"angle": -45, "axis": "y", "origin": [8, 0.85871, 8]},
			"faces": {
				"north": {"uv": [0.06, 0.06, 2.06, 1.06], "texture": "#0"},
				"east": {"uv": [0.06, 0.06, 2.91, 1.06], "texture": "#0"},
				"south": {"uv": [0.06, 0.06, 2.06, 1.06], "texture": "#0"},
				"west": {"uv": [0.06, 0.06, 2.91, 1.06], "texture": "#0"},
				"up": {"uv": [0.06, 0.06, 2.06, 2.91], "rotation": 180, "texture": "#0"},
				"down": {"uv": [0.06, 0.06, 2.06, 2.91], "rotation": 180, "texture": "#0"}
			}
		},
		{
			"from": [6.56421, 0, -0.48528],
			"to": [9.41421, 1, 1.51472],
			"rotation": {"angle": -45, "axis": "y", "origin": [8, 0.85871, 8]},
			"faces": {
				"north": {"uv": [0.06, 0.06, 2.91, 1.06], "texture": "#0"},
				"east": {"uv": [0.06, 0.06, 2.06, 1.06], "texture": "#0"},
				"south": {"uv": [0.06, 0.06, 2.91, 1.06], "texture": "#0"},
				"west": {"uv": [0.06, 0.06, 2.06, 1.06], "texture": "#0"},
				"up": {"uv": [0.06, 0.06, 2.06, 2.91], "rotation": 90, "texture": "#0"},
				"down": {"uv": [0.06, 0.06, 2.06, 2.91], "rotation": 270, "texture": "#0"}
			}
		},
		{
			"from": [2.24589, 0.76004, 2.90146],
			"to": [5.67511, 4.18926, 2.90146],
			"rotation": {"angle": 45, "axis": "y", "origin": [4.74131, -0.25326, 5.16506]},
			"faces": {
				"north": {"uv": [2.06, 5.06, 6.94, 9.94], "texture": "#4"},
				"east": {"uv": [2.06, 5.06, 6.94, 9.94], "texture": "#4"},
				"south": {"uv": [2.06, 5.06, 6.94, 9.94], "texture": "#4"},
				"west": {"uv": [2.06, 5.06, 6.94, 9.94], "texture": "#4"},
				"up": {"uv": [2.06, 5.06, 6.94, 9.94], "texture": "#4"},
				"down": {"uv": [2.06, 5.06, 6.94, 9.94], "texture": "#4"}
			}
		},
		{
			"from": [2.01706, 0.76004, 5.03103],
			"to": [2.01706, 4.18926, 8.46024],
			"rotation": {"angle": 0, "axis": "y", "origin": [4.74131, -0.25326, 5.16506]},
			"faces": {
				"north": {"uv": [6.06, 2.06, 10.94, 6.94], "texture": "#4"},
				"east": {"uv": [6.06, 2.06, 10.94, 6.94], "texture": "#4"},
				"south": {"uv": [6.06, 2.06, 10.94, 6.94], "texture": "#4"},
				"west": {"uv": [6.06, 2.06, 10.94, 6.94], "texture": "#4"},
				"up": {"uv": [6.06, 2.06, 10.94, 6.94], "texture": "#4"},
				"down": {"uv": [6.06, 2.06, 10.94, 6.94], "texture": "#4"}
			}
		},
		{
			"from": [3.93261, 0.76004, 6.49443],
			"to": [3.93261, 4.18926, 9.92364],
			"rotation": {"angle": -45, "axis": "y", "origin": [4.74131, -0.25326, 5.16506]},
			"faces": {
				"north": {"uv": [10.94, 2.06, 6.06, 6.94], "texture": "#4"},
				"east": {"uv": [10.94, 2.06, 6.06, 6.94], "texture": "#4"},
				"south": {"uv": [10.94, 2.06, 6.06, 6.94], "texture": "#4"},
				"west": {"uv": [10.94, 2.06, 6.06, 6.94], "texture": "#4"},
				"up": {"uv": [10.94, 2.06, 6.06, 6.94], "texture": "#4"},
				"down": {"uv": [10.94, 2.06, 6.06, 6.94], "texture": "#4"}
			}
		},
		{
			"from": [2.47767, 0.79979, 9.81626],
			"to": [2.47767, 2.57398, 11.59046],
			"rotation": {"angle": 0, "axis": "y", "origin": [4.74131, -0.25326, 5.16506]},
			"faces": {
				"north": {"uv": [6.94, 7.06, 3.06, 10.94], "texture": "#4"},
				"east": {"uv": [6.94, 7.06, 3.06, 10.94], "texture": "#4"},
				"south": {"uv": [6.94, 7.06, 3.06, 10.94], "texture": "#4"},
				"west": {"uv": [6.94, 7.06, 3.06, 10.94], "texture": "#4"},
				"up": {"uv": [6.94, 7.06, 3.06, 10.94], "texture": "#4"},
				"down": {"uv": [6.94, 7.06, 3.06, 10.94], "texture": "#4"}
			}
		},
		{
			"from": [-1.6626, 0.79979, 7.4806],
			"to": [0.1116, 2.57398, 7.4806],
			"rotation": {"angle": 45, "axis": "y", "origin": [4.74131, -0.25326, 5.16506]},
			"faces": {
				"north": {"uv": [6.94, 10.94, 3.06, 7.06], "texture": "#4"},
				"east": {"uv": [6.94, 10.94, 3.06, 7.06], "texture": "#4"},
				"south": {"uv": [6.94, 10.94, 3.06, 7.06], "texture": "#4"},
				"west": {"uv": [6.94, 10.94, 3.06, 7.06], "texture": "#4"},
				"up": {"uv": [6.94, 10.94, 3.06, 7.06], "texture": "#4"},
				"down": {"uv": [6.94, 10.94, 3.06, 7.06], "texture": "#4"}
			}
		},
		{
			"from": [8.34043, 0.79979, 5.59441],
			"to": [10.11462, 2.57398, 5.59441],
			"rotation": {"angle": 22.5, "axis": "y", "origin": [4.74131, -0.25326, 5.16506]},
			"faces": {
				"north": {"uv": [6.94, 7.06, 3.06, 10.94], "texture": "#4"},
				"east": {"uv": [6.94, 7.06, 3.06, 10.94], "texture": "#4"},
				"south": {"uv": [6.94, 7.06, 3.06, 10.94], "texture": "#4"},
				"west": {"uv": [6.94, 7.06, 3.06, 10.94], "texture": "#4"},
				"up": {"uv": [6.94, 7.06, 3.06, 10.94], "rotation": 90, "texture": "#4"},
				"down": {"uv": [6.94, 7.06, 3.06, 10.94], "rotation": 270, "texture": "#4"}
			}
		},
		{
			"from": [7.33005, 0.79979, 2.29643],
			"to": [9.10425, 2.57398, 2.29643],
			"rotation": {"angle": -22.5, "axis": "y", "origin": [4.74131, -0.25326, 5.16506]},
			"faces": {
				"north": {"uv": [6.94, 10.94, 3.06, 7.06], "texture": "#4"},
				"east": {"uv": [6.94, 10.94, 3.06, 7.06], "texture": "#4"},
				"south": {"uv": [6.94, 10.94, 3.06, 7.06], "texture": "#4"},
				"west": {"uv": [6.94, 10.94, 3.06, 7.06], "texture": "#4"},
				"up": {"uv": [6.94, 10.94, 3.06, 7.06], "texture": "#4"},
				"down": {"uv": [6.94, 10.94, 3.06, 7.06], "texture": "#4"}
			}
		},
		{
			"from": [7.90493, 0.1711, 0.69733],
			"to": [9.67913, 1.94529, 0.69733],
			"rotation": {"angle": -22.5, "axis": "y", "origin": [4.74131, -0.25326, 5.16506]},
			"faces": {
				"north": {"uv": [6.94, 7.06, 3.06, 10.94], "texture": "#4"},
				"east": {"uv": [6.94, 7.06, 3.06, 10.94], "texture": "#4"},
				"south": {"uv": [6.94, 7.06, 3.06, 10.94], "texture": "#4"},
				"west": {"uv": [6.94, 7.06, 3.06, 10.94], "texture": "#4"},
				"up": {"uv": [6.94, 7.06, 3.06, 10.94], "rotation": 270, "texture": "#4"},
				"down": {"uv": [6.94, 7.06, 3.06, 10.94], "rotation": 90, "texture": "#4"}
			}
		},
		{
			"from": [10.76476, 0.1711, 3.98308],
			"to": [10.76476, 1.94529, 5.75727],
			"rotation": {"angle": 22.5, "axis": "y", "origin": [4.74131, -0.25326, 5.16506]},
			"faces": {
				"north": {"uv": [6.94, 10.94, 3.06, 7.06], "texture": "#4"},
				"east": {"uv": [6.94, 10.94, 3.06, 7.06], "texture": "#4"},
				"south": {"uv": [6.94, 10.94, 3.06, 7.06], "texture": "#4"},
				"west": {"uv": [6.94, 10.94, 3.06, 7.06], "texture": "#4"},
				"up": {"uv": [6.94, 10.94, 3.06, 7.06], "rotation": 270, "texture": "#4"},
				"down": {"uv": [6.94, 10.94, 3.06, 7.06], "rotation": 90, "texture": "#4"}
			}
		},
		{
			"from": [5.71833, 0.31196, 2.38597],
			"to": [8.59886, 3.19251, 2.38597],
			"rotation": {"angle": 0, "axis": "y", "origin": [4.74131, -0.25326, 5.16506]},
			"faces": {
				"north": {"uv": [10.94, 2.06, 6.06, 6.94], "texture": "#4"},
				"east": {"uv": [10.94, 2.06, 6.06, 6.94], "texture": "#4"},
				"south": {"uv": [10.94, 2.06, 6.06, 6.94], "texture": "#4"},
				"west": {"uv": [10.94, 2.06, 6.06, 6.94], "texture": "#4"},
				"up": {"uv": [10.94, 2.06, 6.06, 6.94], "rotation": 90, "texture": "#4"},
				"down": {"uv": [10.94, 2.06, 6.06, 6.94], "rotation": 270, "texture": "#4"}
			}
		},
		{
			"from": [6.97543, 0.31196, 4.90922],
			"to": [9.85597, 3.19251, 4.90922],
			"rotation": {"angle": 45, "axis": "y", "origin": [4.74131, -0.25326, 5.16506]},
			"faces": {
				"north": {"uv": [6.06, 2.06, 10.94, 6.94], "texture": "#4"},
				"east": {"uv": [6.06, 2.06, 10.94, 6.94], "texture": "#4"},
				"south": {"uv": [6.06, 2.06, 10.94, 6.94], "texture": "#4"},
				"west": {"uv": [6.06, 2.06, 10.94, 6.94], "texture": "#4"},
				"up": {"uv": [6.06, 2.06, 10.94, 6.94], "rotation": 90, "texture": "#4"},
				"down": {"uv": [6.06, 2.06, 10.94, 6.94], "rotation": 270, "texture": "#4"}
			}
		},
		{
			"from": [4.13638, 0.8835, 9.61381],
			"to": [7.01691, 3.76404, 9.61381],
			"rotation": {"angle": -45, "axis": "y", "origin": [4.74131, -0.25326, 5.16506]},
			"faces": {
				"north": {"uv": [6.06, 2.06, 10.94, 6.94], "texture": "#4"},
				"east": {"uv": [6.06, 2.06, 10.94, 6.94], "texture": "#4"},
				"south": {"uv": [6.06, 2.06, 10.94, 6.94], "texture": "#4"},
				"west": {"uv": [6.06, 2.06, 10.94, 6.94], "texture": "#4"},
				"up": {"uv": [6.06, 2.06, 10.94, 6.94], "rotation": 270, "texture": "#4"},
				"down": {"uv": [6.06, 2.06, 10.94, 6.94], "rotation": 90, "texture": "#4"}
			}
		},
		{
			"from": [2.18623, 0.8835, 7.4612],
			"to": [2.18623, 3.76404, 10.34175],
			"rotation": {"angle": 0, "axis": "y", "origin": [4.74131, -0.25326, 5.16506]},
			"faces": {
				"north": {"uv": [10.94, 2.06, 6.06, 6.94], "texture": "#4"},
				"east": {"uv": [10.94, 2.06, 6.06, 6.94], "texture": "#4"},
				"south": {"uv": [10.94, 2.06, 6.06, 6.94], "texture": "#4"},
				"west": {"uv": [10.94, 2.06, 6.06, 6.94], "texture": "#4"},
				"up": {"uv": [10.94, 2.06, 6.06, 6.94], "texture": "#4"},
				"down": {"uv": [10.94, 2.06, 6.06, 6.94], "texture": "#4"}
			}
		},
		{
			"from": [3.1537, 0.76004, 1.65797],
			"to": [3.1537, 4.18926, 5.08719],
			"rotation": {"angle": 22.5, "axis": "y", "origin": [4.74131, -0.25326, 5.16506]},
			"faces": {
				"north": {"uv": [6.94, 9.94, 2.06, 5.06], "texture": "#4"},
				"east": {"uv": [6.94, 9.94, 2.06, 5.06], "texture": "#4"},
				"south": {"uv": [6.94, 9.94, 2.06, 5.06], "texture": "#4"},
				"west": {"uv": [6.94, 9.94, 2.06, 5.06], "texture": "#4"},
				"up": {"uv": [6.94, 9.94, 2.06, 5.06], "texture": "#4"},
				"down": {"uv": [6.94, 9.94, 2.06, 5.06], "texture": "#4"}
			}
		},
		{
			"from": [4.01744, 0.18851, 1.25889],
			"to": [4.01744, 3.61772, 4.68811],
			"rotation": {"angle": 0, "axis": "y", "origin": [4.74131, -0.25326, 5.16506]},
			"faces": {
				"north": {"uv": [2.06, 5.06, 6.94, 9.94], "texture": "#4"},
				"east": {"uv": [2.06, 5.06, 6.94, 9.94], "texture": "#4"},
				"south": {"uv": [2.06, 5.06, 6.94, 9.94], "texture": "#4"},
				"west": {"uv": [2.06, 5.06, 6.94, 9.94], "texture": "#4"},
				"up": {"uv": [2.06, 5.06, 6.94, 9.94], "rotation": 90, "texture": "#4"},
				"down": {"uv": [2.06, 5.06, 6.94, 9.94], "rotation": 270, "texture": "#4"}
			}
		},
		{
			"from": [2.30283, 0.18851, 2.9735],
			"to": [5.73205, 3.61772, 2.9735],
			"rotation": {"angle": 0, "axis": "y", "origin": [4.74131, -0.25326, 5.16506]},
			"faces": {
				"north": {"uv": [6.94, 9.94, 2.06, 5.06], "texture": "#4"},
				"east": {"uv": [6.94, 9.94, 2.06, 5.06], "texture": "#4"},
				"south": {"uv": [2.06, 9.94, 6.94, 5.06], "texture": "#4"},
				"west": {"uv": [6.94, 9.94, 2.06, 5.06], "texture": "#4"},
				"up": {"uv": [6.94, 9.94, 2.06, 5.06], "rotation": 90, "texture": "#4"},
				"down": {"uv": [6.94, 9.94, 2.06, 5.06], "rotation": 270, "texture": "#4"}
			}
		},
		{
			"from": [6.30588, 1.64021, 3.94784],
			"to": [8.29482, 3.62915, 3.94784],
			"rotation": {"angle": 22.5, "axis": "y", "origin": [4.74131, -0.25326, 5.16506]},
			"faces": {
				"north": {"uv": [12.06, 3.06, 14.94, 5.94], "texture": "#3"},
				"east": {"uv": [12.06, 3.06, 14.94, 5.94], "texture": "#3"},
				"south": {"uv": [12.06, 5.94, 14.94, 3.06], "texture": "#3"},
				"west": {"uv": [12.06, 3.06, 14.94, 5.94], "texture": "#3"},
				"up": {"uv": [12.06, 3.06, 14.94, 5.94], "texture": "#3"},
				"down": {"uv": [12.06, 3.06, 14.94, 5.94], "texture": "#3"}
			}
		},
		{
			"from": [3.54781, 2.84044, 7.6836],
			"to": [3.54781, 4.82938, 9.67253],
			"rotation": {"angle": -22.5, "axis": "y", "origin": [4.74131, -0.25326, 5.16506]},
			"faces": {
				"north": {"uv": [12.06, 3.06, 14.94, 5.94], "texture": "#3"},
				"east": {"uv": [12.06, 3.06, 14.94, 5.94], "texture": "#3"},
				"south": {"uv": [12.06, 3.06, 14.94, 5.94], "texture": "#3"},
				"west": {"uv": [12.06, 5.94, 14.94, 3.06], "texture": "#3"},
				"up": {"uv": [12.06, 3.06, 14.94, 5.94], "rotation": 90, "texture": "#3"},
				"down": {"uv": [12.06, 3.06, 14.94, 5.94], "rotation": 270, "texture": "#3"}
			}
		},
		{
			"from": [3.45908, 1.43446, 0.25939],
			"to": [5.44802, 1.43446, 2.24833],
			"rotation": {"angle": 45, "axis": "y", "origin": [4.74131, -0.25326, 5.16506]},
			"faces": {
				"north": {"uv": [12.06, 3.06, 14.94, 5.94], "rotation": 180, "texture": "#3"},
				"east": {"uv": [12.06, 3.06, 14.94, 5.94], "rotation": 270, "texture": "#3"},
				"south": {"uv": [12.06, 3.06, 14.94, 5.94], "texture": "#3"},
				"west": {"uv": [12.06, 3.06, 14.94, 5.94], "rotation": 90, "texture": "#3"},
				"up": {"uv": [12.06, 3.06, 14.94, 5.94], "rotation": 180, "texture": "#3"},
				"down": {"uv": [12.06, 5.94, 14.94, 3.06], "texture": "#3"}
			}
		},
		{
			"from": [3.75, 0.65, 12.25],
			"to": [12.25, 3.4, 12.25],
			"rotation": {"angle": 0, "axis": "x", "origin": [8, 0.85871, 8]},
			"faces": {
				"north": {"uv": [5, 0, 14, 3], "texture": "#3"},
				"east": {"uv": [5, 0, 14, 3], "texture": "#3"},
				"south": {"uv": [5, 0, 14, 3], "texture": "#3"},
				"west": {"uv": [5, 0, 14, 3], "texture": "#3"},
				"up": {"uv": [5, 0, 14, 3], "texture": "#3"},
				"down": {"uv": [5, 0, 14, 3], "texture": "#3"}
			}
		},
		{
			"from": [12.25, 0.65, 3.75],
			"to": [12.25, 3.4, 12.25],
			"rotation": {"angle": 0, "axis": "y", "origin": [8, 0.85871, 8]},
			"faces": {
				"north": {"uv": [5, 0, 14, 3], "texture": "#3"},
				"east": {"uv": [5, 0, 14, 3], "texture": "#3"},
				"south": {"uv": [5, 0, 14, 3], "texture": "#3"},
				"west": {"uv": [5, 0, 14, 3], "texture": "#3"},
				"up": {"uv": [5, 0, 14, 3], "texture": "#3"},
				"down": {"uv": [5, 0, 14, 3], "texture": "#3"}
			}
		},
		{
			"from": [3.75, 0.65, 3.75],
			"to": [3.75, 3.4, 12.25],
			"rotation": {"angle": 0, "axis": "y", "origin": [8, 0.85871, 8]},
			"faces": {
				"north": {"uv": [5, 0, 14, 3], "texture": "#3"},
				"east": {"uv": [5, 0, 14, 3], "texture": "#3"},
				"south": {"uv": [5, 0, 14, 3], "texture": "#3"},
				"west": {"uv": [5, 0, 14, 3], "texture": "#3"},
				"up": {"uv": [5, 0, 14, 3], "texture": "#3"},
				"down": {"uv": [5, 0, 14, 3], "texture": "#3"}
			}
		},
		{
			"from": [3.75, 0.65, 3.75],
			"to": [12.25, 3.4, 3.75],
			"rotation": {"angle": 0, "axis": "y", "origin": [8, 0.85871, 8]},
			"faces": {
				"north": {"uv": [5, 0, 14, 3], "texture": "#3"},
				"east": {"uv": [5, 0, 14, 3], "texture": "#3"},
				"south": {"uv": [5, 0, 14, 3], "texture": "#3"},
				"west": {"uv": [5, 0, 14, 3], "texture": "#3"},
				"up": {"uv": [5, 0, 14, 3], "texture": "#3"},
				"down": {"uv": [5, 0, 14, 3], "texture": "#3"}
			}
		},
		{
			"from": [7.584, 1.59, 13.104],
			"to": [8.624, 3.67, 13.104],
			"rotation": {"angle": -45, "axis": "x", "origin": [8.26, 3.45, 13.642]},
			"faces": {
				"north": {"uv": [3, 5, 4, 7], "texture": "#3"},
				"east": {"uv": [3, 5, 4, 7], "texture": "#3"},
				"south": {"uv": [3, 5, 4, 7], "texture": "#3"},
				"west": {"uv": [3, 5, 4, 7], "texture": "#3"},
				"up": {"uv": [3, 5, 4, 7], "texture": "#3"},
				"down": {"uv": [3, 5, 4, 7], "texture": "#3"}
			}
		},
		{
			"from": [4.464, 1.59, 12.74],
			"to": [11.744, 3.67, 12.74],
			"rotation": {"angle": -45, "axis": "x", "origin": [8.26, 3.45, 13.642]},
			"faces": {
				"north": {"uv": [0, 3, 7, 5], "texture": "#3"},
				"east": {"uv": [0, 3, 7, 5], "texture": "#3"},
				"south": {"uv": [0, 3, 7, 5], "texture": "#3"},
				"west": {"uv": [0, 3, 7, 5], "texture": "#3"},
				"up": {"uv": [0, 3, 7, 5], "texture": "#3"},
				"down": {"uv": [0, 3, 7, 5], "texture": "#3"}
			}
		},
		{
			"from": [4.964, -5.61, 15.49],
			"to": [6.964, 1.29, 15.49],
			"rotation": {"angle": 0, "axis": "y", "origin": [8, -3.6475, 15.365]},
			"faces": {
				"north": {"uv": [8, 7, 10, 12], "texture": "#3"},
				"east": {"uv": [8, 7, 10, 12], "texture": "#3"},
				"south": {"uv": [8, 7, 10, 12], "texture": "#3"},
				"west": {"uv": [8, 7, 10, 12], "texture": "#3"},
				"up": {"uv": [8, 7, 10, 12], "texture": "#3"},
				"down": {"uv": [8, 7, 10, 12], "texture": "#3"}
			}
		},
		{
			"from": [4.964, 1.289, 13.491],
			"to": [6.964, 1.289, 15.491],
			"rotation": {"angle": 0, "axis": "y", "origin": [6.29733, -1.54367, 14.907]},
			"faces": {
				"north": {"uv": [8, 7, 10, 9], "texture": "#3"},
				"east": {"uv": [8, 7, 10, 9], "texture": "#3"},
				"south": {"uv": [8, 7, 10, 9], "texture": "#3"},
				"west": {"uv": [8, 7, 10, 9], "texture": "#3"},
				"up": {"uv": [8, 7, 10, 9], "texture": "#3"},
				"down": {"uv": [8, 7, 10, 9], "texture": "#3"}
			}
		},
		{
			"from": [4.964, -7.51, 15.49],
			"to": [5.964, -5.51, 15.49],
			"rotation": {"angle": 0, "axis": "y", "origin": [8, -3.6475, 15.365]},
			"faces": {
				"north": {"uv": [8, 7, 9, 9], "texture": "#3"},
				"east": {"uv": [8, 7, 9, 9], "texture": "#3"},
				"south": {"uv": [8, 7, 9, 9], "texture": "#3"},
				"west": {"uv": [8, 7, 9, 9], "texture": "#3"},
				"up": {"uv": [8, 7, 9, 9], "texture": "#3"},
				"down": {"uv": [8, 7, 9, 9], "texture": "#3"}
			}
		},
		{
			"from": [9.036, -3.71, 15.24],
			"to": [11.036, 1.29, 15.24],
			"rotation": {"angle": 0, "axis": "y", "origin": [8, -3.6475, 15.365]},
			"faces": {
				"north": {"uv": [10, 7, 8, 12], "texture": "#3"},
				"east": {"uv": [10, 7, 8, 12], "texture": "#3"},
				"south": {"uv": [10, 7, 8, 12], "texture": "#3"},
				"west": {"uv": [10, 7, 8, 12], "texture": "#3"},
				"up": {"uv": [10, 7, 8, 12], "texture": "#3"},
				"down": {"uv": [10, 7, 8, 12], "texture": "#3"}
			}
		},
		{
			"from": [10.036, -5.71, 15.24],
			"to": [11.036, -3.71, 15.24],
			"rotation": {"angle": 0, "axis": "y", "origin": [8, -3.6475, 15.365]},
			"faces": {
				"north": {"uv": [9, 7, 8, 9], "texture": "#3"},
				"east": {"uv": [9, 7, 8, 9], "texture": "#3"},
				"south": {"uv": [9, 7, 8, 9], "texture": "#3"},
				"west": {"uv": [9, 7, 8, 9], "texture": "#3"},
				"up": {"uv": [9, 7, 8, 9], "texture": "#3"},
				"down": {"uv": [9, 7, 8, 9], "texture": "#3"}
			}
		},
		{
			"from": [9.036, 1.289, 13.241],
			"to": [11.036, 1.289, 15.241],
			"rotation": {"angle": 0, "axis": "y", "origin": [9.70267, -1.54367, 14.907]},
			"faces": {
				"north": {"uv": [10, 7, 8, 9], "texture": "#3"},
				"east": {"uv": [10, 7, 8, 9], "texture": "#3"},
				"south": {"uv": [10, 7, 8, 9], "texture": "#3"},
				"west": {"uv": [10, 7, 8, 9], "texture": "#3"},
				"up": {"uv": [10, 7, 8, 9], "texture": "#3"},
				"down": {"uv": [10, 7, 8, 9], "texture": "#3"}
			}
		}
	],
	"display": {
		"thirdperson_righthand": {
			"rotation": [65, 0, 0],
			"translation": [-6, 5.5, 6.5]
		},
		"ground": {
			"translation": [0, 4, 0]
		},
		"gui": {
			"rotation": [35.25, 28.75, 0],
			"translation": [0, 5.5, 0]
		},
		"head": {
			"rotation": [5.75, 0, 0],
			"translation": [0, 15, 0.75],
			"scale": [1.83, 1.83, 1.83]
		},
		"fixed": {
			"rotation": [-90, 0, 0],
			"translation": [0, 2, -15],
			"scale": [2, 2, 2]
		}
	},
	"groups": [
		{
			"name": "hat",
			"origin": [8, 8, 8],
			"color": 0,
			"children": [
				0,
				1,
				2,
				3,
				4,
				5,
				6,
				7,
				8,
				9,
				{
					"name": "flowers",
					"origin": [8, 8, 8],
					"color": 0,
					"children": [10, 11, 12, 13, 14, 15, 16, 17, 18, 19, 20, 21, 22, 23, 24, 25, 26, 27, 28]
				},
				{
					"name": "lace",
					"origin": [8, 8, 8],
					"color": 0,
					"children": [
						29,
						30,
						31,
						32,
						{
							"name": "ribbon",
							"origin": [8, 8.85871, 8],
							"color": 0,
							"children": [
								33,
								34,
								{
									"name": "ribbon",
									"origin": [8.26, 11.45, 13.642],
									"color": 0,
									"children": [35, 36, 37, 38, 39, 40]
								}
							]
						}
					]
				}
			]
		}
	]
}