{
	"credit": "Made with Shubarashi",
	"texture_size": [128, 128],
	"textures": {
		"1": "item/texture"
	},
	"elements": [
		{
			"from": [7, 0, 6],
			"to": [8, 22, 7],
			"faces": {
				"north": {"uv": [2.875, 4.125, 3, 6.875], "texture": "#1"},
				"east": {"uv": [2.75, 4.125, 2.875, 6.875], "texture": "#1"},
				"south": {"uv": [3.125, 4.125, 3.25, 6.875], "texture": "#1"},
				"west": {"uv": [3, 4.125, 3.125, 6.875], "texture": "#1"},
				"up": {"uv": [3, 4.125, 2.875, 4], "texture": "#1"},
				"down": {"uv": [3.125, 4, 3, 4.125], "texture": "#1"}
			}
		},
		{
			"from": [-3, 18, 7],
			"to": [18, 19, 8],
			"faces": {
				"north": {"uv": [3.125, 1.875, 5.75, 2], "texture": "#1"},
				"east": {"uv": [3, 1.875, 3.125, 2], "texture": "#1"},
				"south": {"uv": [5.875, 1.875, 8.5, 2], "texture": "#1"},
				"west": {"uv": [5.75, 1.875, 5.875, 2], "texture": "#1"},
				"up": {"uv": [5.75, 1.875, 3.125, 1.75], "texture": "#1"},
				"down": {"uv": [8.375, 1.75, 5.75, 1.875], "texture": "#1"}
			}
		},
		{
			"from": [2.8, 26.17317, 5.0388],
			"to": [11.8, 28.17317, 14.0388],
			"rotation": {"angle": 22.5, "axis": "x", "origin": [7.26667, 25.8565, 9.40546]},
			"faces": {
				"north": {"uv": [4, 3.75, 5.125, 4], "texture": "#1"},
				"east": {"uv": [2.875, 3.75, 4, 4], "texture": "#1"},
				"south": {"uv": [6.25, 3.75, 7.375, 4], "texture": "#1"},
				"west": {"uv": [5.125, 3.75, 6.25, 4], "texture": "#1"},
				"up": {"uv": [5.125, 3.75, 4, 2.625], "texture": "#1"},
				"down": {"uv": [6.25, 2.625, 5.125, 3.75], "texture": "#1"}
			}
		},
		{
			"from": [0.2, 26.17317, 2.3388],
			"to": [14.2, 26.17317, 16.3388],
			"rotation": {"angle": 22.5, "axis": "x", "origin": [7.26667, 25.8565, 9.40546]},
			"faces": {
				"north": {"uv": [1.75, 1.75, 3.5, 1.75], "texture": "#1"},
				"east": {"uv": [0, 1.75, 1.75, 1.75], "texture": "#1"},
				"south": {"uv": [5.25, 1.75, 7, 1.75], "texture": "#1"},
				"west": {"uv": [3.5, 1.75, 5.25, 1.75], "texture": "#1"},
				"up": {"uv": [3.5, 1.75, 1.75, 0], "texture": "#1"},
				"down": {"uv": [5.25, 0, 3.5, 1.75], "texture": "#1"}
			}
		},
		{
			"from": [3.3, 20.27317, 5.3388],
			"to": [11.3, 27.67317, 13.3388],
			"rotation": {"angle": 22.5, "axis": "x", "origin": [7.26667, 25.8565, 9.40546]},
			"faces": {
				"north": {"uv": [1, 2.75, 2, 3.625], "texture": "#1"},
				"east": {"uv": [0, 2.75, 1, 3.625], "texture": "#1"},
				"south": {"uv": [3, 2.75, 4, 3.625], "texture": "#1"},
				"west": {"uv": [2, 2.75, 3, 3.625], "texture": "#1"},
				"up": {"uv": [2, 2.75, 1, 1.75], "texture": "#1"},
				"down": {"uv": [3, 1.75, 2, 2.75], "texture": "#1"}
			}
		},
		{
			"from": [16, 11, 4],
			"to": [16, 20, 11],
			"faces": {
				"north": {"uv": [4.125, 4, 4.125, 5.125], "texture": "#1"},
				"east": {"uv": [3.25, 4, 4.125, 5.125], "texture": "#1"},
				"south": {"uv": [5, 4, 5, 5.125], "texture": "#1"},
				"west": {"uv": [4.125, 4, 5, 5.125], "texture": "#1"},
				"up": {"uv": [4.125, 4, 4.125, 3.125], "texture": "#1"},
				"down": {"uv": [4.125, 3.125, 4.125, 4], "texture": "#1"}
			}
		},
		{
			"from": [0, 17, 5],
			"to": [2, 20, 5],
			"rotation": {"angle": 0, "axis": "y", "origin": [-12, 0, -1]},
			"faces": {
				"north": {"uv": [1, 0, 1.25, 0.375], "texture": "#1"},
				"east": {"uv": [1, 0, 1, 0.375], "texture": "#1"},
				"south": {"uv": [1.25, 0, 1.5, 0.375], "texture": "#1"},
				"west": {"uv": [1.25, 0, 1.25, 0.375], "texture": "#1"},
				"up": {"uv": [1.25, 0, 1, 0], "texture": "#1"},
				"down": {"uv": [1.5, 0, 1.25, 0], "texture": "#1"}
			}
		},
		{
			"from": [0, 17, 5.9],
			"to": [2, 20, 5.9],
			"rotation": {"angle": 0, "axis": "y", "origin": [-12, 0, -1]},
			"faces": {
				"north": {"uv": [0, 0.875, 0.25, 1.25], "texture": "#1"},
				"east": {"uv": [0, 0.875, 0, 1.25], "texture": "#1"},
				"south": {"uv": [0.25, 0.875, 0.5, 1.25], "texture": "#1"},
				"west": {"uv": [0.25, 0.875, 0.25, 1.25], "texture": "#1"},
				"up": {"uv": [0.25, 0.875, 0, 0.875], "texture": "#1"},
				"down": {"uv": [0.5, 0.875, 0.25, 0.875], "texture": "#1"}
			}
		},
		{
			"from": [0, 17, 8.2],
			"to": [2, 20, 8.2],
			"rotation": {"angle": 0, "axis": "y", "origin": [-12, 0, -1]},
			"faces": {
				"north": {"uv": [0, 0, 0.25, 0.375], "texture": "#1"},
				"east": {"uv": [0, 0, 0, 0.375], "texture": "#1"},
				"south": {"uv": [0.25, 0, 0.5, 0.375], "texture": "#1"},
				"west": {"uv": [0.25, 0, 0.25, 0.375], "texture": "#1"},
				"up": {"uv": [0.25, 0, 0, 0], "texture": "#1"},
				"down": {"uv": [0.5, 0, 0.25, 0], "texture": "#1"}
			}
		},
		{
			"from": [13, 17, 6],
			"to": [15, 20, 6],
			"faces": {
				"north": {"uv": [0.5, 1.75, 0.75, 2.125], "texture": "#1"},
				"east": {"uv": [0.5, 1.75, 0.5, 2.125], "texture": "#1"},
				"south": {"uv": [0.75, 1.75, 1, 2.125], "texture": "#1"},
				"west": {"uv": [0.75, 1.75, 0.75, 2.125], "texture": "#1"},
				"up": {"uv": [0.75, 1.75, 0.5, 1.75], "texture": "#1"},
				"down": {"uv": [1, 1.75, 0.75, 1.75], "texture": "#1"}
			}
		},
		{
			"from": [13, 17, 6.9],
			"to": [15, 20, 6.9],
			"faces": {
				"north": {"uv": [0, 1.75, 0.25, 2.125], "texture": "#1"},
				"east": {"uv": [0, 1.75, 0, 2.125], "texture": "#1"},
				"south": {"uv": [0.25, 1.75, 0.5, 2.125], "texture": "#1"},
				"west": {"uv": [0.25, 1.75, 0.25, 2.125], "texture": "#1"},
				"up": {"uv": [0.25, 1.75, 0, 1.75], "texture": "#1"},
				"down": {"uv": [0.5, 1.75, 0.25, 1.75], "texture": "#1"}
			}
		},
		{
			"from": [13, 17, 8.2],
			"to": [15, 20, 8.2],
			"faces": {
				"north": {"uv": [1, 0.875, 1.25, 1.25], "texture": "#1"},
				"east": {"uv": [1, 0.875, 1, 1.25], "texture": "#1"},
				"south": {"uv": [1.25, 0.875, 1.5, 1.25], "texture": "#1"},
				"west": {"uv": [1.25, 0.875, 1.25, 1.25], "texture": "#1"},
				"up": {"uv": [1.25, 0.875, 1, 0.875], "texture": "#1"},
				"down": {"uv": [1.5, 0.875, 1.25, 0.875], "texture": "#1"}
			}
		},
		{
			"from": [2, 17, 5],
			"to": [4, 20, 9],
			"faces": {
				"north": {"uv": [0.5, 0.5, 0.75, 0.875], "texture": "#1"},
				"east": {"uv": [0, 0.5, 0.5, 0.875], "texture": "#1"},
				"south": {"uv": [1.25, 0.5, 1.5, 0.875], "texture": "#1"},
				"west": {"uv": [0.75, 0.5, 1.25, 0.875], "texture": "#1"},
				"up": {"uv": [0.75, 0.5, 0.5, 0], "texture": "#1"},
				"down": {"uv": [1, 0, 0.75, 0.5], "texture": "#1"}
			}
		},
		{
			"from": [11, 17, 5],
			"to": [13, 20, 9],
			"faces": {
				"north": {"uv": [0.5, 1.375, 0.75, 1.75], "texture": "#1"},
				"east": {"uv": [0, 1.375, 0.5, 1.75], "texture": "#1"},
				"south": {"uv": [1.25, 1.375, 1.5, 1.75], "texture": "#1"},
				"west": {"uv": [0.75, 1.375, 1.25, 1.75], "texture": "#1"},
				"up": {"uv": [0.75, 1.375, 0.5, 0.875], "texture": "#1"},
				"down": {"uv": [1, 0.875, 0.75, 1.375], "texture": "#1"}
			}
		},
		{
			"from": [5, 6, 5.55],
			"to": [10, 9, 5.55],
			"faces": {
				"north": {"uv": [3, 2, 3.625, 2.375], "texture": "#1"},
				"east": {"uv": [3, 2, 3, 2.375], "texture": "#1"},
				"south": {"uv": [3.625, 2, 4.25, 2.375], "texture": "#1"},
				"west": {"uv": [3.625, 2, 3.625, 2.375], "texture": "#1"},
				"up": {"uv": [3.625, 2, 3, 2], "texture": "#1"},
				"down": {"uv": [4.25, 2, 3.625, 2], "texture": "#1"}
			}
		},
		{
			"from": [5, 6, 8.2],
			"to": [10, 9, 8.2],
			"faces": {
				"north": {"uv": [5, 4, 5.625, 4.375], "texture": "#1"},
				"east": {"uv": [5, 4, 5, 4.375], "texture": "#1"},
				"south": {"uv": [5.625, 4, 6.25, 4.375], "texture": "#1"},
				"west": {"uv": [5.625, 4, 5.625, 4.375], "texture": "#1"},
				"up": {"uv": [5.625, 4, 5, 4], "texture": "#1"},
				"down": {"uv": [6.25, 4, 5.625, 4], "texture": "#1"}
			}
		},
		{
			"from": [5, 6, 7.6],
			"to": [10, 9, 7.6],
			"faces": {
				"north": {"uv": [4.25, 2, 4.875, 2.375], "texture": "#1"},
				"east": {"uv": [4.25, 2, 4.25, 2.375], "texture": "#1"},
				"south": {"uv": [4.875, 2, 5.5, 2.375], "texture": "#1"},
				"west": {"uv": [4.875, 2, 4.875, 2.375], "texture": "#1"},
				"up": {"uv": [4.875, 2, 4.25, 2], "texture": "#1"},
				"down": {"uv": [5.5, 2, 4.875, 2], "texture": "#1"}
			}
		},
		{
			"from": [4, 9, 5],
			"to": [11, 20, 9],
			"faces": {
				"north": {"uv": [0.5, 4.25, 1.375, 5.625], "texture": "#1"},
				"east": {"uv": [0, 4.25, 0.5, 5.625], "texture": "#1"},
				"south": {"uv": [1.875, 4.25, 2.75, 5.625], "texture": "#1"},
				"west": {"uv": [1.375, 4.25, 1.875, 5.625], "texture": "#1"},
				"up": {"uv": [1.375, 4.25, 0.5, 3.75], "texture": "#1"},
				"down": {"uv": [2.25, 3.75, 1.375, 4.25], "texture": "#1"}
			}
		}
	],
	"display": {
		"firstperson_righthand": {
			"translation": [0, -7.75, 0]
		},
		"firstperson_lefthand": {
			"translation": [1.75, -4, 0]
		},
		"gui": {
			"translation": [0.5, -9, 0]
		},
		"head": {
			"rotation": [0, -180, 0]
		},
		"fixed": {
			"rotation": [-90, -180, 0],
			"translation": [-1.75, -7.5, -33],
			"scale": [4, 4, 4]
		}
	},
	"groups": [
		0,
		1,
		{
			"name": "bone",
			"origin": [4, 5, -13],
			"color": 0,
			"children": [2, 3, 4]
		},
		{
			"name": "group",
			"origin": [0, 0, 0],
			"color": 0,
			"children": [
				5,
				{
					"name": "bone5",
					"origin": [-12, 0, -1],
					"color": 0,
					"children": [6, 7, 8]
				},
				{
					"name": "bone4",
					"origin": [0, 0, 0],
					"color": 0,
					"children": [9, 10, 11]
				},
				12,
				13,
				{
					"name": "bone3",
					"origin": [0, 0, 0],
					"color": 0,
					"children": [14]
				},
				{
					"name": "bone2",
					"origin": [0, 0, 0],
					"color": 0,
					"children": [15, 16]
				},
				17
			]
		}
	]
}