{
    "name":"joshie:village/ocean/houses",
    "fallback": "minecraft:empty",
    "elements": 
    [
        {
            "weight": 4,
            "element": {
                "element_type": "minecraft:single_pool_element",
                "location": "joshie:village/ocean/houses/small_farm",
                "projection": "rigid",
                "processors": "joshie:mossifier" 
            }
        },
        {
            "weight": 4,
            "element": {
                "element_type": "minecraft:single_pool_element",
                "location": "joshie:village/ocean/houses/large_farm",
                "projection": "rigid",
                "processors": "joshie:mossifier" 
            }
        },
{
            "weight": 2,
            "element": {
                "element_type": "minecraft:single_pool_element",
                "location": "joshie:village/ocean/houses/weaponsmith",
                "projection": "rigid",
                "processors": "joshie:mossifier" 
            }
        },
        {
            "weight": 2,
            "element": {
                "element_type": "minecraft:single_pool_element",
                "location": "joshie:village/ocean/houses/tower_1",
                "projection": "rigid",
                "processors": "joshie:mossifier" 
            }
        },
        {
            "weight": 2,
            "element": {
                "element_type": "minecraft:single_pool_element",
                "location": "joshie:village/ocean/houses/tower_2",
                "projection": "rigid",
                "processors": "joshie:mossifier" 
            }
        },
        {
            "weight": 2,
            "element": {
                "element_type": "minecraft:single_pool_element",
                "location": "joshie:village/ocean/houses/xs_farm",
                "projection": "rigid",
                "processors": "joshie:mossifier" 
            }
        },
{
            "weight": 4,
            "element": {
                "element_type": "minecraft:single_pool_element",
                "location": "joshie:village/ocean/houses/small_house1",
                "projection": "rigid",
                "processors": "joshie:mossifier" 
            }
        }
    ]
}