{
	"credit": "Made with Blockbench",
	"ambientocclusion": false,
	"textures": {
		"5": "block/pitcher_crop_bottom_stage_2",
		"particle": "block/pitcher_crop_top",
		"pitcher_top": "block/pitcher_crop_top",
		"pitcher_side": "block/pitcher_crop_side",
		"pitcher_bottom": "block/pitcher_crop_bottom"
	},
	"elements": [
		{
			"name": "pitcher_crop_bottom_stage_1",
			"from": [3, -1, 3],
			"to": [13, 5, 13],
			"rotation": {"angle": 0, "axis": "y", "origin": [8, 10.25, 8]},
			"faces": {
				"north": {"uv": [3, 10, 13, 16], "texture": "#pitcher_side"},
				"east": {"uv": [3, 10, 13, 16], "texture": "#pitcher_side"},
				"south": {"uv": [3, 10, 13, 16], "texture": "#pitcher_side"},
				"west": {"uv": [3, 10, 13, 16], "texture": "#pitcher_side"},
				"up": {"uv": [3, 3, 13, 13], "texture": "#pitcher_top"},
				"down": {"uv": [3, 3, 13, 13], "texture": "#pitcher_bottom"}
			}
		},
		{
			"name": "pitcher_crop_bottom_stage_2_0",
			"from": [7, 18, 7.25],
			"to": [9, 19, 9.25],
			"rotation": {"angle": 0, "axis": "y", "origin": [8, 10.25, 8]},
			"faces": {
				"north": {"uv": [9, 2, 8, 3], "texture": "#5"},
				"east": {"uv": [7, 2, 9, 3], "texture": "#5"},
				"south": {"uv": [8, 2, 7, 3], "texture": "#5"},
				"west": {"uv": [9, 2, 7, 3], "texture": "#5"},
				"up": {"uv": [9, 2, 7, 3], "rotation": 90, "texture": "#5"},
				"down": {"uv": [9, 2, 7, 3], "rotation": 270, "texture": "#5"}
			}
		},
		{
			"name": "pitcher_crop_bottom_stage_2_1",
			"from": [9, 17, 6.25],
			"to": [10, 18, 10.25],
			"rotation": {"angle": 0, "axis": "y", "origin": [8, 10.25, 8]},
			"faces": {
				"north": {"uv": [10, 3, 9, 4], "texture": "#5"},
				"east": {"uv": [6, 3, 10, 4], "texture": "#5"},
				"south": {"uv": [7, 3, 6, 4], "texture": "#5"},
				"west": {"uv": [10, 3, 6, 4], "texture": "#5"},
				"up": {"uv": [10, 3, 6, 4], "rotation": 90, "texture": "#5"},
				"down": {"uv": [10, 3, 6, 4], "rotation": 270, "texture": "#5"}
			}
		},
		{
			"name": "pitcher_crop_bottom_stage_2_2",
			"from": [10, 16, 5.25],
			"to": [11, 17, 8.25],
			"rotation": {"angle": 0, "axis": "y", "origin": [8, 10.25, 8]},
			"faces": {
				"north": {"uv": [11, 4, 10, 5], "texture": "#5"},
				"east": {"uv": [8, 4, 11, 5], "texture": "#5"},
				"south": {"uv": [7, 4, 6, 5], "texture": "#5"},
				"west": {"uv": [11, 4, 8, 5], "texture": "#5"},
				"up": {"uv": [11, 4, 8, 5], "rotation": 90, "texture": "#5"},
				"down": {"uv": [11, 4, 8, 5], "rotation": 270, "texture": "#5"}
			}
		},
		{
			"from": [6, 15, 7.25],
			"to": [7, 18, 9.25],
			"rotation": {"angle": 0, "axis": "y", "origin": [8, 10.25, 8]},
			"faces": {
				"north": {"uv": [5, 6, 6, 9], "texture": "#5"},
				"east": {"uv": [8, 5, 10, 6], "texture": "#5"},
				"south": {"uv": [6, 3, 7, 6], "texture": "#5"},
				"west": {"uv": [5, 9, 7, 6], "texture": "#5"},
				"up": {"uv": [6, 8, 8, 9], "rotation": 90, "texture": "#5"},
				"down": {"uv": [0, 0, 2, 1], "rotation": 270, "texture": "#5"}
			}
		},
		{
			"from": [7, 15, 9.25],
			"to": [8, 17, 10.25],
			"rotation": {"angle": 0, "axis": "y", "origin": [8, 10.25, 8]},
			"faces": {
				"north": {"uv": [7, 4, 8, 5], "texture": "#5"},
				"south": {"uv": [6, 3, 7, 5], "texture": "#5"},
				"west": {"uv": [7, 3, 6, 5], "texture": "#5"},
				"up": {"uv": [6, 3, 7, 4], "rotation": 90, "texture": "#5"},
				"down": {"uv": [0, 0, 4, 1], "rotation": 270, "texture": "#5"}
			}
		},
		{
			"from": [8, 15, 9.25],
			"to": [9, 17, 10.25],
			"rotation": {"angle": 0, "axis": "y", "origin": [8, 10.25, 8]},
			"faces": {
				"north": {"uv": [8, 4, 7, 5], "texture": "#5"},
				"east": {"uv": [7, 5, 6, 7], "texture": "#5"},
				"south": {"uv": [7, 5, 6, 7], "texture": "#5"},
				"up": {"uv": [6, 4, 7, 3], "rotation": 90, "texture": "#5"},
				"down": {"uv": [0, 1, 4, 0], "rotation": 270, "texture": "#5"}
			}
		},
		{
			"from": [8, 15, 6.25],
			"to": [9, 17, 7.25],
			"rotation": {"angle": 0, "axis": "y", "origin": [8, 10.25, 8]},
			"faces": {
				"north": {"uv": [6, 5, 7, 7], "texture": "#5"},
				"east": {"uv": [6, 5, 7, 7], "texture": "#5"},
				"south": {"uv": [7, 4, 8, 5], "texture": "#5"},
				"up": {"uv": [7, 4, 6, 3], "rotation": 90, "texture": "#5"},
				"down": {"uv": [4, 1, 0, 0], "rotation": 270, "texture": "#5"}
			}
		},
		{
			"from": [7, 15, 6.25],
			"to": [8, 17, 7.25],
			"rotation": {"angle": 0, "axis": "y", "origin": [8, 10.25, 8]},
			"faces": {
				"north": {"uv": [7, 3, 6, 5], "texture": "#5"},
				"south": {"uv": [8, 4, 7, 5], "texture": "#5"},
				"west": {"uv": [7, 3, 6, 5], "texture": "#5"},
				"up": {"uv": [7, 3, 6, 4], "rotation": 90, "texture": "#5"},
				"down": {"uv": [4, 0, 0, 1], "rotation": 270, "texture": "#5"}
			}
		},
		{
			"from": [7, 12, 7.25],
			"to": [11, 15, 11.25],
			"rotation": {"angle": 0, "axis": "y", "origin": [8, 10.25, 8]},
			"faces": {
				"north": {"uv": [0, 0, 4, 3], "texture": "#5"},
				"east": {"uv": [5, 6, 9, 9], "texture": "#5"},
				"south": {"uv": [5, 6, 9, 9], "texture": "#5"},
				"down": {"uv": [5, 8, 9, 9], "rotation": 270, "texture": "#5"}
			}
		},
		{
			"from": [7, 12, 5.25],
			"to": [11, 15, 7.25],
			"rotation": {"angle": 0, "axis": "y", "origin": [8, 10.25, 8]},
			"faces": {
				"north": {"uv": [5, 6, 9, 9], "texture": "#5"},
				"east": {"uv": [8, 6, 6, 9], "texture": "#5"},
				"up": {"uv": [9, 9, 5, 7], "rotation": 180, "texture": "#5"},
				"down": {"uv": [9, 9, 5, 7], "texture": "#5"}
			}
		},
		{
			"from": [5, 12, 5.25],
			"to": [7, 15, 7.25],
			"rotation": {"angle": 0, "axis": "y", "origin": [8, 10.25, 8]},
			"faces": {
				"north": {"uv": [8, 6, 6, 9], "texture": "#5"},
				"west": {"uv": [6, 6, 8, 9], "texture": "#5"},
				"up": {"uv": [7, 9, 5, 7], "rotation": 90, "texture": "#5"},
				"down": {"uv": [7, 9, 5, 7], "rotation": 270, "texture": "#5"}
			}
		},
		{
			"from": [5, 12, 7.25],
			"to": [7, 15, 11.25],
			"rotation": {"angle": 0, "axis": "y", "origin": [8, 10.25, 8]},
			"faces": {
				"south": {"uv": [6, 6, 8, 9], "texture": "#5"},
				"west": {"uv": [9, 6, 5, 9], "texture": "#5"},
				"up": {"uv": [9, 9, 5, 7], "rotation": 90, "texture": "#5"},
				"down": {"uv": [9, 9, 5, 7], "rotation": 270, "texture": "#5"}
			}
		},
		{
			"from": [7, 11, 7.25],
			"to": [10, 12, 10.25],
			"rotation": {"angle": 0, "axis": "y", "origin": [8, 10.25, 8]},
			"faces": {
				"north": {"uv": [0, 0, 3, 1], "texture": "#5"},
				"east": {"uv": [6, 9, 9, 10], "texture": "#5"},
				"south": {"uv": [6, 9, 9, 10], "texture": "#5"},
				"west": {"uv": [0, 0, 3, 1], "texture": "#5"},
				"down": {"uv": [6, 9, 9, 12], "rotation": 270, "texture": "#5"}
			}
		},
		{
			"from": [7, 11, 6.25],
			"to": [10, 12, 7.25],
			"rotation": {"angle": 0, "axis": "y", "origin": [8, 10.25, 8]},
			"faces": {
				"north": {"uv": [9, 9, 6, 10], "texture": "#5"},
				"east": {"uv": [8, 9, 7, 10], "texture": "#5"},
				"south": {"uv": [3, 0, 0, 1], "texture": "#5"},
				"west": {"uv": [3, 0, 0, 1], "texture": "#5"},
				"down": {"uv": [8, 12, 7, 9], "rotation": 270, "texture": "#5"}
			}
		},
		{
			"from": [6, 11, 6.25],
			"to": [7, 12, 9.25],
			"rotation": {"angle": 0, "axis": "y", "origin": [8, 10.25, 8]},
			"faces": {
				"north": {"uv": [8, 9, 7, 10], "texture": "#5"},
				"east": {"uv": [3, 0, 0, 1], "texture": "#5"},
				"south": {"uv": [3, 0, 0, 1], "texture": "#5"},
				"west": {"uv": [9, 9, 6, 10], "texture": "#5"},
				"down": {"uv": [7, 12, 8, 9], "texture": "#5"}
			}
		},
		{
			"from": [6, 11, 9.25],
			"to": [7, 12, 10.25],
			"rotation": {"angle": 0, "axis": "y", "origin": [8, 10.25, 8]},
			"faces": {
				"north": {"uv": [7, 9, 8, 10], "texture": "#5"},
				"east": {"uv": [7, 9, 8, 10], "texture": "#5"},
				"south": {"uv": [7, 9, 8, 10], "texture": "#5"},
				"west": {"uv": [7, 9, 8, 10], "texture": "#5"},
				"up": {"uv": [7, 9, 8, 10], "rotation": 90, "texture": "#5"},
				"down": {"uv": [7, 9, 8, 10], "rotation": 270, "texture": "#5"}
			}
		},
		{
			"from": [9, 15, 9.25],
			"to": [10, 16, 10.25],
			"rotation": {"angle": 0, "axis": "y", "origin": [8, 10.25, 8]},
			"faces": {
				"north": {"uv": [7, 5, 8, 6], "texture": "#5"},
				"east": {"uv": [7, 5, 8, 6], "texture": "#5"},
				"south": {"uv": [7, 5, 8, 6], "texture": "#5"},
				"west": {"uv": [7, 5, 8, 6], "texture": "#5"},
				"up": {"uv": [7, 5, 8, 6], "rotation": 90, "texture": "#5"}
			}
		},
		{
			"from": [9, 15, 6.25],
			"to": [10, 16, 7.25],
			"rotation": {"angle": 0, "axis": "y", "origin": [8, 10.25, 8]},
			"faces": {
				"north": {"uv": [8, 5, 7, 6], "texture": "#5"},
				"east": {"uv": [8, 5, 7, 6], "texture": "#5"},
				"south": {"uv": [8, 5, 7, 6], "texture": "#5"},
				"west": {"uv": [8, 5, 7, 6], "texture": "#5"},
				"up": {"uv": [8, 5, 7, 6], "rotation": 90, "texture": "#5"}
			}
		},
		{
			"name": "pitcher_crop_bottom_stage_2_0",
			"from": [7, 5, 8],
			"to": [9, 11, 9],
			"rotation": {"angle": -45, "axis": "y", "origin": [8, 10.25, 8]},
			"faces": {
				"north": {"uv": [8, 10, 7, 16], "texture": "#5"},
				"east": {"uv": [7, 10, 8, 16], "texture": "#5"},
				"south": {"uv": [9, 10, 7, 16], "texture": "#5"},
				"west": {"uv": [8, 10, 7, 16], "texture": "#5"},
				"up": {"uv": [8, 10, 7, 11], "rotation": 90, "texture": "#5"},
				"down": {"uv": [8, 15, 7, 16], "rotation": 270, "texture": "#5"}
			}
		},
		{
			"name": "pitcher_crop_bottom_stage_2_1",
			"from": [7, 5, 7],
			"to": [9, 11, 8],
			"rotation": {"angle": -45, "axis": "y", "origin": [8, 10.25, 8]},
			"faces": {
				"north": {"uv": [9, 10, 7, 16], "texture": "#5"},
				"east": {"uv": [8, 10, 9, 16], "texture": "#5"},
				"south": {"uv": [9, 10, 8, 16], "texture": "#5"},
				"west": {"uv": [9, 10, 8, 16], "texture": "#5"},
				"up": {"uv": [9, 10, 8, 11], "rotation": 90, "texture": "#5"},
				"down": {"uv": [9, 15, 8, 16], "rotation": 270, "texture": "#5"}
			}
		},
		{
			"name": "pitcher_crop_bottom_stage_2_2",
			"from": [7.75, 6, 9],
			"to": [8.25, 11, 10],
			"rotation": {"angle": -45, "axis": "y", "origin": [8, 10.25, 8]},
			"faces": {
				"north": {"uv": [7, 10, 6, 15], "texture": "#5"},
				"east": {"uv": [6, 10, 7, 15], "texture": "#5"},
				"south": {"uv": [7, 10, 6, 15], "texture": "#5"},
				"west": {"uv": [7, 10, 6, 15], "texture": "#5"},
				"up": {"uv": [7, 10, 6, 11], "rotation": 90, "texture": "#5"},
				"down": {"uv": [7, 14, 6, 15], "rotation": 270, "texture": "#5"}
			}
		},
		{
			"name": "pitcher_crop_bottom_stage_2_3",
			"from": [7.75, 5, 6],
			"to": [8.25, 10, 7],
			"rotation": {"angle": -45, "axis": "y", "origin": [8, 10.25, 8]},
			"faces": {
				"north": {"uv": [9, 11, 10, 16], "texture": "#5"},
				"east": {"uv": [9, 11, 10, 16], "texture": "#5"},
				"south": {"uv": [9, 11, 10, 16], "texture": "#5"},
				"west": {"uv": [9, 11, 10, 16], "texture": "#5"},
				"up": {"uv": [10, 11, 9, 12], "rotation": 90, "texture": "#5"},
				"down": {"uv": [10, 15, 9, 16], "rotation": 270, "texture": "#5"}
			}
		},
		{
			"name": "pitcher_crop_bottom_stage_2_5",
			"from": [7.75, 9, 10],
			"to": [8.25, 12, 11],
			"rotation": {"angle": -45, "axis": "y", "origin": [8, 10.25, 8]},
			"faces": {
				"north": {"uv": [6, 9, 5, 12], "texture": "#5"},
				"east": {"uv": [5, 9, 6, 12], "texture": "#5"},
				"south": {"uv": [6, 9, 5, 12], "texture": "#5"},
				"west": {"uv": [6, 9, 5, 12], "texture": "#5"},
				"up": {"uv": [6, 9, 5, 10], "rotation": 90, "texture": "#5"},
				"down": {"uv": [6, 11, 5, 12], "rotation": 270, "texture": "#5"}
			}
		},
		{
			"name": "pitcher_crop_bottom_stage_2_6",
			"from": [7.75, 7, 5],
			"to": [8.25, 11, 6],
			"rotation": {"angle": -45, "axis": "y", "origin": [8, 10.25, 8]},
			"faces": {
				"north": {"uv": [11, 10, 10, 14], "texture": "#5"},
				"east": {"uv": [10, 11, 11, 10], "texture": "#5"},
				"south": {"uv": [11, 10, 10, 14], "texture": "#5"},
				"west": {"uv": [11, 10, 10, 14], "texture": "#5"},
				"up": {"uv": [11, 10, 10, 11], "rotation": 90, "texture": "#5"},
				"down": {"uv": [11, 13, 10, 14], "rotation": 270, "texture": "#5"}
			}
		},
		{
			"name": "pitcher_crop_bottom_stage_2_8",
			"from": [7.75, 11, 13],
			"to": [8.25, 12, 14],
			"rotation": {"angle": -45, "axis": "y", "origin": [8, 10.25, 8]},
			"faces": {
				"north": {"uv": [3, 9, 2, 10], "texture": "#5"},
				"east": {"uv": [2, 9, 3, 10], "texture": "#5"},
				"south": {"uv": [3, 9, 2, 10], "texture": "#5"},
				"west": {"uv": [3, 9, 2, 10], "texture": "#5"},
				"up": {"uv": [3, 9, 2, 10], "rotation": 90, "texture": "#5"},
				"down": {"uv": [3, 9, 2, 10], "rotation": 270, "texture": "#5"}
			}
		},
		{
			"name": "pitcher_crop_bottom_stage_2_9",
			"from": [7.75, 10, 12],
			"to": [8.25, 12, 13],
			"rotation": {"angle": -45, "axis": "y", "origin": [8, 10.25, 8]},
			"faces": {
				"north": {"uv": [4, 9, 3, 11], "texture": "#5"},
				"east": {"uv": [3, 9, 4, 11], "texture": "#5"},
				"south": {"uv": [4, 9, 3, 11], "texture": "#5"},
				"west": {"uv": [4, 9, 3, 11], "texture": "#5"},
				"up": {"uv": [4, 9, 3, 10], "rotation": 90, "texture": "#5"},
				"down": {"uv": [4, 10, 3, 11], "rotation": 270, "texture": "#5"}
			}
		},
		{
			"name": "pitcher_crop_bottom_stage_2_10",
			"from": [7.75, 10, 11],
			"to": [8.25, 12, 12],
			"rotation": {"angle": -45, "axis": "y", "origin": [8, 10.25, 8]},
			"faces": {
				"north": {"uv": [5, 9, 4, 11], "texture": "#5"},
				"east": {"uv": [4, 9, 5, 11], "texture": "#5"},
				"south": {"uv": [5, 9, 4, 11], "texture": "#5"},
				"west": {"uv": [5, 9, 4, 11], "texture": "#5"},
				"up": {"uv": [5, 9, 4, 10], "rotation": 90, "texture": "#5"},
				"down": {"uv": [5, 10, 4, 11], "rotation": 270, "texture": "#5"}
			}
		},
		{
			"name": "pitcher_crop_bottom_stage_2_11",
			"from": [7.75, 8, 4],
			"to": [8.25, 11, 5],
			"rotation": {"angle": -45, "axis": "y", "origin": [8, 10.25, 8]},
			"faces": {
				"north": {"uv": [12, 10, 11, 13], "texture": "#5"},
				"east": {"uv": [11, 10, 12, 13], "texture": "#5"},
				"south": {"uv": [12, 10, 11, 13], "texture": "#5"},
				"west": {"uv": [12, 10, 11, 13], "texture": "#5"},
				"up": {"uv": [12, 10, 11, 11], "rotation": 90, "texture": "#5"},
				"down": {"uv": [12, 12, 11, 13], "rotation": 270, "texture": "#5"}
			}
		},
		{
			"name": "pitcher_crop_bottom_stage_2_12",
			"from": [7.75, 9, 3],
			"to": [8.25, 11, 4],
			"rotation": {"angle": -45, "axis": "y", "origin": [8, 10.25, 8]},
			"faces": {
				"north": {"uv": [13, 10, 12, 12], "texture": "#5"},
				"east": {"uv": [12, 10, 13, 12], "texture": "#5"},
				"south": {"uv": [13, 10, 12, 12], "texture": "#5"},
				"west": {"uv": [13, 10, 12, 12], "texture": "#5"},
				"up": {"uv": [13, 10, 12, 11], "rotation": 90, "texture": "#5"},
				"down": {"uv": [13, 11, 12, 12], "rotation": 270, "texture": "#5"}
			}
		},
		{
			"name": "pitcher_crop_bottom_stage_2_13",
			"from": [7.75, 10, 2],
			"to": [8.25, 11, 3],
			"rotation": {"angle": -45, "axis": "y", "origin": [8, 10.25, 8]},
			"faces": {
				"north": {"uv": [14, 10, 13, 11], "texture": "#5"},
				"east": {"uv": [13, 10, 14, 11], "texture": "#5"},
				"south": {"uv": [14, 10, 13, 11], "texture": "#5"},
				"west": {"uv": [14, 10, 13, 11], "texture": "#5"},
				"up": {"uv": [14, 10, 13, 11], "rotation": 90, "texture": "#5"},
				"down": {"uv": [14, 10, 13, 11], "rotation": 270, "texture": "#5"}
			}
		},
		{
			"name": "pitcher_crop_bottom_stage_2_4",
			"from": [6, 5, 7.75],
			"to": [7, 10, 8.25],
			"rotation": {"angle": -45, "axis": "y", "origin": [8, 10.25, 8]},
			"faces": {
				"north": {"uv": [9, 11, 10, 16], "texture": "#5"},
				"east": {"uv": [9, 11, 10, 16], "texture": "#5"},
				"south": {"uv": [9, 11, 10, 16], "texture": "#5"},
				"west": {"uv": [9, 11, 10, 16], "texture": "#5"},
				"up": {"uv": [10, 11, 9, 12], "texture": "#5"},
				"down": {"uv": [10, 15, 9, 16], "texture": "#5"}
			}
		},
		{
			"name": "pitcher_crop_bottom_stage_2_7",
			"from": [5, 7, 7.75],
			"to": [6, 11, 8.25],
			"rotation": {"angle": -45, "axis": "y", "origin": [8, 10.25, 8]},
			"faces": {
				"north": {"uv": [10, 11, 11, 10], "texture": "#5"},
				"east": {"uv": [11, 10, 10, 14], "texture": "#5"},
				"south": {"uv": [11, 10, 10, 14], "texture": "#5"},
				"west": {"uv": [11, 10, 10, 14], "texture": "#5"},
				"up": {"uv": [11, 10, 10, 11], "texture": "#5"},
				"down": {"uv": [11, 13, 10, 14], "texture": "#5"}
			}
		},
		{
			"name": "pitcher_crop_bottom_stage_2_12",
			"from": [4, 8, 7.75],
			"to": [5, 11, 8.25],
			"rotation": {"angle": -45, "axis": "y", "origin": [8, 10.25, 8]},
			"faces": {
				"north": {"uv": [11, 10, 12, 13], "texture": "#5"},
				"east": {"uv": [12, 10, 11, 13], "texture": "#5"},
				"south": {"uv": [12, 10, 11, 13], "texture": "#5"},
				"west": {"uv": [12, 10, 11, 13], "texture": "#5"},
				"up": {"uv": [12, 10, 11, 11], "texture": "#5"},
				"down": {"uv": [12, 12, 11, 13], "texture": "#5"}
			}
		},
		{
			"name": "pitcher_crop_bottom_stage_2_13",
			"from": [3, 9, 7.75],
			"to": [4, 11, 8.25],
			"rotation": {"angle": -45, "axis": "y", "origin": [8, 10.25, 8]},
			"faces": {
				"north": {"uv": [12, 10, 13, 12], "texture": "#5"},
				"east": {"uv": [13, 10, 12, 12], "texture": "#5"},
				"south": {"uv": [13, 10, 12, 12], "texture": "#5"},
				"west": {"uv": [13, 10, 12, 12], "texture": "#5"},
				"up": {"uv": [13, 10, 12, 11], "texture": "#5"},
				"down": {"uv": [13, 11, 12, 12], "texture": "#5"}
			}
		},
		{
			"name": "pitcher_crop_bottom_stage_2_14",
			"from": [2, 10, 7.75],
			"to": [3, 11, 8.25],
			"rotation": {"angle": -45, "axis": "y", "origin": [8, 10.25, 8]},
			"faces": {
				"north": {"uv": [13, 10, 14, 11], "texture": "#5"},
				"east": {"uv": [14, 10, 13, 11], "texture": "#5"},
				"south": {"uv": [14, 10, 13, 11], "texture": "#5"},
				"west": {"uv": [14, 10, 13, 11], "texture": "#5"},
				"up": {"uv": [14, 10, 13, 11], "texture": "#5"},
				"down": {"uv": [14, 10, 13, 11], "texture": "#5"}
			}
		},
		{
			"name": "pitcher_crop_bottom_stage_2_14",
			"from": [7.75, 8, 12],
			"to": [8.25, 9, 13],
			"rotation": {"angle": -45, "axis": "y", "origin": [8, 10.25, 8]},
			"faces": {
				"north": {"uv": [4, 12, 3, 13], "texture": "#5"},
				"east": {"uv": [3, 12, 4, 13], "texture": "#5"},
				"south": {"uv": [4, 12, 3, 13], "texture": "#5"},
				"west": {"uv": [4, 12, 3, 13], "texture": "#5"},
				"up": {"uv": [4, 12, 3, 13], "rotation": 90, "texture": "#5"},
				"down": {"uv": [4, 12, 3, 13], "rotation": 270, "texture": "#5"}
			}
		},
		{
			"name": "pitcher_crop_bottom_stage_2_15",
			"from": [7.75, 7, 11],
			"to": [8.25, 9, 12],
			"rotation": {"angle": -45, "axis": "y", "origin": [8, 10.25, 8]},
			"faces": {
				"north": {"uv": [5, 12, 4, 14], "texture": "#5"},
				"east": {"uv": [4, 12, 5, 14], "texture": "#5"},
				"south": {"uv": [5, 12, 4, 14], "texture": "#5"},
				"west": {"uv": [5, 12, 4, 14], "texture": "#5"},
				"up": {"uv": [5, 12, 4, 13], "rotation": 90, "texture": "#5"},
				"down": {"uv": [5, 13, 4, 14], "rotation": 270, "texture": "#5"}
			}
		},
		{
			"name": "pitcher_crop_bottom_stage_2_16",
			"from": [7.75, 6, 10],
			"to": [8.25, 8, 11],
			"rotation": {"angle": -45, "axis": "y", "origin": [8, 10.25, 8]},
			"faces": {
				"north": {"uv": [6, 13, 5, 15], "texture": "#5"},
				"east": {"uv": [5, 13, 6, 15], "texture": "#5"},
				"south": {"uv": [6, 13, 5, 15], "texture": "#5"},
				"west": {"uv": [6, 13, 5, 15], "texture": "#5"},
				"up": {"uv": [6, 13, 5, 14], "rotation": 90, "texture": "#5"},
				"down": {"uv": [6, 14, 5, 15], "rotation": 270, "texture": "#5"}
			}
		},
		{
			"name": "pitcher_crop_bottom_stage_3_3",
			"from": [9, 6, 7.75],
			"to": [10, 11, 8.25],
			"rotation": {"angle": -45, "axis": "y", "origin": [8, 10.25, 8]},
			"faces": {
				"north": {"uv": [6, 10, 7, 15], "texture": "#5"},
				"east": {"uv": [7, 10, 6, 15], "texture": "#5"},
				"south": {"uv": [7, 10, 6, 15], "texture": "#5"},
				"west": {"uv": [7, 10, 6, 15], "texture": "#5"},
				"up": {"uv": [7, 10, 6, 11], "texture": "#5"},
				"down": {"uv": [7, 14, 6, 15], "texture": "#5"}
			}
		},
		{
			"name": "pitcher_crop_bottom_stage_2_6",
			"from": [10, 9, 7.75],
			"to": [11, 12, 8.25],
			"rotation": {"angle": -45, "axis": "y", "origin": [8, 10.25, 8]},
			"faces": {
				"north": {"uv": [5, 9, 6, 12], "texture": "#5"},
				"east": {"uv": [6, 9, 5, 12], "texture": "#5"},
				"south": {"uv": [6, 9, 5, 12], "texture": "#5"},
				"west": {"uv": [6, 9, 5, 12], "texture": "#5"},
				"up": {"uv": [6, 9, 5, 10], "texture": "#5"},
				"down": {"uv": [6, 11, 5, 12], "texture": "#5"}
			}
		},
		{
			"name": "pitcher_crop_bottom_stage_2_9",
			"from": [13, 11, 7.75],
			"to": [14, 12, 8.25],
			"rotation": {"angle": -45, "axis": "y", "origin": [8, 10.25, 8]},
			"faces": {
				"north": {"uv": [2, 9, 3, 10], "texture": "#5"},
				"east": {"uv": [3, 9, 2, 10], "texture": "#5"},
				"south": {"uv": [3, 9, 2, 10], "texture": "#5"},
				"west": {"uv": [3, 9, 2, 10], "texture": "#5"},
				"up": {"uv": [3, 9, 2, 10], "texture": "#5"},
				"down": {"uv": [3, 9, 2, 10], "texture": "#5"}
			}
		},
		{
			"name": "pitcher_crop_bottom_stage_2_10",
			"from": [12, 10, 7.75],
			"to": [13, 12, 8.25],
			"rotation": {"angle": -45, "axis": "y", "origin": [8, 10.25, 8]},
			"faces": {
				"north": {"uv": [3, 9, 4, 11], "texture": "#5"},
				"east": {"uv": [4, 9, 3, 11], "texture": "#5"},
				"south": {"uv": [4, 9, 3, 11], "texture": "#5"},
				"west": {"uv": [4, 9, 3, 11], "texture": "#5"},
				"up": {"uv": [4, 9, 3, 10], "texture": "#5"},
				"down": {"uv": [4, 10, 3, 11], "texture": "#5"}
			}
		},
		{
			"name": "pitcher_crop_bottom_stage_2_11",
			"from": [11, 10, 7.75],
			"to": [12, 12, 8.25],
			"rotation": {"angle": -45, "axis": "y", "origin": [8, 10.25, 8]},
			"faces": {
				"north": {"uv": [4, 9, 5, 11], "texture": "#5"},
				"east": {"uv": [5, 9, 4, 11], "texture": "#5"},
				"south": {"uv": [5, 9, 4, 11], "texture": "#5"},
				"west": {"uv": [5, 9, 4, 11], "texture": "#5"},
				"up": {"uv": [5, 9, 4, 10], "texture": "#5"},
				"down": {"uv": [5, 10, 4, 11], "texture": "#5"}
			}
		},
		{
			"name": "pitcher_crop_bottom_stage_2_15",
			"from": [12, 8, 7.75],
			"to": [13, 9, 8.25],
			"rotation": {"angle": -45, "axis": "y", "origin": [8, 10.25, 8]},
			"faces": {
				"north": {"uv": [3, 12, 4, 13], "texture": "#5"},
				"east": {"uv": [4, 12, 3, 13], "texture": "#5"},
				"south": {"uv": [4, 12, 3, 13], "texture": "#5"},
				"west": {"uv": [4, 12, 3, 13], "texture": "#5"},
				"up": {"uv": [4, 12, 3, 13], "texture": "#5"},
				"down": {"uv": [4, 12, 3, 13], "texture": "#5"}
			}
		},
		{
			"name": "pitcher_crop_bottom_stage_2_16",
			"from": [11, 7, 7.75],
			"to": [12, 9, 8.25],
			"rotation": {"angle": -45, "axis": "y", "origin": [8, 10.25, 8]},
			"faces": {
				"north": {"uv": [4, 12, 5, 14], "texture": "#5"},
				"east": {"uv": [5, 12, 4, 14], "texture": "#5"},
				"south": {"uv": [5, 12, 4, 14], "texture": "#5"},
				"west": {"uv": [5, 12, 4, 14], "texture": "#5"},
				"up": {"uv": [5, 12, 4, 13], "texture": "#5"},
				"down": {"uv": [5, 13, 4, 14], "texture": "#5"}
			}
		},
		{
			"name": "pitcher_crop_bottom_stage_2_17",
			"from": [10, 6, 7.75],
			"to": [11, 8, 8.25],
			"rotation": {"angle": -45, "axis": "y", "origin": [8, 10.25, 8]},
			"faces": {
				"north": {"uv": [5, 13, 6, 15], "texture": "#5"},
				"east": {"uv": [6, 13, 5, 15], "texture": "#5"},
				"south": {"uv": [6, 13, 5, 15], "texture": "#5"},
				"west": {"uv": [6, 13, 5, 15], "texture": "#5"},
				"up": {"uv": [6, 13, 5, 14], "texture": "#5"},
				"down": {"uv": [6, 14, 5, 15], "texture": "#5"}
			}
		},
		{
			"from": [7, 15, 7],
			"to": [10, 15, 10],
			"rotation": {"angle": 0, "axis": "y", "origin": [8, 10.25, 8]},
			"faces": {
				"north": {"uv": [0, 0, 3, 0], "texture": "#missing"},
				"east": {"uv": [0, 0, 3, 0], "texture": "#missing"},
				"south": {"uv": [0, 0, 3, 0], "texture": "#missing"},
				"west": {"uv": [0, 0, 3, 0], "texture": "#missing"},
				"up": {"uv": [8, 5, 10, 6], "rotation": 90, "texture": "#5"},
				"down": {"uv": [0, 0, 3, 3], "rotation": 270, "texture": "#missing"}
			}
		},
		{
			"from": [10, 14.999, 7.25],
			"to": [11, 14.999, 11.25],
			"rotation": {"angle": 0, "axis": "y", "origin": [8, 10.25, 8]},
			"faces": {
				"north": {"uv": [0, 0, 1, 0], "texture": "#missing"},
				"east": {"uv": [0, 0, 4, 0], "texture": "#missing"},
				"south": {"uv": [0, 0, 1, 0], "texture": "#missing"},
				"west": {"uv": [0, 0, 4, 0], "texture": "#missing"},
				"up": {"uv": [9, 6, 5, 7], "rotation": 90, "texture": "#5"},
				"down": {"uv": [0, 0, 4, 1], "rotation": 270, "texture": "#missing"}
			}
		},
		{
			"from": [7, 14.999, 10.25],
			"to": [10, 14.999, 11.25],
			"rotation": {"angle": 0, "axis": "y", "origin": [8, 10.25, 8]},
			"faces": {
				"north": {"uv": [0, 0, 1, 0], "texture": "#missing"},
				"east": {"uv": [0, 0, 4, 0], "texture": "#missing"},
				"south": {"uv": [0, 0, 1, 0], "texture": "#missing"},
				"west": {"uv": [0, 0, 4, 0], "texture": "#missing"},
				"up": {"uv": [7, 6, 10, 7], "rotation": 180, "texture": "#5"},
				"down": {"uv": [0, 0, 4, 1], "rotation": 270, "texture": "#missing"}
			}
		}
	],
	"groups": [
		0,
		{
			"name": "pitcher_crop_bottom_stage_2",
			"origin": [8, 8, 8],
			"color": 0,
			"children": [1, 2, 3, 4, 5, 6, 7, 8]
		},
		{
			"name": "group",
			"origin": [0, 0, 16],
			"color": 0,
			"children": [9, 10, 11, 12, 13, 14, 15, 16, 17, 18]
		},
		{
			"name": "pitcher_crop_bottom_stage_2",
			"origin": [8, 8, 8],
			"color": 0,
			"children": [19, 20, 21, 22, 23, 24, 25, 26, 27, 28, 29, 30, 31, 32, 33, 34, 35, 36, 37, 38, 39, 40, 41, 42, 43, 44, 45, 46]
		},
		47,
		48,
		49
	],
	"corangeit": "Made with Blockbench"
}