{
    "display": {
      "icon": {
        "item": "minecraft:small_dripleaf"
      },
      "title": "Gardener's Dream",
      "description": {
        "text": "§aAdds more functionality to plants!"
      },
      "show_toast": true,
      "frame": "challenge",
      "announce_to_chat": false,
      "hidden": false
    },
    "parent": "gurkis:root",
    "criteria": {
      "requirement": {
        "trigger": "minecraft:tick"
      }
    },
    "sends_telemetry_event": false
  }
  