{
    "display": {
      "icon": {
        "item": "minecraft:sea_pickle",
        "nbt": "{SkullOwner:Gurkis}"
      },
      "title": "Gurkis Datapacks",
      "description": {
        "text": "More info @GurkisDev",
        "color": "gray"
      },
      "background": "textures/environment/moon_phases.png",
      
      "frame": "goal",
      "show_toast": true,
      "announce_to_chat": false,
      "hidden": false
    },
    "criteria": {
      "requirement": {
        "trigger": "minecraft:tick"
      }
    },
    "sends_telemetry_event": false
  }