{
    "display": {
      "icon": {
        "item": "minecraft:debug_stick"
      },
      "title": "Spinny Shrubs",
      "description": "§aHold a stick and crouch §2on top of a plant placed by this datapack §ato rotate it!",
      "show_toast": true,
      "announce_to_chat": true,
      "hidden": false
    },
    "parent": "gurkis:plantmaster",
    "criteria": {
        "requirement": {
          "trigger": "minecraft:tick",
          "conditions": {
            "player": [
              {
                "condition": "minecraft:entity_properties",
                "entity": "this",
                "predicate": {
                  "flags": {
                    "is_sneaking": true
                  },
                  "stepping_on": {
                    "block": {
                      "blocks": [
                        "minecraft:flower_pot",
                        "minecraft:decorated_pot"
                      ]
                    }
                  },
                  "equipment": {
                    "mainhand": {
                      "items": [
                        "minecraft:stick"
                      ]
                    }
                  }
                }
              }
            ]
          }
        }
      },
    "sends_telemetry_event": false
  }
  