{
	"credit": "Made with Blockbench",
	"textures": {
		"0": "block/clover",
		"particle": "block/clover"
	},
	"elements": [
		{
			"from": [5.5, 4, 5.5],
			"to": [10.5, 4, 10.5],
			"rotation": {"angle": -22.5, "axis": "y", "origin": [8, 4, 8]},
			"faces": {
				"north": {"uv": [2, 0, 0, 0], "texture": "#0", "tintindex": 0},
				"east": {"uv": [2, 0, 0, 0], "texture": "#0", "tintindex": 0},
				"south": {"uv": [2, 0, 0, 0], "texture": "#0", "tintindex": 0},
				"west": {"uv": [2, 0, 0, 0], "texture": "#0", "tintindex": 0},
				"up": {"uv": [9, 0, 4, 5], "rotation": 180, "texture": "#0", "tintindex": 0},
				"down": {"uv": [9, 5, 4, 0], "rotation": 180, "texture": "#0", "tintindex": 0}
			}
		},
		{
			"from": [8, 0, 7.5],
			"to": [8, 4, 8.5],
			"rotation": {"angle": 22.5, "axis": "y", "origin": [8, 2, 8]},
			"faces": {
				"north": {"uv": [0, 0, 0, 1], "texture": "#0", "tintindex": 0},
				"east": {"uv": [4, 0, 3, 4], "texture": "#0", "tintindex": 0},
				"south": {"uv": [0, 0, 0, 2], "texture": "#0", "tintindex": 0},
				"west": {"uv": [4, 0, 3, 4], "texture": "#0", "tintindex": 0},
				"up": {"uv": [1, 0, 0, 0], "rotation": 90, "texture": "#0", "tintindex": 0},
				"down": {"uv": [1, 0, 0, 0], "rotation": 270, "texture": "#0", "tintindex": 0}
			}
		}
	],
	"groups": [
		{
			"name": "group",
			"origin": [8, 8, 8],
			"color": 0,
			"children": [
				{
					"name": "group",
					"origin": [2, 0, 2],
					"color": 0,
					"children": [0, 1]
				}
			]
		}
	]
}