{
	"credit": "Made with Blockbench",
	"textures": {
		"0": "block/clover",
		"particle": "block/clover"
	},
	"elements": [
		{
			"from": [9.5, 3, 5.5],
			"to": [14.5, 3, 10.5],
			"rotation": {"angle": 45, "axis": "y", "origin": [12, 4, 8]},
			"faces": {
				"north": {"uv": [0, 0, 2, 0], "texture": "#0", "tintindex": 0},
				"east": {"uv": [0, 0, 2, 0], "texture": "#0", "tintindex": 0},
				"south": {"uv": [0, 0, 2, 0], "texture": "#0", "tintindex": 0},
				"west": {"uv": [0, 0, 2, 0], "texture": "#0", "tintindex": 0},
				"up": {"uv": [9, 5, 4, 0], "rotation": 90, "texture": "#0", "tintindex": 0},
				"down": {"uv": [9, 0, 4, 5], "rotation": 270, "texture": "#0", "tintindex": 0}
			}
		},
		{
			"from": [11.5, 0, 8],
			"to": [12.5, 3, 8],
			"rotation": {"angle": 0, "axis": "y", "origin": [12, 2, 8]},
			"faces": {
				"north": {"uv": [3, 0, 4, 3], "texture": "#0", "tintindex": 0},
				"east": {"uv": [0, 0, 0, 1], "texture": "#0", "tintindex": 0},
				"south": {"uv": [3, 0, 4, 3], "texture": "#0", "tintindex": 0},
				"west": {"uv": [0, 0, 0, 2], "texture": "#0", "tintindex": 0},
				"up": {"uv": [0, 0, 1, 0], "texture": "#0", "tintindex": 0},
				"down": {"uv": [0, 0, 1, 0], "texture": "#0", "tintindex": 0}
			}
		},
		{
			"from": [3.5, 4, 8.5],
			"to": [8.5, 4, 13.5],
			"rotation": {"angle": -22.5, "axis": "y", "origin": [6, 4, 11]},
			"faces": {
				"north": {"uv": [2, 0, 0, 0], "texture": "#0", "tintindex": 0},
				"east": {"uv": [2, 0, 0, 0], "texture": "#0", "tintindex": 0},
				"south": {"uv": [2, 0, 0, 0], "texture": "#0", "tintindex": 0},
				"west": {"uv": [2, 0, 0, 0], "texture": "#0", "tintindex": 0},
				"up": {"uv": [9, 0, 4, 5], "rotation": 180, "texture": "#0", "tintindex": 0},
				"down": {"uv": [9, 5, 4, 0], "rotation": 180, "texture": "#0", "tintindex": 0}
			}
		},
		{
			"from": [6, 0, 10.5],
			"to": [6, 4, 11.5],
			"rotation": {"angle": 22.5, "axis": "y", "origin": [6, 2, 11]},
			"faces": {
				"north": {"uv": [0, 0, 0, 1], "texture": "#0", "tintindex": 0},
				"east": {"uv": [4, 0, 3, 4], "texture": "#0", "tintindex": 0},
				"south": {"uv": [0, 0, 0, 2], "texture": "#0", "tintindex": 0},
				"west": {"uv": [4, 0, 3, 4], "texture": "#0", "tintindex": 0},
				"up": {"uv": [1, 0, 0, 0], "rotation": 90, "texture": "#0", "tintindex": 0},
				"down": {"uv": [1, 0, 0, 0], "rotation": 270, "texture": "#0", "tintindex": 0}
			}
		},
		{
			"from": [2.5, 3, 1.5],
			"to": [7.5, 3, 6.5],
			"rotation": {"angle": 22.5, "axis": "y", "origin": [5, 4, 4]},
			"faces": {
				"north": {"uv": [0, 0, 2, 0], "texture": "#0", "tintindex": 0},
				"east": {"uv": [0, 0, 2, 0], "texture": "#0", "tintindex": 0},
				"south": {"uv": [0, 0, 2, 0], "texture": "#0", "tintindex": 0},
				"west": {"uv": [0, 0, 2, 0], "texture": "#0", "tintindex": 0},
				"up": {"uv": [9, 5, 4, 0], "rotation": 180, "texture": "#0", "tintindex": 0},
				"down": {"uv": [9, 0, 4, 5], "rotation": 180, "texture": "#0", "tintindex": 0}
			}
		},
		{
			"from": [5, 0, 3.5],
			"to": [5, 3, 4.5],
			"rotation": {"angle": -22.5, "axis": "y", "origin": [5, 2, 4]},
			"faces": {
				"north": {"uv": [0, 0, 0, 2], "texture": "#0", "tintindex": 0},
				"east": {"uv": [3, 0, 4, 3], "texture": "#0", "tintindex": 0},
				"south": {"uv": [0, 0, 0, 1], "texture": "#0", "tintindex": 0},
				"west": {"uv": [3, 0, 4, 3], "texture": "#0", "tintindex": 0},
				"up": {"uv": [0, 0, 1, 0], "rotation": 90, "texture": "#0", "tintindex": 0},
				"down": {"uv": [0, 0, 1, 0], "rotation": 270, "texture": "#0", "tintindex": 0}
			}
		}
	],
	"groups": [
		{
			"name": "group",
			"origin": [8, 8, 8],
			"color": 0,
			"children": [
				{
					"name": "group",
					"origin": [2, 0, 2],
					"color": 0,
					"children": [0, 1]
				},
				{
					"name": "group",
					"origin": [2, 0, 2],
					"color": 0,
					"children": [2, 3]
				},
				{
					"name": "group",
					"origin": [2, 0, 2],
					"color": 0,
					"children": [4, 5]
				}
			]
		}
	]
}