{
	"credit": "Made with Blockbench",
	"textures": {
		"0": "block/clover",
		"particle": "block/clover"
	},
	"elements": [
		{
			"from": [8.5, 3, 4.5],
			"to": [13.5, 3, 9.5],
			"rotation": {"angle": 45, "axis": "y", "origin": [11, 4, 7]},
			"faces": {
				"north": {"uv": [0, 0, 2, 0], "texture": "#0", "tintindex": 0},
				"east": {"uv": [0, 0, 2, 0], "texture": "#0", "tintindex": 0},
				"south": {"uv": [0, 0, 2, 0], "texture": "#0", "tintindex": 0},
				"west": {"uv": [0, 0, 2, 0], "texture": "#0", "tintindex": 0},
				"up": {"uv": [9, 5, 4, 0], "rotation": 90, "texture": "#0", "tintindex": 0},
				"down": {"uv": [9, 0, 4, 5], "rotation": 270, "texture": "#0", "tintindex": 0}
			}
		},
		{
			"from": [10.5, 0, 7],
			"to": [11.5, 3, 7],
			"rotation": {"angle": 0, "axis": "y", "origin": [11, 2, 7]},
			"faces": {
				"north": {"uv": [3, 0, 4, 3], "texture": "#0", "tintindex": 0},
				"east": {"uv": [0, 0, 0, 1], "texture": "#0", "tintindex": 0},
				"south": {"uv": [3, 0, 4, 1], "texture": "#0", "tintindex": 0},
				"west": {"uv": [0, 0, 0, 2], "texture": "#0", "tintindex": 0},
				"up": {"uv": [0, 0, 1, 0], "texture": "#0", "tintindex": 0},
				"down": {"uv": [0, 0, 1, 0], "texture": "#0", "tintindex": 0}
			}
		},
		{
			"from": [2.5, 4, 7.5],
			"to": [7.5, 4, 12.5],
			"rotation": {"angle": -22.5, "axis": "y", "origin": [5, 4, 10]},
			"faces": {
				"north": {"uv": [2, 0, 0, 0], "texture": "#0", "tintindex": 0},
				"east": {"uv": [2, 0, 0, 0], "texture": "#0", "tintindex": 0},
				"south": {"uv": [2, 0, 0, 0], "texture": "#0", "tintindex": 0},
				"west": {"uv": [2, 0, 0, 0], "texture": "#0", "tintindex": 0},
				"up": {"uv": [9, 0, 4, 5], "rotation": 180, "texture": "#0", "tintindex": 0},
				"down": {"uv": [9, 5, 4, 0], "rotation": 180, "texture": "#0", "tintindex": 0}
			}
		},
		{
			"from": [5, 0, 9.5],
			"to": [5, 4, 10.5],
			"rotation": {"angle": 22.5, "axis": "y", "origin": [5, 2, 10]},
			"faces": {
				"north": {"uv": [0, 0, 0, 1], "texture": "#0", "tintindex": 0},
				"east": {"uv": [4, 0, 3, 4], "texture": "#0", "tintindex": 0},
				"south": {"uv": [0, 0, 0, 2], "texture": "#0", "tintindex": 0},
				"west": {"uv": [4, 0, 3, 2], "texture": "#0", "tintindex": 0},
				"up": {"uv": [1, 0, 0, 0], "rotation": 90, "texture": "#0", "tintindex": 0},
				"down": {"uv": [1, 0, 0, 0], "rotation": 270, "texture": "#0", "tintindex": 0}
			}
		}
	],
	"groups": [
		{
			"name": "group",
			"origin": [8, 8, 8],
			"color": 0,
			"children": [
				{
					"name": "group",
					"origin": [2, 0, 2],
					"color": 0,
					"children": [0, 1]
				},
				{
					"name": "group",
					"origin": [2, 0, 2],
					"color": 0,
					"children": [2, 3]
				}
			]
		}
	]
}