{
	"credit": "Made with Blockbench",
	"textures": {
		"1": "block/clover_stem",
		"particle": "block/giant_cloverhead_4"
	},
	"elements": [
		{
			"from": [7, 0, 8],
			"to": [9, 16, 8],
			"rotation": {"angle": 0, "axis": "x", "origin": [8, 0, 8]},
			"faces": {
				"north": {"uv": [0, 0, 2, 16], "texture": "#1", "tintindex": 0},
				"east": {"uv": [0, 0, 0, 16], "texture": "#1", "tintindex": 0},
				"south": {"uv": [2, 0, 0, 16], "texture": "#1", "tintindex": 0},
				"west": {"uv": [0, 0, 0, 16], "texture": "#1", "tintindex": 0},
				"up": {"uv": [0, 0, 2, 0], "texture": "#1", "tintindex": 0},
				"down": {"uv": [0, 0, 2, 0], "texture": "#1", "tintindex": 0}
			}
		}
	],
	"groups": [
		{
			"name": "group",
			"origin": [8, 8, 8],
			"color": 0,
			"children": [0]
		}
	]
}