{
	"credit": "Made with Blockbench",
	"textures": {
		"0": "block/giant_cloverhead_3",
		"particle": "block/giant_cloverhead_3"
	},
	"elements": [
		{
			"from": [0, 0, 0],
			"to": [16, 0, 16],
			"rotation": {"angle": -22.5, "axis": "x", "origin": [8, 0, 8]},
			"faces": {
				"north": {"uv": [0, 0, 16, 0], "texture": "#0", "tintindex": 0},
				"east": {"uv": [0, 0, 16, 0], "texture": "#0", "tintindex": 0},
				"south": {"uv": [0, 0, 16, 0], "texture": "#0", "tintindex": 0},
				"west": {"uv": [0, 0, 16, 0], "texture": "#0", "tintindex": 0},
				"up": {"uv": [0, 0, 16, 16], "texture": "#0", "tintindex": 0},
				"down": {"uv": [16, 0, 0, 16], "texture": "#0", "tintindex": 0}
			}
		}
	],
	"groups": [
		{
			"name": "group",
			"origin": [8, 8, 8],
			"color": 0,
			"children": [0]
		}
	]
}