{
	"credit": "Made with Blockbench",
	"ambientocclusion": false,
	"textures": {
		"2": "block/clover",
		"particle": "block/flower_pot",
		"flowerpot": "block/flower_pot",
		"dirt": "block/dirt"
	},
	"elements": [
		{
			"from": [6, 0, 5],
			"to": [10, 6, 6],
			"faces": {
				"north": {"uv": [6, 10, 10, 16], "texture": "#flowerpot"},
				"south": {"uv": [6, 10, 10, 16], "texture": "#flowerpot"},
				"up": {"uv": [6, 5, 10, 6], "texture": "#flowerpot"},
				"down": {"uv": [6, 10, 10, 11], "texture": "#flowerpot", "cullface": "down"}
			}
		},
		{
			"from": [5, 0, 5],
			"to": [6, 6, 11],
			"faces": {
				"north": {"uv": [10, 10, 11, 16], "texture": "#flowerpot"},
				"east": {"uv": [5, 10, 11, 16], "texture": "#flowerpot"},
				"south": {"uv": [5, 10, 6, 16], "texture": "#flowerpot"},
				"west": {"uv": [5, 10, 11, 16], "texture": "#flowerpot"},
				"up": {"uv": [5, 5, 6, 11], "texture": "#flowerpot"},
				"down": {"uv": [5, 5, 6, 11], "texture": "#flowerpot", "cullface": "down"}
			}
		},
		{
			"from": [10, 0, 5],
			"to": [11, 6, 11],
			"faces": {
				"north": {"uv": [5, 10, 6, 16], "texture": "#flowerpot"},
				"east": {"uv": [5, 10, 11, 16], "texture": "#flowerpot"},
				"south": {"uv": [10, 10, 11, 16], "texture": "#flowerpot"},
				"west": {"uv": [5, 10, 11, 16], "texture": "#flowerpot"},
				"up": {"uv": [10, 5, 11, 11], "texture": "#flowerpot"},
				"down": {"uv": [10, 5, 11, 11], "texture": "#flowerpot", "cullface": "down"}
			}
		},
		{
			"from": [6, 0, 10],
			"to": [10, 6, 11],
			"faces": {
				"north": {"uv": [6, 10, 10, 16], "texture": "#flowerpot"},
				"south": {"uv": [6, 10, 10, 16], "texture": "#flowerpot"},
				"up": {"uv": [6, 10, 10, 11], "texture": "#flowerpot"},
				"down": {"uv": [6, 5, 10, 6], "texture": "#flowerpot", "cullface": "down"}
			}
		},
		{
			"from": [6, 0, 6],
			"to": [10, 4, 10],
			"shade": false,
			"faces": {
				"up": {"uv": [6, 6, 10, 10], "texture": "#dirt"},
				"down": {"uv": [6, 12, 10, 16], "texture": "#flowerpot", "cullface": "down"}
			}
		},
		{
			"from": [4.5, 8, 4],
			"to": [9.5, 8, 9],
			"rotation": {"angle": 22.5, "axis": "z", "origin": [7, 8, 6.5]},
			"faces": {
				"north": {"uv": [0, 0, 5, 0], "texture": "#2", "tintindex": 0},
				"east": {"uv": [0, 0, 5, 0], "texture": "#2", "tintindex": 0},
				"south": {"uv": [0, 0, 5, 0], "texture": "#2", "tintindex": 0},
				"west": {"uv": [0, 0, 5, 0], "texture": "#2", "tintindex": 0},
				"up": {"uv": [4, 0, 9, 5], "texture": "#2", "tintindex": 0},
				"down": {"uv": [4, 0, 9, 5], "texture": "#2", "tintindex": 0}
			}
		},
		{
			"from": [7, 4, 6],
			"to": [7, 8, 7],
			"rotation": {"angle": 0, "axis": "y", "origin": [0, 0, -1]},
			"faces": {
				"north": {"uv": [0, 0, 0, 2], "texture": "#2", "tintindex": 0},
				"east": {"uv": [3, 0, 4, 4], "texture": "#2", "tintindex": 0},
				"south": {"uv": [0, 0, 0, 2], "texture": "#2", "tintindex": 0},
				"west": {"uv": [3, 0, 4, 4], "texture": "#2", "tintindex": 0},
				"up": {"uv": [0, 0, 0, 1], "texture": "#2", "tintindex": 0},
				"down": {"uv": [0, 0, 0, 1], "texture": "#2", "tintindex": 0}
			}
		},
		{
			"from": [7, 7, 6.5],
			"to": [11, 7, 10.5],
			"rotation": {"angle": -22.5, "axis": "y", "origin": [9, 7, 8.5]},
			"faces": {
				"north": {"uv": [5, 0, 0, 0], "texture": "#2", "tintindex": 0},
				"east": {"uv": [5, 0, 0, 0], "texture": "#2", "tintindex": 0},
				"south": {"uv": [5, 0, 0, 0], "texture": "#2", "tintindex": 0},
				"west": {"uv": [5, 0, 0, 0], "texture": "#2", "tintindex": 0},
				"up": {"uv": [14, 0, 10, 4], "texture": "#2", "tintindex": 0},
				"down": {"uv": [9, 0, 4, 5], "texture": "#2", "tintindex": 0}
			}
		},
		{
			"from": [9, 4, 8],
			"to": [9, 7, 9],
			"rotation": {"angle": 0, "axis": "y", "origin": [16, 0, 0]},
			"faces": {
				"north": {"uv": [0, 0, 0, 2], "texture": "#2", "tintindex": 0},
				"east": {"uv": [4, 0, 3, 4], "texture": "#2", "tintindex": 0},
				"south": {"uv": [0, 0, 0, 2], "texture": "#2", "tintindex": 0},
				"west": {"uv": [4, 0, 3, 4], "texture": "#2", "tintindex": 0},
				"up": {"uv": [0, 0, 0, 1], "texture": "#2", "tintindex": 0},
				"down": {"uv": [0, 0, 0, 1], "texture": "#2", "tintindex": 0}
			}
		},
		{
			"from": [6.5, 10, 4],
			"to": [11.5, 10, 9],
			"rotation": {"angle": -22.5, "axis": "x", "origin": [9, 10, 6.5]},
			"faces": {
				"north": {"uv": [0, 0, 5, 0], "texture": "#2", "tintindex": 0},
				"east": {"uv": [0, 0, 5, 0], "texture": "#2", "tintindex": 0},
				"south": {"uv": [0, 0, 5, 0], "texture": "#2", "tintindex": 0},
				"west": {"uv": [0, 0, 5, 0], "texture": "#2", "tintindex": 0},
				"up": {"uv": [4, 0, 9, 5], "rotation": 90, "texture": "#2", "tintindex": 0},
				"down": {"uv": [4, 0, 9, 5], "rotation": 270, "texture": "#2", "tintindex": 0}
			}
		},
		{
			"from": [8.5, 4, 6.5],
			"to": [9.5, 10, 6.5],
			"rotation": {"angle": 0, "axis": "y", "origin": [16.5, 0, -0.5]},
			"faces": {
				"north": {"uv": [3, 0, 4, 4], "texture": "#2", "tintindex": 0},
				"east": {"uv": [0, 0, 0, 2], "texture": "#2", "tintindex": 0},
				"south": {"uv": [3, 0, 4, 4], "texture": "#2", "tintindex": 0},
				"west": {"uv": [0, 0, 0, 2], "texture": "#2", "tintindex": 0},
				"up": {"uv": [0, 0, 0, 1], "rotation": 90, "texture": "#2", "tintindex": 0},
				"down": {"uv": [0, 0, 0, 1], "rotation": 270, "texture": "#2", "tintindex": 0}
			}
		},
		{
			"from": [4.5, 9, 7],
			"to": [9.5, 9, 12],
			"rotation": {"angle": 45, "axis": "y", "origin": [7, 10, 9.5]},
			"faces": {
				"north": {"uv": [5, 0, 0, 0], "texture": "#2", "tintindex": 0},
				"east": {"uv": [5, 0, 0, 0], "texture": "#2", "tintindex": 0},
				"south": {"uv": [5, 0, 0, 0], "texture": "#2", "tintindex": 0},
				"west": {"uv": [5, 0, 0, 0], "texture": "#2", "tintindex": 0},
				"up": {"uv": [9, 0, 4, 5], "rotation": 90, "texture": "#2", "tintindex": 0},
				"down": {"uv": [9, 0, 4, 5], "rotation": 270, "texture": "#2", "tintindex": 0}
			}
		},
		{
			"from": [6.5, 4, 9.5],
			"to": [7.5, 9, 9.5],
			"rotation": {"angle": 0, "axis": "y", "origin": [14.5, 0, 16.5]},
			"faces": {
				"north": {"uv": [4, 0, 3, 4], "texture": "#2", "tintindex": 0},
				"east": {"uv": [0, 0, 0, 2], "texture": "#2", "tintindex": 0},
				"south": {"uv": [4, 0, 3, 4], "texture": "#2", "tintindex": 0},
				"west": {"uv": [0, 0, 0, 2], "texture": "#2", "tintindex": 0},
				"up": {"uv": [0, 0, 0, 1], "rotation": 90, "texture": "#2", "tintindex": 0},
				"down": {"uv": [0, 0, 0, 1], "rotation": 270, "texture": "#2", "tintindex": 0}
			}
		}
	],
	"groups": [
		{
			"name": "group",
			"origin": [0, 0, 0],
			"color": 0,
			"children": [0, 1, 2, 3, 4]
		},
		{
			"name": "group",
			"origin": [0, 0, 0],
			"color": 0,
			"children": [
				5,
				6,
				{
					"name": "group",
					"origin": [0, 0, 0],
					"color": 0,
					"children": [7, 8]
				},
				{
					"name": "group",
					"origin": [0, 0, 0],
					"color": 0,
					"children": [9, 10]
				},
				{
					"name": "group",
					"origin": [0, 0, 0],
					"color": 0,
					"children": [11, 12]
				}
			]
		}
	]
}