{
	"credit": "Made with Blockbench",
	"ambientocclusion": false,
	"textures": {
		"5": "block/pitcher_crop_bottom_stage_1",
		"particle": "block/pitcher_crop_top",
		"pitcher_top": "block/pitcher_crop_top",
		"pitcher_side": "block/pitcher_crop_side",
		"pitcher_bottom": "block/pitcher_crop_bottom"
	},
	"elements": [
		{
			"name": "pitcher_crop_bottom_stage_1",
			"from": [3, -1, 3],
			"to": [13, 5, 13],
			"faces": {
				"north": {"uv": [3, 10, 13, 16], "texture": "#pitcher_side"},
				"east": {"uv": [3, 10, 13, 16], "texture": "#pitcher_side"},
				"south": {"uv": [3, 10, 13, 16], "texture": "#pitcher_side"},
				"west": {"uv": [3, 10, 13, 16], "texture": "#pitcher_side"},
				"up": {"uv": [3, 3, 13, 13], "texture": "#pitcher_top"},
				"down": {"uv": [3, 3, 13, 13], "texture": "#pitcher_bottom"}
			}
		},
		{
			"name": "pitcher_crop_bottom_stage_1_0",
			"from": [5.48744, 6, 7.92678],
			"to": [6.48744, 15, 8.42678],
			"rotation": {"angle": -45, "axis": "y", "origin": [8.03033, 9.75, 8.67678]},
			"faces": {
				"north": {"uv": [9, 6, 10, 15], "texture": "#5"},
				"east": {"uv": [10, 6, 9, 15], "texture": "#5"},
				"south": {"uv": [10, 6, 9, 15], "texture": "#5"},
				"west": {"uv": [10, 6, 9, 15], "texture": "#5"},
				"up": {"uv": [10, 6, 9, 7], "texture": "#5"},
				"down": {"uv": [10, 14, 9, 15], "texture": "#5"}
			}
		},
		{
			"name": "pitcher_crop_bottom_stage_1_1",
			"from": [8, 5, 7.41421],
			"to": [9, 14, 9.41421],
			"rotation": {"angle": 45, "axis": "y", "origin": [8, 9.75, 9.41421]},
			"faces": {
				"north": {"uv": [8, 7, 9, 16], "texture": "#5"},
				"east": {"uv": [9, 7, 8, 16], "texture": "#5"},
				"south": {"uv": [9, 7, 8, 16], "texture": "#5"},
				"west": {"uv": [9, 7, 8, 16], "texture": "#5"},
				"up": {"uv": [9, 7, 8, 8], "texture": "#5"},
				"down": {"uv": [9, 15, 8, 16], "texture": "#5"}
			}
		},
		{
			"name": "pitcher_crop_bottom_stage_1_2",
			"from": [9, 5, 7.41421],
			"to": [10, 13, 9.41421],
			"rotation": {"angle": 45, "axis": "y", "origin": [8, 9.75, 9.41421]},
			"faces": {
				"north": {"uv": [7, 8, 8, 16], "texture": "#5"},
				"east": {"uv": [8, 8, 7, 16], "texture": "#5"},
				"south": {"uv": [8, 8, 7, 16], "texture": "#5"},
				"west": {"uv": [8, 8, 7, 16], "texture": "#5"},
				"up": {"uv": [8, 8, 7, 9], "texture": "#5"},
				"down": {"uv": [8, 15, 7, 16], "texture": "#5"}
			}
		},
		{
			"name": "pitcher_crop_bottom_stage_1_3",
			"from": [10.48744, 10, 7.92678],
			"to": [11.48744, 12, 8.42678],
			"rotation": {"angle": -45, "axis": "y", "origin": [8.03033, 9.75, 8.67678]},
			"faces": {
				"north": {"uv": [4, 9, 5, 11], "texture": "#5"},
				"east": {"uv": [5, 9, 4, 11], "texture": "#5"},
				"south": {"uv": [5, 9, 4, 11], "texture": "#5"},
				"west": {"uv": [5, 9, 4, 11], "texture": "#5"},
				"up": {"uv": [5, 9, 4, 10], "texture": "#5"},
				"down": {"uv": [5, 10, 4, 11], "texture": "#5"}
			}
		},
		{
			"name": "pitcher_crop_bottom_stage_1_4",
			"from": [9.48744, 8, 7.92678],
			"to": [10.48744, 12, 8.42678],
			"rotation": {"angle": -45, "axis": "y", "origin": [8.03033, 9.75, 8.67678]},
			"faces": {
				"north": {"uv": [5, 9, 6, 13], "texture": "#5"},
				"east": {"uv": [6, 9, 5, 13], "texture": "#5"},
				"south": {"uv": [6, 9, 5, 13], "texture": "#5"},
				"west": {"uv": [6, 9, 5, 13], "texture": "#5"},
				"up": {"uv": [6, 9, 5, 10], "texture": "#5"},
				"down": {"uv": [6, 12, 5, 13], "texture": "#5"}
			}
		},
		{
			"name": "pitcher_crop_bottom_stage_1_5",
			"from": [8.48744, 7, 7.92678],
			"to": [9.48744, 12, 8.42678],
			"rotation": {"angle": -45, "axis": "y", "origin": [8.03033, 9.75, 8.67678]},
			"faces": {
				"north": {"uv": [6, 9, 7, 14], "texture": "#5"},
				"east": {"uv": [7, 9, 6, 14], "texture": "#5"},
				"south": {"uv": [7, 9, 6, 14], "texture": "#5"},
				"west": {"uv": [7, 9, 6, 14], "texture": "#5"},
				"up": {"uv": [7, 9, 6, 10], "texture": "#5"},
				"down": {"uv": [7, 13, 6, 14], "texture": "#5"}
			}
		},
		{
			"name": "pitcher_crop_bottom_stage_1_6",
			"from": [3.48744, 8, 7.92678],
			"to": [4.48744, 11, 8.42678],
			"rotation": {"angle": -45, "axis": "y", "origin": [8.03033, 9.75, 8.67678]},
			"faces": {
				"north": {"uv": [11, 10, 12, 13], "texture": "#5"},
				"east": {"uv": [12, 10, 11, 13], "texture": "#5"},
				"south": {"uv": [12, 10, 11, 13], "texture": "#5"},
				"west": {"uv": [12, 10, 11, 13], "texture": "#5"},
				"up": {"uv": [12, 10, 11, 11], "texture": "#5"},
				"down": {"uv": [12, 12, 11, 13], "texture": "#5"}
			}
		},
		{
			"name": "pitcher_crop_bottom_stage_1_7",
			"from": [2.48744, 9, 7.92678],
			"to": [3.48744, 11, 8.42678],
			"rotation": {"angle": -45, "axis": "y", "origin": [8.03033, 9.75, 8.67678]},
			"faces": {
				"north": {"uv": [12, 10, 13, 12], "texture": "#5"},
				"east": {"uv": [13, 10, 12, 12], "texture": "#5"},
				"south": {"uv": [13, 10, 12, 12], "texture": "#5"},
				"west": {"uv": [13, 10, 12, 12], "texture": "#5"},
				"up": {"uv": [13, 10, 12, 11], "texture": "#5"},
				"down": {"uv": [13, 11, 12, 12], "texture": "#5"}
			}
		},
		{
			"name": "pitcher_crop_bottom_stage_1_8",
			"from": [1.48744, 10, 7.92678],
			"to": [2.48744, 11, 8.42678],
			"rotation": {"angle": -45, "axis": "y", "origin": [8.03033, 9.75, 8.67678]},
			"faces": {
				"north": {"uv": [13, 10, 14, 11], "texture": "#5"},
				"east": {"uv": [14, 10, 13, 11], "texture": "#5"},
				"south": {"uv": [14, 10, 13, 11], "texture": "#5"},
				"west": {"uv": [14, 10, 13, 11], "texture": "#5"},
				"up": {"uv": [14, 10, 13, 11], "texture": "#5"},
				"down": {"uv": [14, 10, 13, 11], "texture": "#5"}
			}
		},
		{
			"name": "pitcher_crop_bottom_stage_1_9",
			"from": [4.48744, 7, 7.92678],
			"to": [5.48744, 10, 8.42678],
			"rotation": {"angle": -45, "axis": "y", "origin": [8.03033, 9.75, 8.67678]},
			"faces": {
				"north": {"uv": [10, 11, 11, 14], "texture": "#5"},
				"east": {"uv": [11, 11, 10, 14], "texture": "#5"},
				"south": {"uv": [11, 11, 10, 14], "texture": "#5"},
				"west": {"uv": [11, 11, 10, 14], "texture": "#5"},
				"up": {"uv": [11, 11, 10, 12], "texture": "#5"},
				"down": {"uv": [11, 13, 10, 14], "texture": "#5"}
			}
		},
		{
			"name": "pitcher_crop_bottom_stage_1_1",
			"from": [7.32322, 6, 9.17678],
			"to": [7.82322, 15, 10.17678],
			"rotation": {"angle": -45, "axis": "y", "origin": [8.03033, 9.75, 8.67678]},
			"faces": {
				"north": {"uv": [10, 6, 9, 15], "texture": "#5"},
				"east": {"uv": [10, 6, 9, 15], "texture": "#5"},
				"south": {"uv": [10, 6, 9, 15], "texture": "#5"},
				"west": {"uv": [9, 6, 10, 15], "texture": "#5"},
				"up": {"uv": [10, 6, 9, 7], "rotation": 270, "texture": "#5"},
				"down": {"uv": [10, 14, 9, 15], "rotation": 90, "texture": "#5"}
			}
		},
		{
			"name": "pitcher_crop_bottom_stage_1_10",
			"from": [7.32322, 7, 10.17678],
			"to": [7.82322, 10, 11.17678],
			"rotation": {"angle": -45, "axis": "y", "origin": [8.03033, 9.75, 8.67678]},
			"faces": {
				"north": {"uv": [11, 11, 10, 14], "texture": "#5"},
				"east": {"uv": [11, 11, 10, 14], "texture": "#5"},
				"south": {"uv": [11, 11, 10, 14], "texture": "#5"},
				"west": {"uv": [10, 11, 11, 14], "texture": "#5"},
				"up": {"uv": [11, 11, 10, 12], "rotation": 270, "texture": "#5"},
				"down": {"uv": [11, 13, 10, 14], "rotation": 90, "texture": "#5"}
			}
		},
		{
			"name": "pitcher_crop_bottom_stage_1_7",
			"from": [7.32322, 8, 11.17678],
			"to": [7.82322, 11, 12.17678],
			"rotation": {"angle": -45, "axis": "y", "origin": [8.03033, 9.75, 8.67678]},
			"faces": {
				"north": {"uv": [12, 10, 11, 13], "texture": "#5"},
				"east": {"uv": [12, 10, 11, 13], "texture": "#5"},
				"south": {"uv": [12, 10, 11, 13], "texture": "#5"},
				"west": {"uv": [11, 10, 12, 13], "texture": "#5"},
				"up": {"uv": [12, 10, 11, 11], "rotation": 270, "texture": "#5"},
				"down": {"uv": [12, 12, 11, 13], "rotation": 90, "texture": "#5"}
			}
		},
		{
			"name": "pitcher_crop_bottom_stage_1_8",
			"from": [7.32322, 9, 12.17678],
			"to": [7.82322, 11, 13.17678],
			"rotation": {"angle": -45, "axis": "y", "origin": [8.03033, 9.75, 8.67678]},
			"faces": {
				"north": {"uv": [13, 10, 12, 12], "texture": "#5"},
				"east": {"uv": [13, 10, 12, 12], "texture": "#5"},
				"south": {"uv": [13, 10, 12, 12], "texture": "#5"},
				"west": {"uv": [12, 10, 13, 12], "texture": "#5"},
				"up": {"uv": [13, 10, 12, 11], "rotation": 270, "texture": "#5"},
				"down": {"uv": [13, 11, 12, 12], "rotation": 90, "texture": "#5"}
			}
		},
		{
			"name": "pitcher_crop_bottom_stage_1_9",
			"from": [7.32322, 10, 13.17678],
			"to": [7.82322, 11, 14.17678],
			"rotation": {"angle": -45, "axis": "y", "origin": [8.03033, 9.75, 8.67678]},
			"faces": {
				"north": {"uv": [14, 10, 13, 11], "texture": "#5"},
				"east": {"uv": [14, 10, 13, 11], "texture": "#5"},
				"south": {"uv": [14, 10, 13, 11], "texture": "#5"},
				"west": {"uv": [13, 10, 14, 11], "texture": "#5"},
				"up": {"uv": [14, 10, 13, 11], "rotation": 270, "texture": "#5"},
				"down": {"uv": [14, 10, 13, 11], "rotation": 90, "texture": "#5"}
			}
		},
		{
			"name": "pitcher_crop_bottom_stage_1_6",
			"from": [7.32322, 7, 6.17678],
			"to": [7.82322, 12, 7.17678],
			"rotation": {"angle": -45, "axis": "y", "origin": [8.03033, 9.75, 8.67678]},
			"faces": {
				"north": {"uv": [7, 9, 6, 14], "texture": "#5"},
				"east": {"uv": [7, 9, 6, 14], "texture": "#5"},
				"south": {"uv": [7, 9, 6, 14], "texture": "#5"},
				"west": {"uv": [6, 9, 7, 14], "texture": "#5"},
				"up": {"uv": [7, 9, 6, 10], "rotation": 270, "texture": "#5"},
				"down": {"uv": [7, 13, 6, 14], "rotation": 90, "texture": "#5"}
			}
		},
		{
			"name": "pitcher_crop_bottom_stage_1_5",
			"from": [7.32322, 8, 5.17678],
			"to": [7.82322, 12, 6.17678],
			"rotation": {"angle": -45, "axis": "y", "origin": [8.03033, 9.75, 8.67678]},
			"faces": {
				"north": {"uv": [6, 9, 5, 13], "texture": "#5"},
				"east": {"uv": [6, 9, 5, 13], "texture": "#5"},
				"south": {"uv": [6, 9, 5, 13], "texture": "#5"},
				"west": {"uv": [5, 9, 6, 13], "texture": "#5"},
				"up": {"uv": [6, 9, 5, 10], "rotation": 270, "texture": "#5"},
				"down": {"uv": [6, 12, 5, 13], "rotation": 90, "texture": "#5"}
			}
		},
		{
			"name": "pitcher_crop_bottom_stage_1_4",
			"from": [7.32322, 10, 4.17678],
			"to": [7.82322, 12, 5.17678],
			"rotation": {"angle": -45, "axis": "y", "origin": [8.03033, 9.75, 8.67678]},
			"faces": {
				"north": {"uv": [5, 9, 4, 11], "texture": "#5"},
				"east": {"uv": [5, 9, 4, 11], "texture": "#5"},
				"south": {"uv": [5, 9, 4, 11], "texture": "#5"},
				"west": {"uv": [4, 9, 5, 11], "texture": "#5"},
				"up": {"uv": [5, 9, 4, 10], "rotation": 270, "texture": "#5"},
				"down": {"uv": [5, 10, 4, 11], "rotation": 90, "texture": "#5"}
			}
		}
	],
	"groups": [
		0,
		{
			"name": "pitcher_crop_bottom_stage_1",
			"origin": [8, 8, 8],
			"color": 0,
			"children": [1, 2, 3, 4, 5, 6, 7, 8, 9, 10, 11, 12, 13, 14, 15, 16, 17, 18]
		}
	],
	"corangeit": "Made with Blockbench"
}