{
	"credit": "Made with Blockbench",
	"parent": "block/block",
	"textures": {
        "particle": "block/spore_blossom",
		"2": "block/spore_blossom_base",
		"3": "block/spore_blossom"
	},
	"elements": [
		{
			"name": "spore_blossom_base_0",
			"from": [2, 15.75, 1],
			"to": [4, 16, 3],
			"faces": {
				"north": {"uv": [4, 1, 2, 2], "texture": "#2"},
				"east": {"uv": [3, 1, 4, 3], "rotation": 90, "texture": "#2"},
				"south": {"uv": [2, 2, 4, 3], "texture": "#2"},
				"west": {"uv": [2, 1, 3, 3], "rotation": 270, "texture": "#2"},
				"up": {"uv": [2, 1, 4, 3], "texture": "#2"},
				"down": {"uv": [2, 3, 4, 1], "texture": "#2"}
			}
		},
		{
			"name": "spore_blossom_base_1",
			"from": [6, 15.75, 1],
			"to": [8, 16, 15],
			"faces": {
				"north": {"uv": [8, 1, 6, 2], "texture": "#2"},
				"east": {"uv": [7, 1, 8, 15], "rotation": 90, "texture": "#2"},
				"south": {"uv": [6, 14, 8, 15], "texture": "#2"},
				"west": {"uv": [6, 1, 7, 15], "rotation": 270, "texture": "#2"},
				"up": {"uv": [6, 1, 8, 15], "texture": "#2"},
				"down": {"uv": [6, 15, 8, 1], "texture": "#2"}
			}
		},
		{
			"name": "spore_blossom_base_2",
			"from": [12, 15.75, 1],
			"to": [15, 16, 4],
			"faces": {
				"north": {"uv": [15, 1, 12, 2], "texture": "#2"},
				"east": {"uv": [14, 1, 15, 4], "rotation": 90, "texture": "#2"},
				"south": {"uv": [12, 3, 15, 4], "texture": "#2"},
				"west": {"uv": [12, 1, 13, 4], "rotation": 270, "texture": "#2"},
				"up": {"uv": [12, 1, 15, 4], "texture": "#2"},
				"down": {"uv": [12, 4, 15, 1], "texture": "#2"}
			}
		},
		{
			"name": "spore_blossom_base_3",
			"from": [4, 15.75, 2],
			"to": [5, 16, 14],
			"faces": {
				"north": {"uv": [5, 2, 4, 3], "texture": "#2"},
				"east": {"uv": [4, 2, 5, 14], "rotation": 90, "texture": "#2"},
				"south": {"uv": [4, 13, 5, 14], "texture": "#2"},
				"west": {"uv": [4, 2, 5, 14], "rotation": 270, "texture": "#2"},
				"up": {"uv": [4, 2, 5, 14], "texture": "#2"},
				"down": {"uv": [4, 14, 5, 2], "texture": "#2"}
			}
		},
		{
			"name": "spore_blossom_base_4",
			"from": [8, 15.75, 2],
			"to": [11, 16, 12],
			"faces": {
				"north": {"uv": [11, 2, 8, 3], "texture": "#2"},
				"east": {"uv": [10, 2, 11, 12], "rotation": 90, "texture": "#2"},
				"south": {"uv": [8, 11, 11, 12], "texture": "#2"},
				"west": {"uv": [8, 2, 9, 12], "rotation": 270, "texture": "#2"},
				"up": {"uv": [8, 2, 11, 12], "texture": "#2"},
				"down": {"uv": [8, 12, 11, 2], "texture": "#2"}
			}
		},
		{
			"name": "spore_blossom_base_5",
			"from": [3, 15.75, 3],
			"to": [4, 16, 15],
			"faces": {
				"north": {"uv": [4, 3, 3, 4], "texture": "#2"},
				"east": {"uv": [3, 3, 4, 15], "rotation": 90, "texture": "#2"},
				"south": {"uv": [3, 14, 4, 15], "texture": "#2"},
				"west": {"uv": [3, 3, 4, 15], "rotation": 270, "texture": "#2"},
				"up": {"uv": [3, 3, 4, 15], "texture": "#2"},
				"down": {"uv": [3, 15, 4, 3], "texture": "#2"}
			}
		},
		{
			"name": "spore_blossom_base_6",
			"from": [5, 15.75, 3],
			"to": [6, 16, 12],
			"faces": {
				"north": {"uv": [6, 3, 5, 4], "texture": "#2"},
				"east": {"uv": [5, 3, 6, 12], "rotation": 90, "texture": "#2"},
				"south": {"uv": [5, 11, 6, 12], "texture": "#2"},
				"west": {"uv": [5, 3, 6, 12], "rotation": 270, "texture": "#2"},
				"up": {"uv": [5, 3, 6, 12], "texture": "#2"},
				"down": {"uv": [5, 12, 6, 3], "texture": "#2"}
			}
		},
		{
			"name": "spore_blossom_base_7",
			"from": [11, 15.75, 3],
			"to": [12, 16, 13],
			"faces": {
				"north": {"uv": [12, 3, 11, 4], "texture": "#2"},
				"east": {"uv": [11, 3, 12, 13], "rotation": 90, "texture": "#2"},
				"south": {"uv": [11, 12, 12, 13], "texture": "#2"},
				"west": {"uv": [11, 3, 12, 13], "rotation": 270, "texture": "#2"},
				"up": {"uv": [11, 3, 12, 13], "texture": "#2"},
				"down": {"uv": [11, 13, 12, 3], "texture": "#2"}
			}
		},
		{
			"name": "spore_blossom_base_8",
			"from": [1, 15.75, 4],
			"to": [3, 16, 7],
			"faces": {
				"north": {"uv": [3, 4, 1, 5], "texture": "#2"},
				"east": {"uv": [2, 4, 3, 7], "rotation": 90, "texture": "#2"},
				"south": {"uv": [1, 6, 3, 7], "texture": "#2"},
				"west": {"uv": [1, 4, 2, 7], "rotation": 270, "texture": "#2"},
				"up": {"uv": [1, 4, 3, 7], "texture": "#2"},
				"down": {"uv": [1, 7, 3, 4], "texture": "#2"}
			}
		},
		{
			"name": "spore_blossom_base_9",
			"from": [12, 15.75, 4],
			"to": [14, 16, 12],
			"faces": {
				"north": {"uv": [14, 4, 12, 5], "texture": "#2"},
				"east": {"uv": [13, 4, 14, 12], "rotation": 90, "texture": "#2"},
				"south": {"uv": [12, 11, 14, 12], "texture": "#2"},
				"west": {"uv": [12, 4, 13, 12], "rotation": 270, "texture": "#2"},
				"up": {"uv": [12, 4, 14, 12], "texture": "#2"},
				"down": {"uv": [12, 12, 14, 4], "texture": "#2"}
			}
		},
		{
			"name": "spore_blossom_base_10",
			"from": [14, 15.75, 5],
			"to": [15, 16, 8],
			"faces": {
				"north": {"uv": [15, 5, 14, 6], "texture": "#2"},
				"east": {"uv": [14, 5, 15, 8], "rotation": 90, "texture": "#2"},
				"south": {"uv": [14, 7, 15, 8], "texture": "#2"},
				"west": {"uv": [14, 5, 15, 8], "rotation": 270, "texture": "#2"},
				"up": {"uv": [14, 5, 15, 8], "texture": "#2"},
				"down": {"uv": [14, 8, 15, 5], "texture": "#2"}
			}
		},
		{
			"name": "spore_blossom_base_11",
			"from": [2, 15.75, 7],
			"to": [3, 16, 10],
			"faces": {
				"north": {"uv": [3, 7, 2, 8], "texture": "#2"},
				"east": {"uv": [2, 7, 3, 10], "rotation": 90, "texture": "#2"},
				"south": {"uv": [2, 9, 3, 10], "texture": "#2"},
				"west": {"uv": [2, 7, 3, 10], "rotation": 270, "texture": "#2"},
				"up": {"uv": [2, 7, 3, 10], "texture": "#2"},
				"down": {"uv": [2, 10, 3, 7], "texture": "#2"}
			}
		},
		{
			"name": "spore_blossom_base_12",
			"from": [14, 15.75, 10],
			"to": [15, 16, 12],
			"faces": {
				"north": {"uv": [15, 10, 14, 11], "texture": "#2"},
				"east": {"uv": [14, 10, 15, 12], "rotation": 90, "texture": "#2"},
				"south": {"uv": [14, 11, 15, 12], "texture": "#2"},
				"west": {"uv": [14, 10, 15, 12], "rotation": 270, "texture": "#2"},
				"up": {"uv": [14, 10, 15, 12], "texture": "#2"},
				"down": {"uv": [14, 12, 15, 10], "texture": "#2"}
			}
		},
		{
			"name": "spore_blossom_base_13",
			"from": [2, 15.75, 11],
			"to": [3, 16, 15],
			"faces": {
				"north": {"uv": [3, 11, 2, 12], "texture": "#2"},
				"east": {"uv": [2, 11, 3, 15], "rotation": 90, "texture": "#2"},
				"south": {"uv": [2, 14, 3, 15], "texture": "#2"},
				"west": {"uv": [2, 11, 3, 15], "rotation": 270, "texture": "#2"},
				"up": {"uv": [2, 11, 3, 15], "texture": "#2"},
				"down": {"uv": [2, 15, 3, 11], "texture": "#2"}
			}
		},
		{
			"name": "spore_blossom_base_14",
			"from": [1, 15.75, 12],
			"to": [2, 16, 15],
			"faces": {
				"north": {"uv": [2, 12, 1, 13], "texture": "#2"},
				"east": {"uv": [1, 12, 2, 15], "rotation": 90, "texture": "#2"},
				"south": {"uv": [1, 14, 2, 15], "texture": "#2"},
				"west": {"uv": [1, 12, 2, 15], "rotation": 270, "texture": "#2"},
				"up": {"uv": [1, 12, 2, 15], "texture": "#2"},
				"down": {"uv": [1, 15, 2, 12], "texture": "#2"}
			}
		},
		{
			"name": "spore_blossom_base_15",
			"from": [8, 15.75, 12],
			"to": [10, 16, 13],
			"faces": {
				"north": {"uv": [10, 12, 8, 13], "texture": "#2"},
				"east": {"uv": [9, 12, 10, 13], "rotation": 90, "texture": "#2"},
				"south": {"uv": [8, 12, 10, 13], "texture": "#2"},
				"west": {"uv": [8, 12, 9, 13], "rotation": 270, "texture": "#2"},
				"up": {"uv": [8, 12, 10, 13], "texture": "#2"},
				"down": {"uv": [8, 13, 10, 12], "texture": "#2"}
			}
		},
		{
			"name": "spore_blossom_base_16",
			"from": [12, 15.75, 12],
			"to": [13, 16, 15],
			"faces": {
				"north": {"uv": [13, 12, 12, 13], "texture": "#2"},
				"east": {"uv": [12, 12, 13, 15], "rotation": 90, "texture": "#2"},
				"south": {"uv": [12, 14, 13, 15], "texture": "#2"},
				"west": {"uv": [12, 12, 13, 15], "rotation": 270, "texture": "#2"},
				"up": {"uv": [12, 12, 13, 15], "texture": "#2"},
				"down": {"uv": [12, 15, 13, 12], "texture": "#2"}
			}
		},
		{
			"name": "spore_blossom_base_17",
			"from": [8, 15.75, 13],
			"to": [9, 16, 14],
			"faces": {
				"north": {"uv": [9, 13, 8, 14], "texture": "#2"},
				"east": {"uv": [8, 13, 9, 14], "rotation": 90, "texture": "#2"},
				"south": {"uv": [8, 13, 9, 14], "texture": "#2"},
				"west": {"uv": [8, 13, 9, 14], "rotation": 270, "texture": "#2"},
				"up": {"uv": [8, 13, 9, 14], "texture": "#2"},
				"down": {"uv": [8, 14, 9, 13], "texture": "#2"}
			}
		},
		{
			"name": "spore_blossom_base_18",
			"from": [13, 15.75, 13],
			"to": [14, 16, 15],
			"faces": {
				"north": {"uv": [14, 13, 13, 14], "texture": "#2"},
				"east": {"uv": [13, 13, 14, 15], "rotation": 90, "texture": "#2"},
				"south": {"uv": [13, 14, 14, 15], "texture": "#2"},
				"west": {"uv": [13, 13, 14, 15], "rotation": 270, "texture": "#2"},
				"up": {"uv": [13, 13, 14, 15], "texture": "#2"},
				"down": {"uv": [13, 15, 14, 13], "texture": "#2"}
			}
		},
		{
			"name": "spore_blossom_0",
			"from": [7, 11, 0.5],
			"to": [9, 11.5, 13.5],
			"rotation": {"angle": -22.5, "axis": "x", "origin": [0, 0, 0]},
			"faces": {
				"north": {"uv": [9, 3, 7, 4], "texture": "#3"},
				"east": {"uv": [8, 3, 9, 16], "rotation": 90, "texture": "#3"},
				"south": {"uv": [7, 15, 9, 16], "texture": "#3"},
				"west": {"uv": [7, 3, 8, 16], "rotation": 270, "texture": "#3"},
				"up": {"uv": [7, 3, 9, 16], "texture": "#3"},
				"down": {"uv": [7, 16, 9, 3], "texture": "#3"}
			}
		},
		{
			"name": "spore_blossom_1",
			"from": [6, 11, 1.5],
			"to": [7, 11.5, 13.5],
			"rotation": {"angle": -22.5, "axis": "x", "origin": [0, 0, 0]},
			"faces": {
				"north": {"uv": [7, 4, 6, 5], "texture": "#3"},
				"east": {"uv": [6, 4, 7, 16], "rotation": 90, "texture": "#3"},
				"south": {"uv": [6, 15, 7, 16], "texture": "#3"},
				"west": {"uv": [6, 4, 7, 16], "rotation": 270, "texture": "#3"},
				"up": {"uv": [6, 4, 7, 16], "texture": "#3"},
				"down": {"uv": [6, 16, 7, 4], "texture": "#3"}
			}
		},
		{
			"name": "spore_blossom_2",
			"from": [9, 11, 1.5],
			"to": [10, 11.5, 13.5],
			"rotation": {"angle": -22.5, "axis": "x", "origin": [0, 0, 0]},
			"faces": {
				"north": {"uv": [10, 4, 9, 5], "texture": "#3"},
				"east": {"uv": [9, 4, 10, 16], "rotation": 90, "texture": "#3"},
				"south": {"uv": [9, 15, 10, 16], "texture": "#3"},
				"west": {"uv": [9, 4, 10, 16], "rotation": 270, "texture": "#3"},
				"up": {"uv": [9, 4, 10, 16], "texture": "#3"},
				"down": {"uv": [9, 16, 10, 4], "texture": "#3"}
			}
		},
		{
			"name": "spore_blossom_3",
			"from": [5, 11, 2.5],
			"to": [6, 11.5, 13.5],
			"rotation": {"angle": -22.5, "axis": "x", "origin": [0, 0, 0]},
			"faces": {
				"north": {"uv": [6, 5, 5, 6], "texture": "#3"},
				"east": {"uv": [5, 5, 6, 16], "rotation": 90, "texture": "#3"},
				"south": {"uv": [5, 15, 6, 16], "texture": "#3"},
				"west": {"uv": [5, 5, 6, 16], "rotation": 270, "texture": "#3"},
				"up": {"uv": [5, 5, 6, 16], "texture": "#3"},
				"down": {"uv": [5, 16, 6, 5], "texture": "#3"}
			}
		},
		{
			"name": "spore_blossom_4",
			"from": [10, 11, 2.5],
			"to": [11, 11.5, 13.5],
			"rotation": {"angle": -22.5, "axis": "x", "origin": [0, 0, 0]},
			"faces": {
				"north": {"uv": [11, 5, 10, 6], "texture": "#3"},
				"east": {"uv": [10, 5, 11, 16], "rotation": 90, "texture": "#3"},
				"south": {"uv": [10, 15, 11, 16], "texture": "#3"},
				"west": {"uv": [10, 5, 11, 16], "rotation": 270, "texture": "#3"},
				"up": {"uv": [10, 5, 11, 16], "texture": "#3"},
				"down": {"uv": [10, 16, 11, 5], "texture": "#3"}
			}
		},
		{
			"name": "spore_blossom_5",
			"from": [4, 11, 3.5],
			"to": [5, 11.5, 13.5],
			"rotation": {"angle": -22.5, "axis": "x", "origin": [0, 0, 0]},
			"faces": {
				"north": {"uv": [5, 6, 4, 7], "texture": "#3"},
				"east": {"uv": [4, 6, 5, 16], "rotation": 90, "texture": "#3"},
				"south": {"uv": [4, 15, 5, 16], "texture": "#3"},
				"west": {"uv": [4, 6, 5, 16], "rotation": 270, "texture": "#3"},
				"up": {"uv": [4, 6, 5, 16], "texture": "#3"},
				"down": {"uv": [4, 16, 5, 6], "texture": "#3"}
			}
		},
		{
			"name": "spore_blossom_6",
			"from": [11, 11, 3.5],
			"to": [12, 11.5, 13.5],
			"rotation": {"angle": -22.5, "axis": "x", "origin": [0, 0, 0]},
			"faces": {
				"north": {"uv": [12, 6, 11, 7], "texture": "#3"},
				"east": {"uv": [11, 6, 12, 16], "rotation": 90, "texture": "#3"},
				"south": {"uv": [11, 15, 12, 16], "texture": "#3"},
				"west": {"uv": [11, 6, 12, 16], "rotation": 270, "texture": "#3"},
				"up": {"uv": [11, 6, 12, 16], "texture": "#3"},
				"down": {"uv": [11, 16, 12, 6], "texture": "#3"}
			}
		},
		{
			"name": "spore_blossom_7",
			"from": [3, 11, 5.5],
			"to": [4, 11.5, 12.5],
			"rotation": {"angle": -22.5, "axis": "x", "origin": [0, 0, 0]},
			"faces": {
				"north": {"uv": [4, 8, 3, 9], "texture": "#3"},
				"east": {"uv": [3, 8, 4, 15], "rotation": 90, "texture": "#3"},
				"south": {"uv": [3, 14, 4, 15], "texture": "#3"},
				"west": {"uv": [3, 8, 4, 15], "rotation": 270, "texture": "#3"},
				"up": {"uv": [3, 8, 4, 15], "texture": "#3"},
				"down": {"uv": [3, 15, 4, 8], "texture": "#3"}
			}
		},
		{
			"name": "spore_blossom_8",
			"from": [12, 11, 5.5],
			"to": [13, 11.5, 12.5],
			"rotation": {"angle": -22.5, "axis": "x", "origin": [0, 0, 0]},
			"faces": {
				"north": {"uv": [13, 8, 12, 9], "texture": "#3"},
				"east": {"uv": [12, 8, 13, 15], "rotation": 90, "texture": "#3"},
				"south": {"uv": [12, 14, 13, 15], "texture": "#3"},
				"west": {"uv": [12, 8, 13, 15], "rotation": 270, "texture": "#3"},
				"up": {"uv": [12, 8, 13, 15], "texture": "#3"},
				"down": {"uv": [12, 15, 13, 8], "texture": "#3"}
			}
		},
		{
			"name": "spore_blossom_9",
			"from": [1, 11, 6.5],
			"to": [3, 11.5, 10.5],
			"rotation": {"angle": -22.5, "axis": "x", "origin": [0, 0, 0]},
			"faces": {
				"north": {"uv": [3, 9, 1, 10], "texture": "#3"},
				"east": {"uv": [2, 9, 3, 13], "rotation": 90, "texture": "#3"},
				"south": {"uv": [1, 12, 3, 13], "texture": "#3"},
				"west": {"uv": [1, 9, 2, 13], "rotation": 270, "texture": "#3"},
				"up": {"uv": [1, 9, 3, 13], "texture": "#3"},
				"down": {"uv": [1, 13, 3, 9], "texture": "#3"}
			}
		},
		{
			"name": "spore_blossom_10",
			"from": [13, 11, 6.5],
			"to": [15, 11.5, 10.5],
			"rotation": {"angle": -22.5, "axis": "x", "origin": [0, 0, 0]},
			"faces": {
				"north": {"uv": [15, 9, 13, 10], "texture": "#3"},
				"east": {"uv": [14, 9, 15, 13], "rotation": 90, "texture": "#3"},
				"south": {"uv": [13, 12, 15, 13], "texture": "#3"},
				"west": {"uv": [13, 9, 14, 13], "rotation": 270, "texture": "#3"},
				"up": {"uv": [13, 9, 15, 13], "texture": "#3"},
				"down": {"uv": [13, 13, 15, 9], "texture": "#3"}
			}
		},
		{
			"name": "spore_blossom_11",
			"from": [2, 11, 10.5],
			"to": [3, 11.5, 11.5],
			"rotation": {"angle": -22.5, "axis": "x", "origin": [0, 0, 0]},
			"faces": {
				"north": {"uv": [3, 13, 2, 14], "texture": "#3"},
				"east": {"uv": [2, 13, 3, 14], "rotation": 90, "texture": "#3"},
				"south": {"uv": [2, 13, 3, 14], "texture": "#3"},
				"west": {"uv": [2, 13, 3, 14], "rotation": 270, "texture": "#3"},
				"up": {"uv": [2, 13, 3, 14], "texture": "#3"},
				"down": {"uv": [2, 14, 3, 13], "texture": "#3"}
			}
		},
		{
			"name": "spore_blossom_12",
			"from": [13, 11, 10.5],
			"to": [14, 11.5, 11.5],
			"rotation": {"angle": -22.5, "axis": "x", "origin": [0, 0, 0]},
			"faces": {
				"north": {"uv": [14, 13, 13, 14], "texture": "#3"},
				"east": {"uv": [13, 13, 14, 14], "rotation": 90, "texture": "#3"},
				"south": {"uv": [13, 13, 14, 14], "texture": "#3"},
				"west": {"uv": [13, 13, 14, 14], "rotation": 270, "texture": "#3"},
				"up": {"uv": [13, 13, 14, 14], "texture": "#3"},
				"down": {"uv": [13, 14, 14, 13], "texture": "#3"}
			}
		},
		{
			"name": "spore_blossom_1",
			"from": [0.5, 11, 7],
			"to": [13.5, 11.5, 9],
			"rotation": {"angle": 22.5, "axis": "z", "origin": [0, 0, 0]},
			"faces": {
				"north": {"uv": [8, 3, 9, 16], "rotation": 90, "texture": "#3"},
				"east": {"uv": [7, 15, 9, 16], "texture": "#3"},
				"south": {"uv": [7, 3, 8, 16], "rotation": 270, "texture": "#3"},
				"west": {"uv": [9, 3, 7, 4], "texture": "#3"},
				"up": {"uv": [7, 3, 9, 16], "rotation": 270, "texture": "#3"},
				"down": {"uv": [7, 16, 9, 3], "rotation": 90, "texture": "#3"}
			}
		},
		{
			"name": "spore_blossom_2",
			"from": [1.5, 11, 9],
			"to": [13.5, 11.5, 10],
			"rotation": {"angle": 22.5, "axis": "z", "origin": [0, 0, 0]},
			"faces": {
				"north": {"uv": [6, 4, 7, 16], "rotation": 90, "texture": "#3"},
				"east": {"uv": [6, 15, 7, 16], "texture": "#3"},
				"south": {"uv": [6, 4, 7, 16], "rotation": 270, "texture": "#3"},
				"west": {"uv": [7, 4, 6, 5], "texture": "#3"},
				"up": {"uv": [6, 4, 7, 16], "rotation": 270, "texture": "#3"},
				"down": {"uv": [6, 16, 7, 4], "rotation": 90, "texture": "#3"}
			}
		},
		{
			"name": "spore_blossom_3",
			"from": [1.5, 11, 6],
			"to": [13.5, 11.5, 7],
			"rotation": {"angle": 22.5, "axis": "z", "origin": [0, 0, 0]},
			"faces": {
				"north": {"uv": [9, 4, 10, 16], "rotation": 90, "texture": "#3"},
				"east": {"uv": [9, 15, 10, 16], "texture": "#3"},
				"south": {"uv": [9, 4, 10, 16], "rotation": 270, "texture": "#3"},
				"west": {"uv": [10, 4, 9, 5], "texture": "#3"},
				"up": {"uv": [9, 4, 10, 16], "rotation": 270, "texture": "#3"},
				"down": {"uv": [9, 16, 10, 4], "rotation": 90, "texture": "#3"}
			}
		},
		{
			"name": "spore_blossom_4",
			"from": [2.5, 11, 10],
			"to": [13.5, 11.5, 11],
			"rotation": {"angle": 22.5, "axis": "z", "origin": [0, 0, 0]},
			"faces": {
				"north": {"uv": [5, 5, 6, 16], "rotation": 90, "texture": "#3"},
				"east": {"uv": [5, 15, 6, 16], "texture": "#3"},
				"south": {"uv": [5, 5, 6, 16], "rotation": 270, "texture": "#3"},
				"west": {"uv": [6, 5, 5, 6], "texture": "#3"},
				"up": {"uv": [5, 5, 6, 16], "rotation": 270, "texture": "#3"},
				"down": {"uv": [5, 16, 6, 5], "rotation": 90, "texture": "#3"}
			}
		},
		{
			"name": "spore_blossom_5",
			"from": [2.5, 11, 5],
			"to": [13.5, 11.5, 6],
			"rotation": {"angle": 22.5, "axis": "z", "origin": [0, 0, 0]},
			"faces": {
				"north": {"uv": [10, 5, 11, 16], "rotation": 90, "texture": "#3"},
				"east": {"uv": [10, 15, 11, 16], "texture": "#3"},
				"south": {"uv": [10, 5, 11, 16], "rotation": 270, "texture": "#3"},
				"west": {"uv": [11, 5, 10, 6], "texture": "#3"},
				"up": {"uv": [10, 5, 11, 16], "rotation": 270, "texture": "#3"},
				"down": {"uv": [10, 16, 11, 5], "rotation": 90, "texture": "#3"}
			}
		},
		{
			"name": "spore_blossom_6",
			"from": [3.5, 11, 11],
			"to": [13.5, 11.5, 12],
			"rotation": {"angle": 22.5, "axis": "z", "origin": [0, 0, 0]},
			"faces": {
				"north": {"uv": [4, 6, 5, 16], "rotation": 90, "texture": "#3"},
				"east": {"uv": [4, 15, 5, 16], "texture": "#3"},
				"south": {"uv": [4, 6, 5, 16], "rotation": 270, "texture": "#3"},
				"west": {"uv": [5, 6, 4, 7], "texture": "#3"},
				"up": {"uv": [4, 6, 5, 16], "rotation": 270, "texture": "#3"},
				"down": {"uv": [4, 16, 5, 6], "rotation": 90, "texture": "#3"}
			}
		},
		{
			"name": "spore_blossom_7",
			"from": [3.5, 11, 4],
			"to": [13.5, 11.5, 5],
			"rotation": {"angle": 22.5, "axis": "z", "origin": [0, 0, 0]},
			"faces": {
				"north": {"uv": [11, 6, 12, 16], "rotation": 90, "texture": "#3"},
				"east": {"uv": [11, 15, 12, 16], "texture": "#3"},
				"south": {"uv": [11, 6, 12, 16], "rotation": 270, "texture": "#3"},
				"west": {"uv": [12, 6, 11, 7], "texture": "#3"},
				"up": {"uv": [11, 6, 12, 16], "rotation": 270, "texture": "#3"},
				"down": {"uv": [11, 16, 12, 6], "rotation": 90, "texture": "#3"}
			}
		},
		{
			"name": "spore_blossom_8",
			"from": [5.5, 11, 12],
			"to": [12.5, 11.5, 13],
			"rotation": {"angle": 22.5, "axis": "z", "origin": [0, 0, 0]},
			"faces": {
				"north": {"uv": [3, 8, 4, 15], "rotation": 90, "texture": "#3"},
				"east": {"uv": [3, 14, 4, 15], "texture": "#3"},
				"south": {"uv": [3, 8, 4, 15], "rotation": 270, "texture": "#3"},
				"west": {"uv": [4, 8, 3, 9], "texture": "#3"},
				"up": {"uv": [3, 8, 4, 15], "rotation": 270, "texture": "#3"},
				"down": {"uv": [3, 15, 4, 8], "rotation": 90, "texture": "#3"}
			}
		},
		{
			"name": "spore_blossom_9",
			"from": [5.5, 11, 3],
			"to": [12.5, 11.5, 4],
			"rotation": {"angle": 22.5, "axis": "z", "origin": [0, 0, 0]},
			"faces": {
				"north": {"uv": [12, 8, 13, 15], "rotation": 90, "texture": "#3"},
				"east": {"uv": [12, 14, 13, 15], "texture": "#3"},
				"south": {"uv": [12, 8, 13, 15], "rotation": 270, "texture": "#3"},
				"west": {"uv": [13, 8, 12, 9], "texture": "#3"},
				"up": {"uv": [12, 8, 13, 15], "rotation": 270, "texture": "#3"},
				"down": {"uv": [12, 15, 13, 8], "rotation": 90, "texture": "#3"}
			}
		},
		{
			"name": "spore_blossom_10",
			"from": [6.5, 11, 13],
			"to": [10.5, 11.5, 15],
			"rotation": {"angle": 22.5, "axis": "z", "origin": [0, 0, 0]},
			"faces": {
				"north": {"uv": [2, 9, 3, 13], "rotation": 90, "texture": "#3"},
				"east": {"uv": [1, 12, 3, 13], "texture": "#3"},
				"south": {"uv": [1, 9, 2, 13], "rotation": 270, "texture": "#3"},
				"west": {"uv": [3, 9, 1, 10], "texture": "#3"},
				"up": {"uv": [1, 9, 3, 13], "rotation": 270, "texture": "#3"},
				"down": {"uv": [1, 13, 3, 9], "rotation": 90, "texture": "#3"}
			}
		},
		{
			"name": "spore_blossom_11",
			"from": [6.5, 11, 1],
			"to": [10.5, 11.5, 3],
			"rotation": {"angle": 22.5, "axis": "z", "origin": [0, 0, 0]},
			"faces": {
				"north": {"uv": [14, 9, 15, 13], "rotation": 90, "texture": "#3"},
				"east": {"uv": [13, 12, 15, 13], "texture": "#3"},
				"south": {"uv": [13, 9, 14, 13], "rotation": 270, "texture": "#3"},
				"west": {"uv": [15, 9, 13, 10], "texture": "#3"},
				"up": {"uv": [13, 9, 15, 13], "rotation": 270, "texture": "#3"},
				"down": {"uv": [13, 13, 15, 9], "rotation": 90, "texture": "#3"}
			}
		},
		{
			"name": "spore_blossom_12",
			"from": [10.5, 11, 13],
			"to": [11.5, 11.5, 14],
			"rotation": {"angle": 22.5, "axis": "z", "origin": [0, 0, 0]},
			"faces": {
				"north": {"uv": [2, 13, 3, 14], "rotation": 90, "texture": "#3"},
				"east": {"uv": [2, 13, 3, 14], "texture": "#3"},
				"south": {"uv": [2, 13, 3, 14], "rotation": 270, "texture": "#3"},
				"west": {"uv": [3, 13, 2, 14], "texture": "#3"},
				"up": {"uv": [2, 13, 3, 14], "rotation": 270, "texture": "#3"},
				"down": {"uv": [2, 14, 3, 13], "rotation": 90, "texture": "#3"}
			}
		},
		{
			"name": "spore_blossom_13",
			"from": [10.5, 11, 2],
			"to": [11.5, 11.5, 3],
			"rotation": {"angle": 22.5, "axis": "z", "origin": [0, 0, 0]},
			"faces": {
				"north": {"uv": [13, 13, 14, 14], "rotation": 90, "texture": "#3"},
				"east": {"uv": [13, 13, 14, 14], "texture": "#3"},
				"south": {"uv": [13, 13, 14, 14], "rotation": 270, "texture": "#3"},
				"west": {"uv": [14, 13, 13, 14], "texture": "#3"},
				"up": {"uv": [13, 13, 14, 14], "rotation": 270, "texture": "#3"},
				"down": {"uv": [13, 14, 14, 13], "rotation": 90, "texture": "#3"}
			}
		},
		{
			"name": "spore_blossom_2",
			"from": [2.5, 11, 7],
			"to": [15.5, 11.5, 9],
			"rotation": {"angle": -22.5, "axis": "z", "origin": [16, 0, 0]},
			"faces": {
				"north": {"uv": [8, 16, 9, 3], "rotation": 90, "texture": "#3"},
				"east": {"uv": [7, 3, 9, 4], "texture": "#3"},
				"south": {"uv": [7, 16, 8, 3], "rotation": 270, "texture": "#3"},
				"west": {"uv": [9, 15, 7, 16], "texture": "#3"},
				"up": {"uv": [7, 16, 9, 3], "rotation": 270, "texture": "#3"},
				"down": {"uv": [7, 3, 9, 16], "rotation": 90, "texture": "#3"}
			}
		},
		{
			"name": "spore_blossom_3",
			"from": [2.5, 11, 9],
			"to": [14.5, 11.5, 10],
			"rotation": {"angle": -22.5, "axis": "z", "origin": [16, 0, 0]},
			"faces": {
				"north": {"uv": [6, 16, 7, 4], "rotation": 90, "texture": "#3"},
				"east": {"uv": [6, 4, 7, 5], "texture": "#3"},
				"south": {"uv": [6, 16, 7, 4], "rotation": 270, "texture": "#3"},
				"west": {"uv": [7, 15, 6, 16], "texture": "#3"},
				"up": {"uv": [6, 16, 7, 4], "rotation": 270, "texture": "#3"},
				"down": {"uv": [6, 4, 7, 16], "rotation": 90, "texture": "#3"}
			}
		},
		{
			"name": "spore_blossom_4",
			"from": [2.5, 11, 6],
			"to": [14.5, 11.5, 7],
			"rotation": {"angle": -22.5, "axis": "z", "origin": [16, 0, 0]},
			"faces": {
				"north": {"uv": [9, 16, 10, 4], "rotation": 90, "texture": "#3"},
				"east": {"uv": [9, 4, 10, 5], "texture": "#3"},
				"south": {"uv": [9, 16, 10, 4], "rotation": 270, "texture": "#3"},
				"west": {"uv": [10, 15, 9, 16], "texture": "#3"},
				"up": {"uv": [9, 16, 10, 4], "rotation": 270, "texture": "#3"},
				"down": {"uv": [9, 4, 10, 16], "rotation": 90, "texture": "#3"}
			}
		},
		{
			"name": "spore_blossom_5",
			"from": [2.5, 11, 10],
			"to": [13.5, 11.5, 11],
			"rotation": {"angle": -22.5, "axis": "z", "origin": [16, 0, 0]},
			"faces": {
				"north": {"uv": [5, 16, 6, 5], "rotation": 90, "texture": "#3"},
				"east": {"uv": [5, 5, 6, 6], "texture": "#3"},
				"south": {"uv": [5, 16, 6, 5], "rotation": 270, "texture": "#3"},
				"west": {"uv": [6, 15, 5, 16], "texture": "#3"},
				"up": {"uv": [5, 16, 6, 5], "rotation": 270, "texture": "#3"},
				"down": {"uv": [5, 5, 6, 16], "rotation": 90, "texture": "#3"}
			}
		},
		{
			"name": "spore_blossom_6",
			"from": [2.5, 11, 5],
			"to": [13.5, 11.5, 6],
			"rotation": {"angle": -22.5, "axis": "z", "origin": [16, 0, 0]},
			"faces": {
				"north": {"uv": [10, 16, 11, 5], "rotation": 90, "texture": "#3"},
				"east": {"uv": [10, 5, 11, 6], "texture": "#3"},
				"south": {"uv": [10, 16, 11, 5], "rotation": 270, "texture": "#3"},
				"west": {"uv": [11, 15, 10, 16], "texture": "#3"},
				"up": {"uv": [10, 16, 11, 5], "rotation": 270, "texture": "#3"},
				"down": {"uv": [10, 5, 11, 16], "rotation": 90, "texture": "#3"}
			}
		},
		{
			"name": "spore_blossom_7",
			"from": [2.5, 11, 11],
			"to": [12.5, 11.5, 12],
			"rotation": {"angle": -22.5, "axis": "z", "origin": [16, 0, 0]},
			"faces": {
				"north": {"uv": [4, 16, 5, 6], "rotation": 90, "texture": "#3"},
				"east": {"uv": [4, 6, 5, 7], "texture": "#3"},
				"south": {"uv": [4, 16, 5, 6], "rotation": 270, "texture": "#3"},
				"west": {"uv": [5, 15, 4, 16], "texture": "#3"},
				"up": {"uv": [4, 16, 5, 6], "rotation": 270, "texture": "#3"},
				"down": {"uv": [4, 6, 5, 16], "rotation": 90, "texture": "#3"}
			}
		},
		{
			"name": "spore_blossom_8",
			"from": [2.5, 11, 4],
			"to": [12.5, 11.5, 5],
			"rotation": {"angle": -22.5, "axis": "z", "origin": [16, 0, 0]},
			"faces": {
				"north": {"uv": [11, 16, 12, 6], "rotation": 90, "texture": "#3"},
				"east": {"uv": [11, 6, 12, 7], "texture": "#3"},
				"south": {"uv": [11, 16, 12, 6], "rotation": 270, "texture": "#3"},
				"west": {"uv": [12, 15, 11, 16], "texture": "#3"},
				"up": {"uv": [11, 16, 12, 6], "rotation": 270, "texture": "#3"},
				"down": {"uv": [11, 6, 12, 16], "rotation": 90, "texture": "#3"}
			}
		},
		{
			"name": "spore_blossom_9",
			"from": [3.5, 11, 12],
			"to": [10.5, 11.5, 13],
			"rotation": {"angle": -22.5, "axis": "z", "origin": [16, 0, 0]},
			"faces": {
				"north": {"uv": [3, 15, 4, 8], "rotation": 90, "texture": "#3"},
				"east": {"uv": [3, 8, 4, 9], "texture": "#3"},
				"south": {"uv": [3, 15, 4, 8], "rotation": 270, "texture": "#3"},
				"west": {"uv": [4, 14, 3, 15], "texture": "#3"},
				"up": {"uv": [3, 15, 4, 8], "rotation": 270, "texture": "#3"},
				"down": {"uv": [3, 8, 4, 15], "rotation": 90, "texture": "#3"}
			}
		},
		{
			"name": "spore_blossom_10",
			"from": [3.5, 11, 3],
			"to": [10.5, 11.5, 4],
			"rotation": {"angle": -22.5, "axis": "z", "origin": [16, 0, 0]},
			"faces": {
				"north": {"uv": [12, 15, 13, 8], "rotation": 90, "texture": "#3"},
				"east": {"uv": [12, 8, 13, 9], "texture": "#3"},
				"south": {"uv": [12, 15, 13, 8], "rotation": 270, "texture": "#3"},
				"west": {"uv": [13, 14, 12, 15], "texture": "#3"},
				"up": {"uv": [12, 15, 13, 8], "rotation": 270, "texture": "#3"},
				"down": {"uv": [12, 8, 13, 15], "rotation": 90, "texture": "#3"}
			}
		},
		{
			"name": "spore_blossom_11",
			"from": [5.5, 11, 13],
			"to": [9.5, 11.5, 15],
			"rotation": {"angle": -22.5, "axis": "z", "origin": [16, 0, 0]},
			"faces": {
				"north": {"uv": [2, 13, 3, 9], "rotation": 90, "texture": "#3"},
				"east": {"uv": [1, 9, 3, 10], "texture": "#3"},
				"south": {"uv": [1, 13, 2, 9], "rotation": 270, "texture": "#3"},
				"west": {"uv": [3, 12, 1, 13], "texture": "#3"},
				"up": {"uv": [1, 13, 3, 9], "rotation": 270, "texture": "#3"},
				"down": {"uv": [1, 9, 3, 13], "rotation": 90, "texture": "#3"}
			}
		},
		{
			"name": "spore_blossom_12",
			"from": [5.5, 11, 1],
			"to": [9.5, 11.5, 3],
			"rotation": {"angle": -22.5, "axis": "z", "origin": [16, 0, 0]},
			"faces": {
				"north": {"uv": [14, 13, 15, 9], "rotation": 90, "texture": "#3"},
				"east": {"uv": [13, 9, 15, 10], "texture": "#3"},
				"south": {"uv": [13, 13, 14, 9], "rotation": 270, "texture": "#3"},
				"west": {"uv": [15, 12, 13, 13], "texture": "#3"},
				"up": {"uv": [13, 13, 15, 9], "rotation": 270, "texture": "#3"},
				"down": {"uv": [13, 9, 15, 13], "rotation": 90, "texture": "#3"}
			}
		},
		{
			"name": "spore_blossom_13",
			"from": [4.5, 11, 13],
			"to": [5.5, 11.5, 14],
			"rotation": {"angle": -22.5, "axis": "z", "origin": [16, 0, 0]},
			"faces": {
				"north": {"uv": [2, 14, 3, 13], "rotation": 90, "texture": "#3"},
				"east": {"uv": [2, 13, 3, 14], "texture": "#3"},
				"south": {"uv": [2, 14, 3, 13], "rotation": 270, "texture": "#3"},
				"west": {"uv": [3, 13, 2, 14], "texture": "#3"},
				"up": {"uv": [2, 14, 3, 13], "rotation": 270, "texture": "#3"},
				"down": {"uv": [2, 13, 3, 14], "rotation": 90, "texture": "#3"}
			}
		},
		{
			"name": "spore_blossom_14",
			"from": [4.5, 11, 2],
			"to": [5.5, 11.5, 3],
			"rotation": {"angle": -22.5, "axis": "z", "origin": [16, 0, 0]},
			"faces": {
				"north": {"uv": [13, 14, 14, 13], "rotation": 90, "texture": "#3"},
				"east": {"uv": [13, 13, 14, 14], "texture": "#3"},
				"south": {"uv": [13, 14, 14, 13], "rotation": 270, "texture": "#3"},
				"west": {"uv": [14, 13, 13, 14], "texture": "#3"},
				"up": {"uv": [13, 14, 14, 13], "rotation": 270, "texture": "#3"},
				"down": {"uv": [13, 13, 14, 14], "rotation": 90, "texture": "#3"}
			}
		},
		{
			"name": "spore_blossom_1",
			"from": [7, 11, 2.5],
			"to": [9, 11.5, 15.5],
			"rotation": {"angle": 22.5, "axis": "x", "origin": [0, 0, 16]},
			"faces": {
				"north": {"uv": [9, 15, 7, 16], "texture": "#3"},
				"east": {"uv": [8, 16, 9, 3], "rotation": 90, "texture": "#3"},
				"south": {"uv": [7, 3, 9, 4], "texture": "#3"},
				"west": {"uv": [7, 16, 8, 3], "rotation": 270, "texture": "#3"},
				"up": {"uv": [7, 16, 9, 3], "texture": "#3"},
				"down": {"uv": [7, 3, 9, 16], "texture": "#3"}
			}
		},
		{
			"name": "spore_blossom_2",
			"from": [6, 11, 2.5],
			"to": [7, 11.5, 14.5],
			"rotation": {"angle": 22.5, "axis": "x", "origin": [0, 0, 16]},
			"faces": {
				"north": {"uv": [7, 15, 6, 16], "texture": "#3"},
				"east": {"uv": [6, 16, 7, 4], "rotation": 90, "texture": "#3"},
				"south": {"uv": [6, 4, 7, 5], "texture": "#3"},
				"west": {"uv": [6, 16, 7, 4], "rotation": 270, "texture": "#3"},
				"up": {"uv": [6, 16, 7, 4], "texture": "#3"},
				"down": {"uv": [6, 4, 7, 16], "texture": "#3"}
			}
		},
		{
			"name": "spore_blossom_3",
			"from": [9, 11, 2.5],
			"to": [10, 11.5, 14.5],
			"rotation": {"angle": 22.5, "axis": "x", "origin": [0, 0, 16]},
			"faces": {
				"north": {"uv": [10, 15, 9, 16], "texture": "#3"},
				"east": {"uv": [9, 16, 10, 4], "rotation": 90, "texture": "#3"},
				"south": {"uv": [9, 4, 10, 5], "texture": "#3"},
				"west": {"uv": [9, 16, 10, 4], "rotation": 270, "texture": "#3"},
				"up": {"uv": [9, 16, 10, 4], "texture": "#3"},
				"down": {"uv": [9, 4, 10, 16], "texture": "#3"}
			}
		},
		{
			"name": "spore_blossom_4",
			"from": [5, 11, 2.5],
			"to": [6, 11.5, 13.5],
			"rotation": {"angle": 22.5, "axis": "x", "origin": [0, 0, 16]},
			"faces": {
				"north": {"uv": [6, 15, 5, 16], "texture": "#3"},
				"east": {"uv": [5, 16, 6, 5], "rotation": 90, "texture": "#3"},
				"south": {"uv": [5, 5, 6, 6], "texture": "#3"},
				"west": {"uv": [5, 16, 6, 5], "rotation": 270, "texture": "#3"},
				"up": {"uv": [5, 16, 6, 5], "texture": "#3"},
				"down": {"uv": [5, 5, 6, 16], "texture": "#3"}
			}
		},
		{
			"name": "spore_blossom_5",
			"from": [10, 11, 2.5],
			"to": [11, 11.5, 13.5],
			"rotation": {"angle": 22.5, "axis": "x", "origin": [0, 0, 16]},
			"faces": {
				"north": {"uv": [11, 15, 10, 16], "texture": "#3"},
				"east": {"uv": [10, 16, 11, 5], "rotation": 90, "texture": "#3"},
				"south": {"uv": [10, 5, 11, 6], "texture": "#3"},
				"west": {"uv": [10, 16, 11, 5], "rotation": 270, "texture": "#3"},
				"up": {"uv": [10, 16, 11, 5], "texture": "#3"},
				"down": {"uv": [10, 5, 11, 16], "texture": "#3"}
			}
		},
		{
			"name": "spore_blossom_6",
			"from": [4, 11, 2.5],
			"to": [5, 11.5, 12.5],
			"rotation": {"angle": 22.5, "axis": "x", "origin": [0, 0, 16]},
			"faces": {
				"north": {"uv": [5, 15, 4, 16], "texture": "#3"},
				"east": {"uv": [4, 16, 5, 6], "rotation": 90, "texture": "#3"},
				"south": {"uv": [4, 6, 5, 7], "texture": "#3"},
				"west": {"uv": [4, 16, 5, 6], "rotation": 270, "texture": "#3"},
				"up": {"uv": [4, 16, 5, 6], "texture": "#3"},
				"down": {"uv": [4, 6, 5, 16], "texture": "#3"}
			}
		},
		{
			"name": "spore_blossom_7",
			"from": [11, 11, 2.5],
			"to": [12, 11.5, 12.5],
			"rotation": {"angle": 22.5, "axis": "x", "origin": [0, 0, 16]},
			"faces": {
				"north": {"uv": [12, 15, 11, 16], "texture": "#3"},
				"east": {"uv": [11, 16, 12, 6], "rotation": 90, "texture": "#3"},
				"south": {"uv": [11, 6, 12, 7], "texture": "#3"},
				"west": {"uv": [11, 16, 12, 6], "rotation": 270, "texture": "#3"},
				"up": {"uv": [11, 16, 12, 6], "texture": "#3"},
				"down": {"uv": [11, 6, 12, 16], "texture": "#3"}
			}
		},
		{
			"name": "spore_blossom_8",
			"from": [3, 11, 3.5],
			"to": [4, 11.5, 10.5],
			"rotation": {"angle": 22.5, "axis": "x", "origin": [0, 0, 16]},
			"faces": {
				"north": {"uv": [4, 14, 3, 15], "texture": "#3"},
				"east": {"uv": [3, 15, 4, 8], "rotation": 90, "texture": "#3"},
				"south": {"uv": [3, 8, 4, 9], "texture": "#3"},
				"west": {"uv": [3, 15, 4, 8], "rotation": 270, "texture": "#3"},
				"up": {"uv": [3, 15, 4, 8], "texture": "#3"},
				"down": {"uv": [3, 8, 4, 15], "texture": "#3"}
			}
		},
		{
			"name": "spore_blossom_9",
			"from": [12, 11, 3.5],
			"to": [13, 11.5, 10.5],
			"rotation": {"angle": 22.5, "axis": "x", "origin": [0, 0, 16]},
			"faces": {
				"north": {"uv": [13, 14, 12, 15], "texture": "#3"},
				"east": {"uv": [12, 15, 13, 8], "rotation": 90, "texture": "#3"},
				"south": {"uv": [12, 8, 13, 9], "texture": "#3"},
				"west": {"uv": [12, 15, 13, 8], "rotation": 270, "texture": "#3"},
				"up": {"uv": [12, 15, 13, 8], "texture": "#3"},
				"down": {"uv": [12, 8, 13, 15], "texture": "#3"}
			}
		},
		{
			"name": "spore_blossom_10",
			"from": [1, 11, 5.5],
			"to": [3, 11.5, 9.5],
			"rotation": {"angle": 22.5, "axis": "x", "origin": [0, 0, 16]},
			"faces": {
				"north": {"uv": [3, 12, 1, 13], "texture": "#3"},
				"east": {"uv": [2, 13, 3, 9], "rotation": 90, "texture": "#3"},
				"south": {"uv": [1, 9, 3, 10], "texture": "#3"},
				"west": {"uv": [1, 13, 2, 9], "rotation": 270, "texture": "#3"},
				"up": {"uv": [1, 13, 3, 9], "texture": "#3"},
				"down": {"uv": [1, 9, 3, 13], "texture": "#3"}
			}
		},
		{
			"name": "spore_blossom_11",
			"from": [13, 11, 5.5],
			"to": [15, 11.5, 9.5],
			"rotation": {"angle": 22.5, "axis": "x", "origin": [0, 0, 16]},
			"faces": {
				"north": {"uv": [15, 12, 13, 13], "texture": "#3"},
				"east": {"uv": [14, 13, 15, 9], "rotation": 90, "texture": "#3"},
				"south": {"uv": [13, 9, 15, 10], "texture": "#3"},
				"west": {"uv": [13, 13, 14, 9], "rotation": 270, "texture": "#3"},
				"up": {"uv": [13, 13, 15, 9], "texture": "#3"},
				"down": {"uv": [13, 9, 15, 13], "texture": "#3"}
			}
		},
		{
			"name": "spore_blossom_12",
			"from": [2, 11, 4.5],
			"to": [3, 11.5, 5.5],
			"rotation": {"angle": 22.5, "axis": "x", "origin": [0, 0, 16]},
			"faces": {
				"north": {"uv": [3, 13, 2, 14], "texture": "#3"},
				"east": {"uv": [2, 14, 3, 13], "rotation": 90, "texture": "#3"},
				"south": {"uv": [2, 13, 3, 14], "texture": "#3"},
				"west": {"uv": [2, 14, 3, 13], "rotation": 270, "texture": "#3"},
				"up": {"uv": [2, 14, 3, 13], "texture": "#3"},
				"down": {"uv": [2, 13, 3, 14], "texture": "#3"}
			}
		},
		{
			"name": "spore_blossom_13",
			"from": [13, 11, 4.5],
			"to": [14, 11.5, 5.5],
			"rotation": {"angle": 22.5, "axis": "x", "origin": [0, 0, 16]},
			"faces": {
				"north": {"uv": [14, 13, 13, 14], "texture": "#3"},
				"east": {"uv": [13, 14, 14, 13], "rotation": 90, "texture": "#3"},
				"south": {"uv": [13, 13, 14, 14], "texture": "#3"},
				"west": {"uv": [13, 14, 14, 13], "rotation": 270, "texture": "#3"},
				"up": {"uv": [13, 14, 14, 13], "texture": "#3"},
				"down": {"uv": [13, 13, 14, 14], "texture": "#3"}
			}
		},
		{
			"from": [7.3, 14.35, 7.3],
			"to": [8.7, 15, 8.7],
			"faces": {
				"north": {"uv": [7, 15, 9, 16], "texture": "#3"},
				"east": {"uv": [7, 15, 9, 16], "texture": "#3"},
				"south": {"uv": [7, 15, 9, 16], "texture": "#3"},
				"west": {"uv": [7, 15, 9, 16], "texture": "#3"},
				"up": {"uv": [7, 15, 9, 16], "texture": "#3"},
				"down": {"uv": [7, 15, 9, 16], "texture": "#3"}
			}
		},
		{
			"from": [6, 14.5, 7],
			"to": [7.3, 15, 9],
			"faces": {
				"north": {"uv": [7, 14, 9, 15], "texture": "#3"},
				"east": {"uv": [7, 14, 9, 15], "texture": "#3"},
				"south": {"uv": [7, 14, 9, 15], "texture": "#3"},
				"west": {"uv": [7, 14, 9, 15], "texture": "#3"},
				"up": {"uv": [7, 14, 9, 15], "texture": "#3"},
				"down": {"uv": [7, 14, 9, 15], "texture": "#3"}
			}
		},
		{
			"from": [7, 14.5, 6],
			"to": [9, 15, 7.3],
			"rotation": {"angle": 0, "axis": "y", "origin": [16, 0, 0]},
			"faces": {
				"north": {"uv": [9, 14, 7, 15], "texture": "#3"},
				"east": {"uv": [9, 14, 7, 15], "texture": "#3"},
				"south": {"uv": [9, 14, 7, 15], "texture": "#3"},
				"west": {"uv": [9, 14, 7, 15], "texture": "#3"},
				"up": {"uv": [9, 14, 7, 15], "texture": "#3"},
				"down": {"uv": [9, 14, 7, 15], "texture": "#3"}
			}
		},
		{
			"from": [7, 14.5, 8.7],
			"to": [9, 15, 10],
			"rotation": {"angle": 0, "axis": "y", "origin": [16, 0, 16]},
			"faces": {
				"north": {"uv": [7, 14, 9, 15], "texture": "#3"},
				"east": {"uv": [7, 14, 9, 15], "texture": "#3"},
				"south": {"uv": [7, 14, 9, 15], "texture": "#3"},
				"west": {"uv": [7, 14, 9, 15], "texture": "#3"},
				"up": {"uv": [9, 15, 7, 14], "texture": "#3"},
				"down": {"uv": [9, 15, 7, 14], "texture": "#3"}
			}
		},
		{
			"from": [8.7, 14.5, 7],
			"to": [10, 15, 9],
			"rotation": {"angle": 0, "axis": "y", "origin": [9.5, 14.75, 8]},
			"faces": {
				"north": {"uv": [9, 14, 7, 15], "texture": "#3"},
				"east": {"uv": [9, 14, 7, 15], "texture": "#3"},
				"south": {"uv": [9, 14, 7, 15], "texture": "#3"},
				"west": {"uv": [9, 14, 7, 15], "texture": "#3"},
				"up": {"uv": [9, 14, 7, 15], "texture": "#3"},
				"down": {"uv": [9, 14, 7, 15], "texture": "#3"}
			}
		}
	],
	"groups": [
		{
			"name": "spore_blossom_base",
			"origin": [8, 8, 8],
			"children": [0, 1, 2, 3, 4, 5, 6, 7, 8, 9, 10, 11, 12, 13, 14, 15, 16, 17, 18]
		},
		{
			"name": "spore_blossom",
			"origin": [8, 8, 8],
			"children": [19, 20, 21, 22, 23, 24, 25, 26, 27, 28, 29, 30, 31]
		},
		{
			"name": "spore_blossom",
			"origin": [8, 8, 8],
			"children": [32, 33, 34, 35, 36, 37, 38, 39, 40, 41, 42, 43, 44]
		},
		{
			"name": "spore_blossom",
			"origin": [8, 8, 8],
			"children": [45, 46, 47, 48, 49, 50, 51, 52, 53, 54, 55, 56, 57]
		},
		{
			"name": "spore_blossom",
			"origin": [8, 8, 8],
			"children": [58, 59, 60, 61, 62, 63, 64, 65, 66, 67, 68, 69, 70]
		},
		{
			"name": "group",
			"origin": [9.5, 14.75, 8],
			"children": [71, 72, 73, 74, 75]
		}
	]
}