{
	"credit": "Made with Blockbench",
	"parent": "minecraft:block/cross",
	"textures": {
		"cross": "block/torchflower_crop_stage1"
	},
	"elements": [
		{
			"name": "torchflower_crop_stage1_0",
			"from": [7.5, 0, 7.5],
			"to": [8.5, 4, 8.5],
			"rotation": {"angle": 45, "axis": "y", "origin": [8, 4.5, 8]},
			"faces": {
				"north": {"uv": [8, 12, 9, 16], "texture": "#cross"},
				"east": {"uv": [9, 12, 8, 16], "texture": "#cross"},
				"south": {"uv": [9, 12, 8, 16], "texture": "#cross"},
				"west": {"uv": [9, 12, 8, 16], "texture": "#cross"},
				"up": {"uv": [9, 12, 8, 13], "texture": "#cross"},
				"down": {"uv": [9, 15, 8, 16], "texture": "#cross"}
			}
		},
		{
			"name": "torchflower_crop_stage1_1",
			"from": [7.5, 4, 7.5],
			"to": [8.5, 6, 8.5],
			"rotation": {"angle": 45, "axis": "y", "origin": [8, 4.5, 8]},
			"faces": {
				"north": {"uv": [8, 10, 9, 12], "texture": "#cross"},
				"east": {"uv": [9, 10, 8, 12], "texture": "#cross"},
				"south": {"uv": [9, 10, 8, 12], "texture": "#cross"},
				"west": {"uv": [9, 10, 8, 12], "texture": "#cross"},
				"up": {"uv": [9, 10, 8, 11], "texture": "#cross"},
				"down": {"uv": [9, 11, 8, 12], "texture": "#cross"}
			}
		},
		{
			"name": "torchflower_crop_stage1_1",
			"from": [8.5, 0, 7.75],
			"to": [9.5, 6, 8.25],
			"rotation": {"angle": 45, "axis": "y", "origin": [8, 4.5, 8]},
			"faces": {
				"north": {"uv": [7, 10, 8, 16], "texture": "#cross"},
				"east": {"uv": [8, 10, 7, 16], "texture": "#cross"},
				"south": {"uv": [8, 10, 7, 16], "texture": "#cross"},
				"west": {"uv": [8, 10, 7, 16], "texture": "#cross"},
				"up": {"uv": [8, 10, 7, 11], "texture": "#cross"},
				"down": {"uv": [8, 15, 7, 16], "texture": "#cross"}
			}
		},
		{
			"name": "torchflower_crop_stage1_2",
			"from": [6.5, 0, 7.75],
			"to": [7.5, 7, 8.25],
			"rotation": {"angle": 45, "axis": "y", "origin": [8, 4.5, 8]},
			"faces": {
				"north": {"uv": [9, 9, 10, 16], "texture": "#cross"},
				"east": {"uv": [10, 9, 9, 16], "texture": "#cross"},
				"south": {"uv": [10, 9, 9, 16], "texture": "#cross"},
				"west": {"uv": [10, 9, 9, 16], "texture": "#cross"},
				"up": {"uv": [10, 9, 9, 10], "texture": "#cross"},
				"down": {"uv": [10, 15, 9, 16], "texture": "#cross"}
			}
		},
		{
			"name": "torchflower_crop_stage1_3",
			"from": [10.5, 7, 7.75],
			"to": [11.5, 8, 8.25],
			"rotation": {"angle": 45, "axis": "y", "origin": [8, 4.5, 8]},
			"faces": {
				"north": {"uv": [5, 8, 6, 9], "texture": "#cross"},
				"east": {"uv": [6, 8, 5, 9], "texture": "#cross"},
				"south": {"uv": [6, 8, 5, 9], "texture": "#cross"},
				"west": {"uv": [6, 8, 5, 9], "texture": "#cross"},
				"up": {"uv": [6, 8, 5, 9], "texture": "#cross"},
				"down": {"uv": [6, 8, 5, 9], "texture": "#cross"}
			}
		},
		{
			"name": "torchflower_crop_stage1_4",
			"from": [3.5, 6, 7.75],
			"to": [5.5, 8, 8.25],
			"rotation": {"angle": 45, "axis": "y", "origin": [8, 4.5, 8]},
			"faces": {
				"north": {"uv": [11, 8, 13, 10], "texture": "#cross"},
				"east": {"uv": [12, 8, 11, 10], "texture": "#cross"},
				"south": {"uv": [13, 8, 11, 10], "texture": "#cross"},
				"west": {"uv": [13, 8, 12, 10], "texture": "#cross"},
				"up": {"uv": [13, 8, 11, 9], "texture": "#cross"},
				"down": {"uv": [13, 9, 11, 10], "texture": "#cross"}
			}
		},
		{
			"name": "torchflower_crop_stage1_5",
			"from": [1.5, 7, 7.75],
			"to": [3.5, 8, 8.25],
			"rotation": {"angle": 45, "axis": "y", "origin": [8, 4.5, 8]},
			"faces": {
				"north": {"uv": [13, 8, 15, 9], "texture": "#cross"},
				"east": {"uv": [14, 8, 13, 9], "texture": "#cross"},
				"south": {"uv": [15, 8, 13, 9], "texture": "#cross"},
				"west": {"uv": [15, 8, 14, 9], "texture": "#cross"},
				"up": {"uv": [15, 8, 13, 9], "texture": "#cross"},
				"down": {"uv": [15, 8, 13, 9], "texture": "#cross"}
			}
		},
		{
			"name": "torchflower_crop_stage1_6",
			"from": [11.5, 6, 7.75],
			"to": [15.5, 7, 8.25],
			"rotation": {"angle": 45, "axis": "y", "origin": [8, 4.5, 8]},
			"faces": {
				"north": {"uv": [1, 9, 5, 10], "texture": "#cross"},
				"east": {"uv": [2, 9, 1, 10], "texture": "#cross"},
				"south": {"uv": [5, 9, 1, 10], "texture": "#cross"},
				"west": {"uv": [5, 9, 4, 10], "texture": "#cross"},
				"up": {"uv": [5, 9, 1, 10], "texture": "#cross"},
				"down": {"uv": [5, 9, 1, 10], "texture": "#cross"}
			}
		},
		{
			"name": "torchflower_crop_stage1_7",
			"from": [9.5, 0, 7.75],
			"to": [10.5, 7, 8.25],
			"rotation": {"angle": 45, "axis": "y", "origin": [8, 4.5, 8]},
			"faces": {
				"north": {"uv": [6, 9, 7, 16], "texture": "#cross"},
				"east": {"uv": [7, 9, 6, 16], "texture": "#cross"},
				"south": {"uv": [7, 9, 6, 16], "texture": "#cross"},
				"west": {"uv": [7, 9, 6, 16], "texture": "#cross"},
				"up": {"uv": [7, 9, 6, 10], "texture": "#cross"},
				"down": {"uv": [7, 15, 6, 16], "texture": "#cross"}
			}
		},
		{
			"name": "torchflower_crop_stage1_8",
			"from": [5.5, 1, 7.75],
			"to": [6.5, 7, 8.25],
			"rotation": {"angle": 45, "axis": "y", "origin": [8, 4.5, 8]},
			"faces": {
				"north": {"uv": [10, 9, 11, 15], "texture": "#cross"},
				"east": {"uv": [11, 9, 10, 15], "texture": "#cross"},
				"south": {"uv": [11, 9, 10, 15], "texture": "#cross"},
				"west": {"uv": [11, 9, 10, 15], "texture": "#cross"},
				"up": {"uv": [11, 9, 10, 10], "texture": "#cross"},
				"down": {"uv": [11, 14, 10, 15], "texture": "#cross"}
			}
		},
		{
			"name": "torchflower_crop_stage1_9",
			"from": [10.5, 5, 7.75],
			"to": [14.5, 6, 8.25],
			"rotation": {"angle": 45, "axis": "y", "origin": [8, 4.5, 8]},
			"faces": {
				"north": {"uv": [2, 10, 6, 11], "texture": "#cross"},
				"east": {"uv": [3, 10, 2, 11], "texture": "#cross"},
				"south": {"uv": [6, 10, 2, 11], "texture": "#cross"},
				"west": {"uv": [6, 10, 5, 11], "texture": "#cross"},
				"up": {"uv": [6, 10, 2, 11], "texture": "#cross"},
				"down": {"uv": [6, 10, 2, 11], "texture": "#cross"}
			}
		},
		{
			"name": "torchflower_crop_stage1_10",
			"from": [4.5, 5, 7.75],
			"to": [5.5, 6, 8.25],
			"rotation": {"angle": 45, "axis": "y", "origin": [8, 4.5, 8]},
			"faces": {
				"north": {"uv": [11, 10, 12, 11], "texture": "#cross"},
				"east": {"uv": [12, 10, 11, 11], "texture": "#cross"},
				"south": {"uv": [12, 10, 11, 11], "texture": "#cross"},
				"west": {"uv": [12, 10, 11, 11], "texture": "#cross"},
				"up": {"uv": [12, 10, 11, 11], "texture": "#cross"},
				"down": {"uv": [12, 10, 11, 11], "texture": "#cross"}
			}
		},
		{
			"name": "torchflower_crop_stage1_11",
			"from": [10.5, 4, 7.75],
			"to": [12.5, 5, 8.25],
			"rotation": {"angle": 45, "axis": "y", "origin": [8, 4.5, 8]},
			"faces": {
				"north": {"uv": [4, 11, 6, 12], "texture": "#cross"},
				"east": {"uv": [5, 11, 4, 12], "texture": "#cross"},
				"south": {"uv": [6, 11, 4, 12], "texture": "#cross"},
				"west": {"uv": [6, 11, 5, 12], "texture": "#cross"},
				"up": {"uv": [6, 11, 4, 12], "texture": "#cross"},
				"down": {"uv": [6, 11, 4, 12], "texture": "#cross"}
			}
		},
		{
			"name": "torchflower_crop_stage1_12",
			"from": [10.5, 3, 7.75],
			"to": [11.5, 4, 8.25],
			"rotation": {"angle": 45, "axis": "y", "origin": [8, 4.5, 8]},
			"faces": {
				"north": {"uv": [5, 12, 6, 13], "texture": "#cross"},
				"east": {"uv": [6, 12, 5, 13], "texture": "#cross"},
				"south": {"uv": [6, 12, 5, 13], "texture": "#cross"},
				"west": {"uv": [6, 12, 5, 13], "texture": "#cross"},
				"up": {"uv": [6, 12, 5, 13], "texture": "#cross"},
				"down": {"uv": [6, 12, 5, 13], "texture": "#cross"}
			}
		},
		{
			"name": "torchflower_crop_stage1_13",
			"from": [2.5, 3, 7.75],
			"to": [5.5, 4, 8.25],
			"rotation": {"angle": 45, "axis": "y", "origin": [8, 4.5, 8]},
			"faces": {
				"north": {"uv": [11, 12, 14, 13], "texture": "#cross"},
				"east": {"uv": [12, 12, 11, 13], "texture": "#cross"},
				"south": {"uv": [14, 12, 11, 13], "texture": "#cross"},
				"west": {"uv": [14, 12, 13, 13], "texture": "#cross"},
				"up": {"uv": [14, 12, 11, 13], "texture": "#cross"},
				"down": {"uv": [14, 12, 11, 13], "texture": "#cross"}
			}
		},
		{
			"name": "torchflower_crop_stage1_14",
			"from": [11.5, 2, 7.75],
			"to": [13.5, 3, 8.25],
			"rotation": {"angle": 45, "axis": "y", "origin": [8, 4.5, 8]},
			"faces": {
				"north": {"uv": [3, 13, 5, 14], "texture": "#cross"},
				"east": {"uv": [4, 13, 3, 14], "texture": "#cross"},
				"south": {"uv": [5, 13, 3, 14], "texture": "#cross"},
				"west": {"uv": [5, 13, 4, 14], "texture": "#cross"},
				"up": {"uv": [5, 13, 3, 14], "texture": "#cross"},
				"down": {"uv": [5, 13, 3, 14], "texture": "#cross"}
			}
		},
		{
			"name": "torchflower_crop_stage1_15",
			"from": [4.5, 2, 7.75],
			"to": [5.5, 3, 8.25],
			"rotation": {"angle": 45, "axis": "y", "origin": [8, 4.5, 8]},
			"faces": {
				"north": {"uv": [11, 13, 12, 14], "texture": "#cross"},
				"east": {"uv": [12, 13, 11, 14], "texture": "#cross"},
				"south": {"uv": [12, 13, 11, 14], "texture": "#cross"},
				"west": {"uv": [12, 13, 11, 14], "texture": "#cross"},
				"up": {"uv": [12, 13, 11, 14], "texture": "#cross"},
				"down": {"uv": [12, 13, 11, 14], "texture": "#cross"}
			}
		},
		{
			"name": "torchflower_crop_stage1_16",
			"from": [10.5, 1, 7.75],
			"to": [12.5, 2, 8.25],
			"rotation": {"angle": 45, "axis": "y", "origin": [8, 4.5, 8]},
			"faces": {
				"north": {"uv": [4, 14, 6, 15], "texture": "#cross"},
				"east": {"uv": [5, 14, 4, 15], "texture": "#cross"},
				"south": {"uv": [6, 14, 4, 15], "texture": "#cross"},
				"west": {"uv": [6, 14, 5, 15], "texture": "#cross"},
				"up": {"uv": [6, 14, 4, 15], "texture": "#cross"},
				"down": {"uv": [6, 14, 4, 15], "texture": "#cross"}
			}
		},
		{
			"name": "torchflower_crop_stage2_2",
			"from": [7.75, 0, 8.5],
			"to": [8.25, 6, 9.5],
			"rotation": {"angle": 45, "axis": "y", "origin": [8, 4.5, 8]},
			"faces": {
				"north": {"uv": [8, 10, 7, 16], "texture": "#cross"},
				"east": {"uv": [7, 10, 8, 16], "texture": "#cross"},
				"south": {"uv": [8, 10, 7, 16], "texture": "#cross"},
				"west": {"uv": [8, 10, 7, 16], "texture": "#cross"},
				"up": {"uv": [8, 10, 7, 11], "rotation": 90, "texture": "#cross"},
				"down": {"uv": [8, 15, 7, 16], "rotation": 270, "texture": "#cross"}
			}
		},
		{
			"name": "torchflower_crop_stage1_3",
			"from": [7.75, 0, 6.5],
			"to": [8.25, 7, 7.5],
			"rotation": {"angle": 45, "axis": "y", "origin": [8, 4.5, 8]},
			"faces": {
				"north": {"uv": [10, 9, 9, 16], "texture": "#cross"},
				"east": {"uv": [9, 9, 10, 16], "texture": "#cross"},
				"south": {"uv": [10, 9, 9, 16], "texture": "#cross"},
				"west": {"uv": [10, 9, 9, 16], "texture": "#cross"},
				"up": {"uv": [10, 9, 9, 10], "rotation": 90, "texture": "#cross"},
				"down": {"uv": [10, 15, 9, 16], "rotation": 270, "texture": "#cross"}
			}
		},
		{
			"name": "torchflower_crop_stage1_4",
			"from": [7.75, 7, 10.5],
			"to": [8.25, 8, 11.5],
			"rotation": {"angle": 45, "axis": "y", "origin": [8, 4.5, 8]},
			"faces": {
				"north": {"uv": [6, 8, 5, 9], "texture": "#cross"},
				"east": {"uv": [5, 8, 6, 9], "texture": "#cross"},
				"south": {"uv": [6, 8, 5, 9], "texture": "#cross"},
				"west": {"uv": [6, 8, 5, 9], "texture": "#cross"},
				"up": {"uv": [6, 8, 5, 9], "rotation": 90, "texture": "#cross"},
				"down": {"uv": [6, 8, 5, 9], "rotation": 270, "texture": "#cross"}
			}
		},
		{
			"name": "torchflower_crop_stage1_5",
			"from": [7.75, 6, 3.5],
			"to": [8.25, 8, 5.5],
			"rotation": {"angle": 45, "axis": "y", "origin": [8, 4.5, 8]},
			"faces": {
				"north": {"uv": [13, 8, 12, 10], "texture": "#cross"},
				"east": {"uv": [11, 8, 13, 10], "texture": "#cross"},
				"south": {"uv": [12, 8, 11, 10], "texture": "#cross"},
				"west": {"uv": [13, 8, 11, 10], "texture": "#cross"},
				"up": {"uv": [13, 8, 11, 9], "rotation": 90, "texture": "#cross"},
				"down": {"uv": [13, 9, 11, 10], "rotation": 270, "texture": "#cross"}
			}
		},
		{
			"name": "torchflower_crop_stage1_6",
			"from": [7.75, 7, 1.5],
			"to": [8.25, 8, 3.5],
			"rotation": {"angle": 45, "axis": "y", "origin": [8, 4.5, 8]},
			"faces": {
				"north": {"uv": [15, 8, 14, 9], "texture": "#cross"},
				"east": {"uv": [13, 8, 15, 9], "texture": "#cross"},
				"south": {"uv": [14, 8, 13, 9], "texture": "#cross"},
				"west": {"uv": [15, 8, 13, 9], "texture": "#cross"},
				"up": {"uv": [15, 8, 13, 9], "rotation": 90, "texture": "#cross"},
				"down": {"uv": [15, 8, 13, 9], "rotation": 270, "texture": "#cross"}
			}
		},
		{
			"name": "torchflower_crop_stage1_7",
			"from": [7.75, 6, 11.5],
			"to": [8.25, 7, 15.5],
			"rotation": {"angle": 45, "axis": "y", "origin": [8, 4.5, 8]},
			"faces": {
				"north": {"uv": [5, 9, 4, 10], "texture": "#cross"},
				"east": {"uv": [1, 9, 5, 10], "texture": "#cross"},
				"south": {"uv": [2, 9, 1, 10], "texture": "#cross"},
				"west": {"uv": [5, 9, 1, 10], "texture": "#cross"},
				"up": {"uv": [5, 9, 1, 10], "rotation": 90, "texture": "#cross"},
				"down": {"uv": [5, 9, 1, 10], "rotation": 270, "texture": "#cross"}
			}
		},
		{
			"name": "torchflower_crop_stage1_8",
			"from": [7.75, 0, 9.5],
			"to": [8.25, 7, 10.5],
			"rotation": {"angle": 45, "axis": "y", "origin": [8, 4.5, 8]},
			"faces": {
				"north": {"uv": [7, 9, 6, 16], "texture": "#cross"},
				"east": {"uv": [6, 9, 7, 16], "texture": "#cross"},
				"south": {"uv": [7, 9, 6, 16], "texture": "#cross"},
				"west": {"uv": [7, 9, 6, 16], "texture": "#cross"},
				"up": {"uv": [7, 9, 6, 10], "rotation": 90, "texture": "#cross"},
				"down": {"uv": [7, 15, 6, 16], "rotation": 270, "texture": "#cross"}
			}
		},
		{
			"name": "torchflower_crop_stage1_9",
			"from": [7.75, 1, 5.5],
			"to": [8.25, 7, 6.5],
			"rotation": {"angle": 45, "axis": "y", "origin": [8, 4.5, 8]},
			"faces": {
				"north": {"uv": [11, 9, 10, 15], "texture": "#cross"},
				"east": {"uv": [10, 9, 11, 15], "texture": "#cross"},
				"south": {"uv": [11, 9, 10, 15], "texture": "#cross"},
				"west": {"uv": [11, 9, 10, 15], "texture": "#cross"},
				"up": {"uv": [11, 9, 10, 10], "rotation": 90, "texture": "#cross"},
				"down": {"uv": [11, 14, 10, 15], "rotation": 270, "texture": "#cross"}
			}
		},
		{
			"name": "torchflower_crop_stage1_10",
			"from": [7.75, 5, 10.5],
			"to": [8.25, 6, 14.5],
			"rotation": {"angle": 45, "axis": "y", "origin": [8, 4.5, 8]},
			"faces": {
				"north": {"uv": [6, 10, 5, 11], "texture": "#cross"},
				"east": {"uv": [2, 10, 6, 11], "texture": "#cross"},
				"south": {"uv": [3, 10, 2, 11], "texture": "#cross"},
				"west": {"uv": [6, 10, 2, 11], "texture": "#cross"},
				"up": {"uv": [6, 10, 2, 11], "rotation": 90, "texture": "#cross"},
				"down": {"uv": [6, 10, 2, 11], "rotation": 270, "texture": "#cross"}
			}
		},
		{
			"name": "torchflower_crop_stage1_11",
			"from": [7.75, 5, 4.5],
			"to": [8.25, 6, 5.5],
			"rotation": {"angle": 45, "axis": "y", "origin": [8, 4.5, 8]},
			"faces": {
				"north": {"uv": [12, 10, 11, 11], "texture": "#cross"},
				"east": {"uv": [11, 10, 12, 11], "texture": "#cross"},
				"south": {"uv": [12, 10, 11, 11], "texture": "#cross"},
				"west": {"uv": [12, 10, 11, 11], "texture": "#cross"},
				"up": {"uv": [12, 10, 11, 11], "rotation": 90, "texture": "#cross"},
				"down": {"uv": [12, 10, 11, 11], "rotation": 270, "texture": "#cross"}
			}
		},
		{
			"name": "torchflower_crop_stage1_12",
			"from": [7.75, 4, 10.5],
			"to": [8.25, 5, 12.5],
			"rotation": {"angle": 45, "axis": "y", "origin": [8, 4.5, 8]},
			"faces": {
				"north": {"uv": [6, 11, 5, 12], "texture": "#cross"},
				"east": {"uv": [4, 11, 6, 12], "texture": "#cross"},
				"south": {"uv": [5, 11, 4, 12], "texture": "#cross"},
				"west": {"uv": [6, 11, 4, 12], "texture": "#cross"},
				"up": {"uv": [6, 11, 4, 12], "rotation": 90, "texture": "#cross"},
				"down": {"uv": [6, 11, 4, 12], "rotation": 270, "texture": "#cross"}
			}
		},
		{
			"name": "torchflower_crop_stage1_13",
			"from": [7.75, 3, 10.5],
			"to": [8.25, 4, 11.5],
			"rotation": {"angle": 45, "axis": "y", "origin": [8, 4.5, 8]},
			"faces": {
				"north": {"uv": [6, 12, 5, 13], "texture": "#cross"},
				"east": {"uv": [5, 12, 6, 13], "texture": "#cross"},
				"south": {"uv": [6, 12, 5, 13], "texture": "#cross"},
				"west": {"uv": [6, 12, 5, 13], "texture": "#cross"},
				"up": {"uv": [6, 12, 5, 13], "rotation": 90, "texture": "#cross"},
				"down": {"uv": [6, 12, 5, 13], "rotation": 270, "texture": "#cross"}
			}
		},
		{
			"name": "torchflower_crop_stage1_14",
			"from": [7.75, 3, 2.5],
			"to": [8.25, 4, 5.5],
			"rotation": {"angle": 45, "axis": "y", "origin": [8, 4.5, 8]},
			"faces": {
				"north": {"uv": [14, 12, 13, 13], "texture": "#cross"},
				"east": {"uv": [11, 12, 14, 13], "texture": "#cross"},
				"south": {"uv": [12, 12, 11, 13], "texture": "#cross"},
				"west": {"uv": [14, 12, 11, 13], "texture": "#cross"},
				"up": {"uv": [14, 12, 11, 13], "rotation": 90, "texture": "#cross"},
				"down": {"uv": [14, 12, 11, 13], "rotation": 270, "texture": "#cross"}
			}
		},
		{
			"name": "torchflower_crop_stage1_15",
			"from": [7.75, 2, 11.5],
			"to": [8.25, 3, 13.5],
			"rotation": {"angle": 45, "axis": "y", "origin": [8, 4.5, 8]},
			"faces": {
				"north": {"uv": [5, 13, 4, 14], "texture": "#cross"},
				"east": {"uv": [3, 13, 5, 14], "texture": "#cross"},
				"south": {"uv": [4, 13, 3, 14], "texture": "#cross"},
				"west": {"uv": [5, 13, 3, 14], "texture": "#cross"},
				"up": {"uv": [5, 13, 3, 14], "rotation": 90, "texture": "#cross"},
				"down": {"uv": [5, 13, 3, 14], "rotation": 270, "texture": "#cross"}
			}
		},
		{
			"name": "torchflower_crop_stage1_16",
			"from": [7.75, 2, 4.5],
			"to": [8.25, 3, 5.5],
			"rotation": {"angle": 45, "axis": "y", "origin": [8, 4.5, 8]},
			"faces": {
				"north": {"uv": [12, 13, 11, 14], "texture": "#cross"},
				"east": {"uv": [11, 13, 12, 14], "texture": "#cross"},
				"south": {"uv": [12, 13, 11, 14], "texture": "#cross"},
				"west": {"uv": [12, 13, 11, 14], "texture": "#cross"},
				"up": {"uv": [12, 13, 11, 14], "rotation": 90, "texture": "#cross"},
				"down": {"uv": [12, 13, 11, 14], "rotation": 270, "texture": "#cross"}
			}
		},
		{
			"name": "torchflower_crop_stage1_17",
			"from": [7.75, 1, 10.5],
			"to": [8.25, 2, 12.5],
			"rotation": {"angle": 45, "axis": "y", "origin": [8, 4.5, 8]},
			"faces": {
				"north": {"uv": [6, 14, 5, 15], "texture": "#cross"},
				"east": {"uv": [4, 14, 6, 15], "texture": "#cross"},
				"south": {"uv": [5, 14, 4, 15], "texture": "#cross"},
				"west": {"uv": [6, 14, 4, 15], "texture": "#cross"},
				"up": {"uv": [6, 14, 4, 15], "rotation": 90, "texture": "#cross"},
				"down": {"uv": [6, 14, 4, 15], "rotation": 270, "texture": "#cross"}
			}
		},
		{
			"from": [6.5, 7, 6.5],
			"to": [9.5, 9, 9.5],
			"rotation": {"angle": 0, "axis": "y", "origin": [0.5, 0, 0.5]},
			"faces": {
				"north": {"uv": [7, 7, 10, 9], "texture": "#cross"},
				"east": {"uv": [7, 7, 10, 9], "texture": "#cross"},
				"south": {"uv": [7, 7, 10, 9], "texture": "#cross"},
				"west": {"uv": [7, 7, 10, 9], "texture": "#cross"},
				"up": {"uv": [7, 7, 10, 9], "texture": "#cross"},
				"down": {"uv": [7, 7, 10, 9], "texture": "#cross"}
			}
		},
		{
			"from": [7.5, 9, 7.5],
			"to": [8.5, 10, 8.5],
			"rotation": {"angle": 0, "axis": "y", "origin": [0.5, 0, 0.5]},
			"faces": {
				"north": {"uv": [8, 6, 9, 7], "texture": "#cross"},
				"east": {"uv": [8, 6, 9, 7], "texture": "#cross"},
				"south": {"uv": [8, 6, 9, 7], "texture": "#cross"},
				"west": {"uv": [8, 6, 9, 7], "texture": "#cross"},
				"up": {"uv": [8, 6, 9, 7], "texture": "#cross"},
				"down": {"uv": [8, 6, 9, 7], "texture": "#cross"}
			}
		},
		{
			"from": [7.5, 6, 7],
			"to": [9.5, 7, 9],
			"rotation": {"angle": 0, "axis": "y", "origin": [0.5, 0, 0.5]},
			"faces": {
				"north": {"uv": [7, 9, 9, 10], "texture": "#cross"},
				"east": {"uv": [7, 9, 9, 10], "texture": "#cross"},
				"south": {"uv": [7, 9, 9, 10], "texture": "#cross"},
				"west": {"uv": [7, 9, 9, 10], "texture": "#cross"},
				"down": {"uv": [8, 9, 9, 11], "texture": "#cross"}
			}
		}
	],
	"groups": [
		{
			"name": "torchflower_crop_stage1",
			"origin": [8, 8, 8],
			"color": 0,
			"children": [0, 1, 2, 3, 4, 5, 6, 7, 8, 9, 10, 11, 12, 13, 14, 15, 16, 17, 18, 19, 20, 21, 22, 23, 24, 25, 26, 27, 28, 29, 30, 31, 32, 33]
		},
		{
			"name": "group",
			"origin": [0, 0, 0],
			"color": 0,
			"children": [34, 35, 36]
		}
	],
	"corangeit": "Made with Blockbench"
}