{
	"credit": "Made with Blockbench",
	"parent": "minecraft:block/cross",
	"textures": {
		"cross": "block/torchflower_crop_stage0"
	},
	"elements": [
		{
			"name": "torchflower_crop_stage0_0",
			"from": [7.70711, 0, 7],
			"to": [8.70711, 6, 8],
			"rotation": {"angle": 45, "axis": "y", "origin": [8.70711, 2.5, 8]},
			"faces": {
				"north": {"uv": [8, 10, 9, 16], "texture": "#cross"},
				"east": {"uv": [9, 10, 8, 16], "texture": "#cross"},
				"south": {"uv": [9, 10, 8, 16], "texture": "#cross"},
				"west": {"uv": [9, 10, 8, 16], "texture": "#cross"},
				"up": {"uv": [9, 10, 8, 11], "texture": "#cross"},
				"down": {"uv": [9, 15, 8, 16], "texture": "#cross"}
			}
		},
		{
			"name": "torchflower_crop_stage0_1",
			"from": [4.70711, 4, 7.25],
			"to": [5.70711, 5, 7.75],
			"rotation": {"angle": 45, "axis": "y", "origin": [8.70711, 2.5, 8]},
			"faces": {
				"north": {"uv": [11, 11, 12, 12], "texture": "#cross"},
				"east": {"uv": [12, 11, 11, 12], "texture": "#cross"},
				"south": {"uv": [12, 11, 11, 12], "texture": "#cross"},
				"west": {"uv": [12, 11, 11, 12], "texture": "#cross"},
				"up": {"uv": [12, 11, 11, 12], "texture": "#cross"},
				"down": {"uv": [12, 11, 11, 12], "texture": "#cross"}
			}
		},
		{
			"name": "torchflower_crop_stage0_2",
			"from": [10.70711, 3, 7.25],
			"to": [12.70711, 4, 7.75],
			"rotation": {"angle": 45, "axis": "y", "origin": [8.70711, 2.5, 8]},
			"faces": {
				"north": {"uv": [4, 12, 6, 13], "texture": "#cross"},
				"east": {"uv": [5, 12, 4, 13], "texture": "#cross"},
				"south": {"uv": [6, 12, 4, 13], "texture": "#cross"},
				"west": {"uv": [6, 12, 5, 13], "texture": "#cross"},
				"up": {"uv": [6, 12, 4, 13], "texture": "#cross"},
				"down": {"uv": [6, 12, 4, 13], "texture": "#cross"}
			}
		},
		{
			"name": "torchflower_crop_stage0_3",
			"from": [8.70711, 0, 7.25],
			"to": [9.70711, 4, 7.75],
			"rotation": {"angle": 45, "axis": "y", "origin": [8.70711, 2.5, 8]},
			"faces": {
				"north": {"uv": [7, 12, 8, 16], "texture": "#cross"},
				"east": {"uv": [8, 12, 7, 16], "texture": "#cross"},
				"south": {"uv": [8, 12, 7, 16], "texture": "#cross"},
				"west": {"uv": [8, 12, 7, 16], "texture": "#cross"},
				"up": {"uv": [8, 12, 7, 13], "texture": "#cross"},
				"down": {"uv": [8, 15, 7, 16], "texture": "#cross"}
			}
		},
		{
			"name": "torchflower_crop_stage0_4",
			"from": [5.70711, 1, 7.25],
			"to": [6.70711, 4, 7.75],
			"rotation": {"angle": 45, "axis": "y", "origin": [8.70711, 2.5, 8]},
			"faces": {
				"north": {"uv": [10, 12, 11, 15], "texture": "#cross"},
				"east": {"uv": [11, 12, 10, 15], "texture": "#cross"},
				"south": {"uv": [11, 12, 10, 15], "texture": "#cross"},
				"west": {"uv": [11, 12, 10, 15], "texture": "#cross"},
				"up": {"uv": [11, 12, 10, 13], "texture": "#cross"},
				"down": {"uv": [11, 14, 10, 15], "texture": "#cross"}
			}
		},
		{
			"name": "torchflower_crop_stage0_5",
			"from": [9.70711, 1, 7.25],
			"to": [11.70711, 3, 7.75],
			"rotation": {"angle": 45, "axis": "y", "origin": [8.70711, 2.5, 8]},
			"faces": {
				"north": {"uv": [5, 13, 7, 15], "texture": "#cross"},
				"east": {"uv": [6, 13, 5, 15], "texture": "#cross"},
				"south": {"uv": [7, 13, 5, 15], "texture": "#cross"},
				"west": {"uv": [7, 13, 6, 15], "texture": "#cross"},
				"up": {"uv": [7, 13, 5, 14], "texture": "#cross"},
				"down": {"uv": [7, 14, 5, 15], "texture": "#cross"}
			}
		},
		{
			"name": "torchflower_crop_stage0_6",
			"from": [6.70711, 0, 7.25],
			"to": [7.70711, 3, 7.75],
			"rotation": {"angle": 45, "axis": "y", "origin": [8.70711, 2.5, 8]},
			"faces": {
				"north": {"uv": [9, 13, 10, 16], "texture": "#cross"},
				"east": {"uv": [10, 13, 9, 16], "texture": "#cross"},
				"south": {"uv": [10, 13, 9, 16], "texture": "#cross"},
				"west": {"uv": [10, 13, 9, 16], "texture": "#cross"},
				"up": {"uv": [10, 13, 9, 14], "texture": "#cross"},
				"down": {"uv": [10, 15, 9, 16], "texture": "#cross"}
			}
		},
		{
			"name": "torchflower_crop_stage0_7",
			"from": [11.70711, 1, 7.25],
			"to": [12.70711, 2, 7.75],
			"rotation": {"angle": 45, "axis": "y", "origin": [8.70711, 2.5, 8]},
			"faces": {
				"north": {"uv": [4, 14, 5, 15], "texture": "#cross"},
				"east": {"uv": [5, 14, 4, 15], "texture": "#cross"},
				"south": {"uv": [5, 14, 4, 15], "texture": "#cross"},
				"west": {"uv": [5, 14, 4, 15], "texture": "#cross"},
				"up": {"uv": [5, 14, 4, 15], "texture": "#cross"},
				"down": {"uv": [5, 14, 4, 15], "texture": "#cross"}
			}
		},
		{
			"name": "torchflower_crop_stage0_8",
			"from": [4.70711, 1, 7.25],
			"to": [5.70711, 2, 7.75],
			"rotation": {"angle": 45, "axis": "y", "origin": [8.70711, 2.5, 8]},
			"faces": {
				"north": {"uv": [11, 14, 12, 15], "texture": "#cross"},
				"east": {"uv": [12, 14, 11, 15], "texture": "#cross"},
				"south": {"uv": [12, 14, 11, 15], "texture": "#cross"},
				"west": {"uv": [12, 14, 11, 15], "texture": "#cross"},
				"up": {"uv": [12, 14, 11, 15], "texture": "#cross"},
				"down": {"uv": [12, 14, 11, 15], "texture": "#cross"}
			}
		},
		{
			"name": "torchflower_crop_stage0_9",
			"from": [9.70711, 0, 7.25],
			"to": [10.70711, 1, 7.75],
			"rotation": {"angle": 45, "axis": "y", "origin": [8.70711, 2.5, 8]},
			"faces": {
				"north": {"uv": [6, 15, 7, 16], "texture": "#cross"},
				"east": {"uv": [7, 15, 6, 16], "texture": "#cross"},
				"south": {"uv": [7, 15, 6, 16], "texture": "#cross"},
				"west": {"uv": [7, 15, 6, 16], "texture": "#cross"},
				"up": {"uv": [7, 15, 6, 16], "texture": "#cross"},
				"down": {"uv": [7, 15, 6, 16], "texture": "#cross"}
			}
		},
		{
			"name": "torchflower_crop_stage0_2",
			"from": [7.95711, 4, 4],
			"to": [8.45711, 5, 5],
			"rotation": {"angle": 45, "axis": "y", "origin": [8.70711, 2.5, 8]},
			"faces": {
				"north": {"uv": [12, 11, 11, 12], "texture": "#cross"},
				"east": {"uv": [11, 11, 12, 12], "texture": "#cross"},
				"south": {"uv": [12, 11, 11, 12], "texture": "#cross"},
				"west": {"uv": [12, 11, 11, 12], "texture": "#cross"},
				"up": {"uv": [11, 12, 12, 11], "rotation": 270, "texture": "#cross"},
				"down": {"uv": [11, 12, 12, 11], "rotation": 90, "texture": "#cross"}
			}
		},
		{
			"name": "torchflower_crop_stage0_3",
			"from": [7.95711, 3, 10],
			"to": [8.45711, 4, 12],
			"rotation": {"angle": 45, "axis": "y", "origin": [8.70711, 2.5, 8]},
			"faces": {
				"north": {"uv": [6, 12, 5, 13], "texture": "#cross"},
				"east": {"uv": [4, 12, 6, 13], "texture": "#cross"},
				"south": {"uv": [5, 12, 4, 13], "texture": "#cross"},
				"west": {"uv": [6, 12, 4, 13], "texture": "#cross"},
				"up": {"uv": [4, 13, 6, 12], "rotation": 270, "texture": "#cross"},
				"down": {"uv": [4, 13, 6, 12], "rotation": 90, "texture": "#cross"}
			}
		},
		{
			"name": "torchflower_crop_stage0_4",
			"from": [7.95711, 0, 8],
			"to": [8.45711, 4, 9],
			"rotation": {"angle": 45, "axis": "y", "origin": [8.70711, 2.5, 8]},
			"faces": {
				"north": {"uv": [8, 12, 7, 16], "texture": "#cross"},
				"east": {"uv": [7, 12, 8, 16], "texture": "#cross"},
				"south": {"uv": [8, 12, 7, 16], "texture": "#cross"},
				"west": {"uv": [8, 12, 7, 16], "texture": "#cross"},
				"up": {"uv": [7, 13, 8, 12], "rotation": 270, "texture": "#cross"},
				"down": {"uv": [7, 16, 8, 15], "rotation": 90, "texture": "#cross"}
			}
		},
		{
			"name": "torchflower_crop_stage0_5",
			"from": [7.95711, 1, 5],
			"to": [8.45711, 4, 6],
			"rotation": {"angle": 45, "axis": "y", "origin": [8.70711, 2.5, 8]},
			"faces": {
				"north": {"uv": [11, 12, 10, 15], "texture": "#cross"},
				"east": {"uv": [10, 12, 11, 15], "texture": "#cross"},
				"south": {"uv": [11, 12, 10, 15], "texture": "#cross"},
				"west": {"uv": [11, 12, 10, 15], "texture": "#cross"},
				"up": {"uv": [10, 13, 11, 12], "rotation": 270, "texture": "#cross"},
				"down": {"uv": [10, 15, 11, 14], "rotation": 90, "texture": "#cross"}
			}
		},
		{
			"name": "torchflower_crop_stage0_6",
			"from": [7.95711, 1, 9],
			"to": [8.45711, 3, 11],
			"rotation": {"angle": 45, "axis": "y", "origin": [8.70711, 2.5, 8]},
			"faces": {
				"north": {"uv": [7, 13, 6, 15], "texture": "#cross"},
				"east": {"uv": [5, 13, 7, 15], "texture": "#cross"},
				"south": {"uv": [6, 13, 5, 15], "texture": "#cross"},
				"west": {"uv": [7, 13, 5, 15], "texture": "#cross"},
				"up": {"uv": [5, 14, 7, 13], "rotation": 270, "texture": "#cross"},
				"down": {"uv": [5, 15, 7, 14], "rotation": 90, "texture": "#cross"}
			}
		},
		{
			"name": "torchflower_crop_stage0_7",
			"from": [7.95711, 0, 6],
			"to": [8.45711, 3, 7],
			"rotation": {"angle": 45, "axis": "y", "origin": [8.70711, 2.5, 8]},
			"faces": {
				"north": {"uv": [10, 13, 9, 16], "texture": "#cross"},
				"east": {"uv": [9, 13, 10, 16], "texture": "#cross"},
				"south": {"uv": [10, 13, 9, 16], "texture": "#cross"},
				"west": {"uv": [10, 13, 9, 16], "texture": "#cross"},
				"up": {"uv": [9, 14, 10, 13], "rotation": 270, "texture": "#cross"},
				"down": {"uv": [9, 16, 10, 15], "rotation": 90, "texture": "#cross"}
			}
		},
		{
			"name": "torchflower_crop_stage0_8",
			"from": [7.95711, 1, 11],
			"to": [8.45711, 2, 12],
			"rotation": {"angle": 45, "axis": "y", "origin": [8.70711, 2.5, 8]},
			"faces": {
				"north": {"uv": [5, 14, 4, 15], "texture": "#cross"},
				"east": {"uv": [4, 14, 5, 15], "texture": "#cross"},
				"south": {"uv": [5, 14, 4, 15], "texture": "#cross"},
				"west": {"uv": [5, 14, 4, 15], "texture": "#cross"},
				"up": {"uv": [4, 15, 5, 14], "rotation": 270, "texture": "#cross"},
				"down": {"uv": [4, 15, 5, 14], "rotation": 90, "texture": "#cross"}
			}
		},
		{
			"name": "torchflower_crop_stage0_9",
			"from": [7.95711, 1, 4],
			"to": [8.45711, 2, 5],
			"rotation": {"angle": 45, "axis": "y", "origin": [8.70711, 2.5, 8]},
			"faces": {
				"north": {"uv": [12, 14, 11, 15], "texture": "#cross"},
				"east": {"uv": [11, 14, 12, 15], "texture": "#cross"},
				"south": {"uv": [12, 14, 11, 15], "texture": "#cross"},
				"west": {"uv": [12, 14, 11, 15], "texture": "#cross"},
				"up": {"uv": [11, 15, 12, 14], "rotation": 270, "texture": "#cross"},
				"down": {"uv": [11, 15, 12, 14], "rotation": 90, "texture": "#cross"}
			}
		},
		{
			"name": "torchflower_crop_stage0_10",
			"from": [7.95711, 0, 9],
			"to": [8.45711, 1, 10],
			"rotation": {"angle": 45, "axis": "y", "origin": [8.70711, 2.5, 8]},
			"faces": {
				"north": {"uv": [7, 15, 6, 16], "texture": "#cross"},
				"east": {"uv": [6, 15, 7, 16], "texture": "#cross"},
				"south": {"uv": [7, 15, 6, 16], "texture": "#cross"},
				"west": {"uv": [7, 15, 6, 16], "texture": "#cross"},
				"up": {"uv": [6, 16, 7, 15], "rotation": 270, "texture": "#cross"},
				"down": {"uv": [6, 16, 7, 15], "rotation": 90, "texture": "#cross"}
			}
		}
	],
	"groups": [
		{
			"name": "torchflower_crop_stage0",
			"origin": [8, 8, 8],
			"color": 0,
			"children": [0, 1, 2, 3, 4, 5, 6, 7, 8, 9, 10, 11, 12, 13, 14, 15, 16, 17, 18]
		}
	],
	"corangeit": "Made with Blockbench"
}