{
	"credit": "LynusCorridor6942",
	"textures": {
		"1": "block/enchanting_table_top",
		"2": "block/enchanting_table_side",
		"3": "block/enchanting_table_bottom",
		"4": "block/recipe_book",
		"5": "block/lapis_lazuli",
		"particle": "block/recipe_book"
	},
	"elements": [
		{
			"from": [0, 0, 0],
			"to": [16, 1.1, 16],
			"rotation": {"angle": 0, "axis": "y", "origin": [0, 1, 0]},
			"faces": {
				"north": {"uv": [0, 2, 16, 3], "texture": "#3"},
				"east": {"uv": [0, 8, 16, 9], "texture": "#3"},
				"south": {"uv": [0, 8, 16, 9], "texture": "#3"},
				"west": {"uv": [0, 0, 16, 1], "texture": "#3"},
				"up": {"uv": [0, 0, 16, 16], "texture": "#3"},
				"down": {"uv": [0, 0, 16, 16], "texture": "#3"}
			}
		},
		{
			"from": [3, 2, 3],
			"to": [13, 3, 13],
			"rotation": {"angle": 0, "axis": "y", "origin": [0, 1, 0]},
			"faces": {
				"north": {"uv": [3, 12, 13, 13], "texture": "#3"},
				"east": {"uv": [12, 3, 13, 13], "rotation": 90, "texture": "#3"},
				"south": {"uv": [3, 3, 13, 4], "texture": "#3"},
				"west": {"uv": [3, 3, 4, 13], "rotation": 90, "texture": "#3"},
				"up": {"uv": [3, 3, 13, 13], "texture": "#3"},
				"down": {"uv": [1, 1, 15, 15], "texture": "#3"}
			}
		},
		{
			"from": [2, 1, 2],
			"to": [14, 2, 14],
			"rotation": {"angle": 0, "axis": "y", "origin": [0, 1, 0]},
			"faces": {
				"north": {"uv": [2, 2, 14, 3], "texture": "#3"},
				"east": {"uv": [2, 2, 3, 14], "rotation": 90, "texture": "#3"},
				"south": {"uv": [2, 13, 14, 14], "texture": "#3"},
				"west": {"uv": [13, 2, 14, 14], "rotation": 90, "texture": "#3"},
				"up": {"uv": [2, 2, 14, 14], "texture": "#3"},
				"down": {"uv": [2, 2, 14, 14], "rotation": 270, "texture": "#3"}
			}
		},
		{
			"from": [5, 3, 5],
			"to": [11, 13, 11],
			"rotation": {"angle": 0, "axis": "y", "origin": [0, 1, 0]},
			"faces": {
				"north": {"uv": [3, 2, 9, 12], "texture": "#3"},
				"east": {"uv": [6, 2, 12, 12], "texture": "#3"},
				"south": {"uv": [0, 2, 6, 12], "texture": "#3"},
				"west": {"uv": [10, 2, 16, 12], "texture": "#3"},
				"up": {"uv": [0, 0, 6, 6], "texture": "#3"},
				"down": {"uv": [10, 7, 16, 13], "texture": "#3"}
			}
		},
		{
			"from": [0, 12.25, 0],
			"to": [16, 13.25, 16],
			"rotation": {"angle": 0, "axis": "y", "origin": [0, 1, 0]},
			"faces": {
				"north": {"uv": [0, 0, 16, 1], "texture": "#1"},
				"east": {"uv": [0, 0, 16, 1], "texture": "#1"},
				"south": {"uv": [0, 0, 16, 1], "texture": "#1"},
				"west": {"uv": [0, 0, 16, 1], "texture": "#1"},
				"up": {"uv": [0, 0, 16, 16], "texture": "#1"},
				"down": {"uv": [0, 0, 16, 16], "texture": "#3"}
			}
		},
		{
			"from": [0, 13.25, 6],
			"to": [0, 14.25, 10],
			"rotation": {"angle": 0, "axis": "y", "origin": [0, 1, 0]},
			"faces": {
				"north": {"uv": [0, 0, 1, 1], "texture": "#missing"},
				"east": {"uv": [6, 3, 10, 4], "texture": "#2"},
				"south": {"uv": [0, 0, 1, 1], "texture": "#missing"},
				"west": {"uv": [6, 3, 10, 4], "texture": "#2"},
				"up": {"uv": [0, 0, 1, 1], "rotation": 90, "texture": "#missing"},
				"down": {"uv": [0, 0, 1, 1], "rotation": 270, "texture": "#missing"}
			}
		},
		{
			"from": [0, 13.25, 11],
			"to": [0, 14.25, 12],
			"rotation": {"angle": 0, "axis": "y", "origin": [0, 1, 0]},
			"faces": {
				"north": {"uv": [0, 0, 1, 1], "texture": "#missing"},
				"east": {"uv": [4, 3, 5, 4], "texture": "#2"},
				"south": {"uv": [0, 0, 1, 1], "texture": "#missing"},
				"west": {"uv": [4, 3, 5, 4], "texture": "#2"},
				"up": {"uv": [0, 0, 1, 1], "rotation": 90, "texture": "#missing"},
				"down": {"uv": [0, 0, 1, 1], "rotation": 270, "texture": "#missing"}
			}
		},
		{
			"from": [0, 13.25, 4],
			"to": [0, 14.25, 5],
			"rotation": {"angle": 0, "axis": "y", "origin": [0, 1, 0]},
			"faces": {
				"north": {"uv": [0, 0, 1, 1], "texture": "#missing"},
				"east": {"uv": [4, 3, 5, 4], "texture": "#2"},
				"south": {"uv": [0, 0, 1, 1], "texture": "#missing"},
				"west": {"uv": [4, 3, 5, 4], "texture": "#2"},
				"up": {"uv": [0, 0, 1, 1], "rotation": 90, "texture": "#missing"},
				"down": {"uv": [0, 0, 1, 1], "rotation": 270, "texture": "#missing"}
			}
		},
		{
			"from": [0, 14.25, 7],
			"to": [0, 15.25, 9],
			"rotation": {"angle": 0, "axis": "y", "origin": [0, 1, 0]},
			"faces": {
				"north": {"uv": [0, 0, 1, 1], "texture": "#missing"},
				"east": {"uv": [7, 2, 9, 3], "texture": "#2"},
				"south": {"uv": [0, 0, 1, 1], "texture": "#missing"},
				"west": {"uv": [7, 2, 9, 3], "texture": "#2"},
				"up": {"uv": [0, 0, 1, 1], "rotation": 90, "texture": "#missing"},
				"down": {"uv": [0, 0, 1, 1], "rotation": 270, "texture": "#missing"}
			}
		},
		{
			"from": [16, 13.25, 11],
			"to": [16, 14.25, 12],
			"rotation": {"angle": 0, "axis": "y", "origin": [0, 1, 0]},
			"faces": {
				"north": {"uv": [0, 0, 1, 1], "texture": "#missing"},
				"east": {"uv": [4, 3, 5, 4], "texture": "#2"},
				"south": {"uv": [0, 0, 1, 1], "texture": "#missing"},
				"west": {"uv": [4, 3, 5, 4], "texture": "#2"},
				"up": {"uv": [0, 0, 1, 1], "rotation": 90, "texture": "#missing"},
				"down": {"uv": [0, 0, 1, 1], "rotation": 270, "texture": "#missing"}
			}
		},
		{
			"from": [16, 14.25, 7],
			"to": [16, 15.25, 9],
			"rotation": {"angle": 0, "axis": "y", "origin": [0, 1, 0]},
			"faces": {
				"north": {"uv": [0, 0, 1, 1], "texture": "#missing"},
				"east": {"uv": [7, 2, 9, 3], "texture": "#2"},
				"south": {"uv": [0, 0, 1, 1], "texture": "#missing"},
				"west": {"uv": [7, 2, 9, 3], "texture": "#2"},
				"up": {"uv": [0, 0, 1, 1], "rotation": 90, "texture": "#missing"},
				"down": {"uv": [0, 0, 1, 1], "rotation": 270, "texture": "#missing"}
			}
		},
		{
			"from": [16, 13.25, 6],
			"to": [16, 14.25, 10],
			"rotation": {"angle": 0, "axis": "y", "origin": [0, 1, 0]},
			"faces": {
				"north": {"uv": [0, 0, 1, 1], "texture": "#missing"},
				"east": {"uv": [6, 3, 10, 4], "texture": "#2"},
				"south": {"uv": [0, 0, 1, 1], "texture": "#missing"},
				"west": {"uv": [6, 3, 10, 4], "texture": "#2"},
				"up": {"uv": [0, 0, 1, 1], "rotation": 90, "texture": "#missing"},
				"down": {"uv": [0, 0, 1, 1], "rotation": 270, "texture": "#missing"}
			}
		},
		{
			"from": [16, 13.25, 4],
			"to": [16, 14.25, 5],
			"rotation": {"angle": 0, "axis": "y", "origin": [0, 1, 0]},
			"faces": {
				"north": {"uv": [0, 0, 1, 1], "texture": "#missing"},
				"east": {"uv": [4, 3, 5, 4], "texture": "#2"},
				"south": {"uv": [0, 0, 1, 1], "texture": "#missing"},
				"west": {"uv": [4, 3, 5, 4], "texture": "#2"},
				"up": {"uv": [0, 0, 1, 1], "rotation": 90, "texture": "#missing"},
				"down": {"uv": [0, 0, 1, 1], "rotation": 270, "texture": "#missing"}
			}
		},
		{
			"from": [4, 13.25, 16],
			"to": [5, 14.25, 16],
			"rotation": {"angle": 0, "axis": "y", "origin": [8, 12.75, 8]},
			"faces": {
				"north": {"uv": [4, 3, 5, 4], "texture": "#2"},
				"east": {"uv": [0, 0, 1, 1], "texture": "#missing"},
				"south": {"uv": [4, 3, 5, 4], "texture": "#2"},
				"west": {"uv": [0, 0, 1, 1], "texture": "#missing"},
				"up": {"uv": [0, 0, 1, 1], "rotation": 180, "texture": "#missing"},
				"down": {"uv": [0, 0, 1, 1], "rotation": 180, "texture": "#missing"}
			}
		},
		{
			"from": [7, 14.25, 16],
			"to": [9, 15.25, 16],
			"rotation": {"angle": 0, "axis": "y", "origin": [8, 12.75, 8]},
			"faces": {
				"north": {"uv": [7, 2, 9, 3], "texture": "#2"},
				"east": {"uv": [0, 0, 1, 1], "texture": "#missing"},
				"south": {"uv": [7, 2, 9, 3], "texture": "#2"},
				"west": {"uv": [0, 0, 1, 1], "texture": "#missing"},
				"up": {"uv": [0, 0, 1, 1], "rotation": 180, "texture": "#missing"},
				"down": {"uv": [0, 0, 1, 1], "rotation": 180, "texture": "#missing"}
			}
		},
		{
			"from": [6, 13.25, 16],
			"to": [10, 14.25, 16],
			"rotation": {"angle": 0, "axis": "y", "origin": [8, 12.75, 8]},
			"faces": {
				"north": {"uv": [6, 3, 10, 4], "texture": "#2"},
				"east": {"uv": [0, 0, 1, 1], "texture": "#missing"},
				"south": {"uv": [6, 3, 10, 4], "texture": "#2"},
				"west": {"uv": [0, 0, 1, 1], "texture": "#missing"},
				"up": {"uv": [0, 0, 1, 1], "rotation": 180, "texture": "#missing"},
				"down": {"uv": [0, 0, 1, 1], "rotation": 180, "texture": "#missing"}
			}
		},
		{
			"from": [11, 13.25, 16],
			"to": [12, 14.25, 16],
			"rotation": {"angle": 0, "axis": "y", "origin": [8, 12.75, 8]},
			"faces": {
				"north": {"uv": [4, 3, 5, 4], "texture": "#2"},
				"east": {"uv": [0, 0, 1, 1], "texture": "#missing"},
				"south": {"uv": [4, 3, 5, 4], "texture": "#2"},
				"west": {"uv": [0, 0, 1, 1], "texture": "#missing"},
				"up": {"uv": [0, 0, 1, 1], "rotation": 180, "texture": "#missing"},
				"down": {"uv": [0, 0, 1, 1], "rotation": 180, "texture": "#missing"}
			}
		},
		{
			"from": [7, 14.25, 0],
			"to": [9, 15.25, 0],
			"rotation": {"angle": 0, "axis": "y", "origin": [8, 12.75, 8]},
			"faces": {
				"north": {"uv": [7, 2, 9, 3], "texture": "#2"},
				"east": {"uv": [0, 0, 1, 1], "texture": "#missing"},
				"south": {"uv": [7, 2, 9, 3], "texture": "#2"},
				"west": {"uv": [0, 0, 1, 1], "texture": "#missing"},
				"up": {"uv": [0, 0, 1, 1], "rotation": 180, "texture": "#missing"},
				"down": {"uv": [0, 0, 1, 1], "rotation": 180, "texture": "#missing"}
			}
		},
		{
			"from": [6, 13.25, 0],
			"to": [10, 14.25, 0],
			"rotation": {"angle": 0, "axis": "y", "origin": [8, 12.75, 8]},
			"faces": {
				"north": {"uv": [6, 3, 10, 4], "texture": "#2"},
				"east": {"uv": [0, 0, 1, 1], "texture": "#missing"},
				"south": {"uv": [6, 3, 10, 4], "texture": "#2"},
				"west": {"uv": [0, 0, 1, 1], "texture": "#missing"},
				"up": {"uv": [0, 0, 1, 1], "rotation": 180, "texture": "#missing"},
				"down": {"uv": [0, 0, 1, 1], "rotation": 180, "texture": "#missing"}
			}
		},
		{
			"from": [11, 13.25, 0],
			"to": [12, 14.25, 0],
			"rotation": {"angle": 0, "axis": "y", "origin": [8, 12.75, 8]},
			"faces": {
				"north": {"uv": [4, 3, 5, 4], "texture": "#2"},
				"east": {"uv": [0, 0, 1, 1], "texture": "#missing"},
				"south": {"uv": [4, 3, 5, 4], "texture": "#2"},
				"west": {"uv": [0, 0, 1, 1], "texture": "#missing"},
				"up": {"uv": [0, 0, 1, 1], "rotation": 180, "texture": "#missing"},
				"down": {"uv": [0, 0, 1, 1], "rotation": 180, "texture": "#missing"}
			}
		},
		{
			"from": [4, 13.25, 0],
			"to": [5, 14.25, 0],
			"rotation": {"angle": 0, "axis": "y", "origin": [8, 12.75, 8]},
			"faces": {
				"north": {"uv": [4, 3, 5, 4], "texture": "#2"},
				"east": {"uv": [0, 0, 1, 1], "texture": "#missing"},
				"south": {"uv": [4, 3, 5, 4], "texture": "#2"},
				"west": {"uv": [0, 0, 1, 1], "texture": "#missing"},
				"up": {"uv": [0, 0, 1, 1], "rotation": 180, "texture": "#missing"},
				"down": {"uv": [0, 0, 1, 1], "rotation": 180, "texture": "#missing"}
			}
		},
		{
			"from": [0, 9.25, 0],
			"to": [4, 12.25, 4],
			"rotation": {"angle": 0, "axis": "y", "origin": [0, 1, 0]},
			"faces": {
				"north": {"uv": [0, 4, 3, 8], "rotation": 90, "texture": "#2"},
				"east": {"uv": [0, 4, 4, 7], "texture": "#2"},
				"south": {"uv": [0, 4, 4, 7], "texture": "#2"},
				"west": {"uv": [0, 4, 4, 7], "texture": "#2"},
				"up": {"uv": [12, 1, 13, 2], "texture": "#2"},
				"down": {"uv": [0, 4, 4, 7], "texture": "#2"}
			}
		},
		{
			"from": [12, 9.25, 0],
			"to": [16, 12.25, 4],
			"rotation": {"angle": 0, "axis": "y", "origin": [14, 9.5, -2]},
			"faces": {
				"north": {"uv": [0, 4, 4, 7], "texture": "#2"},
				"east": {"uv": [0, 4, 3, 8], "rotation": 90, "texture": "#2"},
				"south": {"uv": [0, 4, 4, 7], "texture": "#2"},
				"west": {"uv": [0, 4, 4, 7], "texture": "#2"},
				"up": {"uv": [12, 1, 13, 2], "rotation": 90, "texture": "#2"},
				"down": {"uv": [0, 4, 4, 7], "rotation": 270, "texture": "#2"}
			}
		},
		{
			"from": [0, 9.25, 12],
			"to": [4, 12.25, 16],
			"rotation": {"angle": 0, "axis": "y", "origin": [2, 9.5, 24]},
			"faces": {
				"north": {"uv": [0, 4, 4, 7], "texture": "#2"},
				"east": {"uv": [0, 4, 4, 7], "texture": "#2"},
				"south": {"uv": [0, 4, 4, 7], "texture": "#2"},
				"west": {"uv": [0, 4, 3, 8], "rotation": 90, "texture": "#2"},
				"up": {"uv": [12, 1, 13, 2], "rotation": 270, "texture": "#2"},
				"down": {"uv": [0, 4, 4, 7], "rotation": 90, "texture": "#2"}
			}
		},
		{
			"from": [12, 9.25, 12],
			"to": [16, 12.25, 16],
			"rotation": {"angle": 0, "axis": "y", "origin": [14, 9.5, 24]},
			"faces": {
				"north": {"uv": [0, 4, 4, 7], "texture": "#2"},
				"east": {"uv": [0, 4, 4, 7], "texture": "#2"},
				"south": {"uv": [0, 4, 3, 8], "rotation": 90, "texture": "#2"},
				"west": {"uv": [0, 4, 4, 7], "texture": "#2"},
				"up": {"uv": [12, 1, 13, 2], "rotation": 180, "texture": "#2"},
				"down": {"uv": [0, 4, 4, 7], "rotation": 180, "texture": "#2"}
			}
		},
		{
			"from": [0, 7.25, 4],
			"to": [0, 12.25, 12],
			"rotation": {"angle": 0, "axis": "y", "origin": [0, 1, 0]},
			"faces": {
				"north": {"uv": [0, 0, 1, 1], "texture": "#missing"},
				"east": {"uv": [4, 4, 12, 9], "texture": "#2"},
				"south": {"uv": [4, 4, 12, 9], "texture": "#2"},
				"west": {"uv": [4, 4, 12, 9], "texture": "#2"},
				"up": {"uv": [0, 0, 1, 1], "texture": "#missing"},
				"down": {"uv": [0, 0, 1, 1], "texture": "#missing"}
			}
		},
		{
			"from": [0, 6.25, 5],
			"to": [0, 7.25, 11],
			"rotation": {"angle": 0, "axis": "y", "origin": [0, 1, 0]},
			"faces": {
				"north": {"uv": [0, 0, 1, 1], "texture": "#missing"},
				"east": {"uv": [5, 9, 11, 10], "texture": "#2"},
				"south": {"uv": [4, 4, 12, 9], "texture": "#2"},
				"west": {"uv": [5, 9, 11, 10], "texture": "#2"},
				"up": {"uv": [0, 0, 1, 1], "texture": "#missing"},
				"down": {"uv": [0, 0, 1, 1], "texture": "#missing"}
			}
		},
		{
			"from": [0, 5.25, 6],
			"to": [0, 6.25, 10],
			"rotation": {"angle": 0, "axis": "y", "origin": [0, 1, 0]},
			"faces": {
				"north": {"uv": [0, 0, 1, 1], "texture": "#missing"},
				"east": {"uv": [6, 10, 10, 11], "texture": "#2"},
				"south": {"uv": [4, 4, 12, 9], "texture": "#2"},
				"west": {"uv": [6, 10, 10, 11], "texture": "#2"},
				"up": {"uv": [0, 0, 1, 1], "texture": "#missing"},
				"down": {"uv": [0, 0, 1, 1], "texture": "#missing"}
			}
		},
		{
			"from": [0, 4.25, 7],
			"to": [0, 5.25, 9],
			"rotation": {"angle": 0, "axis": "y", "origin": [0, 1, 0]},
			"faces": {
				"north": {"uv": [0, 0, 1, 1], "texture": "#missing"},
				"east": {"uv": [7, 11, 9, 12], "texture": "#2"},
				"south": {"uv": [4, 4, 12, 9], "texture": "#2"},
				"west": {"uv": [7, 11, 9, 12], "texture": "#2"},
				"up": {"uv": [0, 0, 1, 1], "texture": "#missing"},
				"down": {"uv": [0, 0, 1, 1], "texture": "#missing"}
			}
		},
		{
			"from": [4, 7.25, 0],
			"to": [12, 12.25, 0],
			"rotation": {"angle": 0, "axis": "y", "origin": [8, 5.5, 8]},
			"faces": {
				"north": {"uv": [4, 4, 12, 9], "texture": "#2"},
				"east": {"uv": [0, 0, 1, 1], "texture": "#missing"},
				"south": {"uv": [4, 4, 12, 9], "texture": "#2"},
				"west": {"uv": [4, 4, 12, 9], "texture": "#2"},
				"up": {"uv": [0, 0, 1, 1], "rotation": 90, "texture": "#missing"},
				"down": {"uv": [0, 0, 1, 1], "rotation": 270, "texture": "#missing"}
			}
		},
		{
			"from": [5, 6.25, 0],
			"to": [11, 7.25, 0],
			"rotation": {"angle": 0, "axis": "y", "origin": [8, 5.5, 8]},
			"faces": {
				"north": {"uv": [5, 9, 11, 10], "texture": "#2"},
				"east": {"uv": [0, 0, 1, 1], "texture": "#missing"},
				"south": {"uv": [5, 9, 11, 10], "texture": "#2"},
				"west": {"uv": [4, 4, 12, 9], "texture": "#2"},
				"up": {"uv": [0, 0, 1, 1], "rotation": 90, "texture": "#missing"},
				"down": {"uv": [0, 0, 1, 1], "rotation": 270, "texture": "#missing"}
			}
		},
		{
			"from": [6, 5.25, 0],
			"to": [10, 6.25, 0],
			"rotation": {"angle": 0, "axis": "y", "origin": [8, 5.5, 8]},
			"faces": {
				"north": {"uv": [6, 10, 10, 11], "texture": "#2"},
				"east": {"uv": [0, 0, 1, 1], "texture": "#missing"},
				"south": {"uv": [6, 10, 10, 11], "texture": "#2"},
				"west": {"uv": [4, 4, 12, 9], "texture": "#2"},
				"up": {"uv": [0, 0, 1, 1], "rotation": 90, "texture": "#missing"},
				"down": {"uv": [0, 0, 1, 1], "rotation": 270, "texture": "#missing"}
			}
		},
		{
			"from": [7, 4.25, 0],
			"to": [9, 5.25, 0],
			"rotation": {"angle": 0, "axis": "y", "origin": [8, 5.5, 8]},
			"faces": {
				"north": {"uv": [7, 11, 9, 12], "texture": "#2"},
				"east": {"uv": [0, 0, 1, 1], "texture": "#missing"},
				"south": {"uv": [7, 11, 9, 12], "texture": "#2"},
				"west": {"uv": [4, 4, 12, 9], "texture": "#2"},
				"up": {"uv": [0, 0, 1, 1], "rotation": 90, "texture": "#missing"},
				"down": {"uv": [0, 0, 1, 1], "rotation": 270, "texture": "#missing"}
			}
		},
		{
			"from": [16, 7.25, 4],
			"to": [16, 12.25, 12],
			"rotation": {"angle": 0, "axis": "y", "origin": [0, 1, 0]},
			"faces": {
				"north": {"uv": [0, 0, 1, 1], "texture": "#missing"},
				"east": {"uv": [4, 4, 12, 9], "texture": "#2"},
				"south": {"uv": [4, 4, 12, 9], "texture": "#2"},
				"west": {"uv": [4, 4, 12, 9], "texture": "#2"},
				"up": {"uv": [0, 0, 1, 1], "texture": "#missing"},
				"down": {"uv": [0, 0, 1, 1], "texture": "#missing"}
			}
		},
		{
			"from": [16, 6.25, 5],
			"to": [16, 7.25, 11],
			"rotation": {"angle": 0, "axis": "y", "origin": [0, 1, 0]},
			"faces": {
				"north": {"uv": [0, 0, 1, 1], "texture": "#missing"},
				"east": {"uv": [5, 9, 11, 10], "texture": "#2"},
				"south": {"uv": [4, 4, 12, 9], "texture": "#2"},
				"west": {"uv": [5, 9, 11, 10], "texture": "#2"},
				"up": {"uv": [0, 0, 1, 1], "texture": "#missing"},
				"down": {"uv": [0, 0, 1, 1], "texture": "#missing"}
			}
		},
		{
			"from": [16, 5.25, 6],
			"to": [16, 6.25, 10],
			"rotation": {"angle": 0, "axis": "y", "origin": [0, 1, 0]},
			"faces": {
				"north": {"uv": [0, 0, 1, 1], "texture": "#missing"},
				"east": {"uv": [6, 10, 10, 11], "texture": "#2"},
				"south": {"uv": [4, 4, 12, 9], "texture": "#2"},
				"west": {"uv": [6, 10, 10, 11], "texture": "#2"},
				"up": {"uv": [0, 0, 1, 1], "texture": "#missing"},
				"down": {"uv": [0, 0, 1, 1], "texture": "#missing"}
			}
		},
		{
			"from": [16, 4.25, 7],
			"to": [16, 5.25, 9],
			"rotation": {"angle": 0, "axis": "y", "origin": [0, 1, 0]},
			"faces": {
				"north": {"uv": [0, 0, 1, 1], "texture": "#missing"},
				"east": {"uv": [7, 11, 9, 12], "texture": "#2"},
				"south": {"uv": [4, 4, 12, 9], "texture": "#2"},
				"west": {"uv": [7, 11, 9, 12], "texture": "#2"},
				"up": {"uv": [0, 0, 1, 1], "texture": "#missing"},
				"down": {"uv": [0, 0, 1, 1], "texture": "#missing"}
			}
		},
		{
			"from": [4, 7.25, 16],
			"to": [12, 12.25, 16],
			"rotation": {"angle": 0, "axis": "y", "origin": [8, 5.5, 8]},
			"faces": {
				"north": {"uv": [4, 4, 12, 9], "texture": "#2"},
				"east": {"uv": [0, 0, 1, 1], "texture": "#missing"},
				"south": {"uv": [4, 4, 12, 9], "texture": "#2"},
				"west": {"uv": [4, 4, 12, 9], "texture": "#2"},
				"up": {"uv": [0, 0, 1, 1], "rotation": 90, "texture": "#missing"},
				"down": {"uv": [0, 0, 1, 1], "rotation": 270, "texture": "#missing"}
			}
		},
		{
			"from": [5, 6.25, 16],
			"to": [11, 7.25, 16],
			"rotation": {"angle": 0, "axis": "y", "origin": [8, 5.5, 8]},
			"faces": {
				"north": {"uv": [5, 9, 11, 10], "texture": "#2"},
				"east": {"uv": [0, 0, 1, 1], "texture": "#missing"},
				"south": {"uv": [5, 9, 11, 10], "texture": "#2"},
				"west": {"uv": [4, 4, 12, 9], "texture": "#2"},
				"up": {"uv": [0, 0, 1, 1], "rotation": 90, "texture": "#missing"},
				"down": {"uv": [0, 0, 1, 1], "rotation": 270, "texture": "#missing"}
			}
		},
		{
			"from": [6, 5.25, 16],
			"to": [10, 6.25, 16],
			"rotation": {"angle": 0, "axis": "y", "origin": [8, 5.5, 8]},
			"faces": {
				"north": {"uv": [6, 10, 10, 11], "texture": "#2"},
				"east": {"uv": [0, 0, 1, 1], "texture": "#missing"},
				"south": {"uv": [6, 10, 10, 11], "texture": "#2"},
				"west": {"uv": [4, 4, 12, 9], "texture": "#2"},
				"up": {"uv": [0, 0, 1, 1], "rotation": 90, "texture": "#missing"},
				"down": {"uv": [0, 0, 1, 1], "rotation": 270, "texture": "#missing"}
			}
		},
		{
			"from": [7, 4.25, 16],
			"to": [9, 5.25, 16],
			"rotation": {"angle": 0, "axis": "y", "origin": [8, 5.5, 8]},
			"faces": {
				"north": {"uv": [7, 11, 9, 12], "texture": "#2"},
				"east": {"uv": [0, 0, 1, 1], "texture": "#missing"},
				"south": {"uv": [7, 11, 9, 12], "texture": "#2"},
				"west": {"uv": [4, 4, 12, 9], "texture": "#2"},
				"up": {"uv": [0, 0, 1, 1], "rotation": 90, "texture": "#missing"},
				"down": {"uv": [0, 0, 1, 1], "rotation": 270, "texture": "#missing"}
			}
		},
		{
			"from": [0, 13, 1],
			"to": [2, 14, 4],
			"rotation": {"angle": 0, "axis": "y", "origin": [0, -2, 0]},
			"faces": {
				"north": {"uv": [0, 13, 16, 16], "rotation": 180, "texture": "#4"},
				"east": {"uv": [12, 0, 16, 16], "texture": "#4"},
				"south": {"uv": [0, 13, 16, 16], "texture": "#4"},
				"west": {"uv": [0, 0, 4, 16], "texture": "#4"},
				"up": {"uv": [0, 0, 16, 12], "texture": "#4"},
				"down": {"uv": [0, 0, 16, 12], "texture": "#4"}
			}
		},
		{
			"from": [1.5, 14, 2.5],
			"to": [4.5, 15, 4.5],
			"rotation": {"angle": 0, "axis": "y", "origin": [4, 13.5, 4.5]},
			"faces": {
				"north": {"uv": [0, 0, 4, 16], "texture": "#4"},
				"east": {"uv": [0, 13, 16, 16], "rotation": 180, "texture": "#4"},
				"south": {"uv": [12, 0, 16, 16], "texture": "#4"},
				"west": {"uv": [0, 13, 16, 16], "texture": "#4"},
				"up": {"uv": [0, 0, 16, 12], "rotation": 90, "texture": "#4"},
				"down": {"uv": [0, 0, 16, 12], "rotation": 270, "texture": "#4"}
			}
		},
		{
			"from": [2.5, 13, 3.5],
			"to": [5.5, 14, 5.5],
			"rotation": {"angle": -22.5, "axis": "y", "origin": [4, 13.5, 4.5]},
			"faces": {
				"north": {"uv": [0, 0, 4, 16], "texture": "#4"},
				"east": {"uv": [0, 13, 16, 16], "rotation": 180, "texture": "#4"},
				"south": {"uv": [12, 0, 16, 16], "texture": "#4"},
				"west": {"uv": [0, 13, 16, 16], "texture": "#4"},
				"up": {"uv": [0, 0, 16, 12], "rotation": 90, "texture": "#4"},
				"down": {"uv": [0, 0, 16, 12], "rotation": 270, "texture": "#4"}
			}
		},
		{
			"from": [3.5, 13, 0.75],
			"to": [6.5, 14, 2.75],
			"rotation": {"angle": 22.5, "axis": "y", "origin": [4, 13.5, 4.5]},
			"faces": {
				"north": {"uv": [0, 0, 4, 16], "texture": "#4"},
				"east": {"uv": [0, 13, 16, 16], "rotation": 180, "texture": "#4"},
				"south": {"uv": [12, 0, 16, 16], "texture": "#4"},
				"west": {"uv": [0, 13, 16, 16], "texture": "#4"},
				"up": {"uv": [0, 0, 16, 12], "rotation": 90, "texture": "#4"},
				"down": {"uv": [0, 0, 16, 12], "rotation": 270, "texture": "#4"}
			}
		},
		{
			"from": [12, 13, 8.5],
			"to": [14.5, 13.75, 9],
			"rotation": {"angle": 0, "axis": "y", "origin": [0, -2, 0]},
			"faces": {
				"north": {"uv": [4, 5, 5, 6], "texture": "#5"},
				"east": {"uv": [10, 11, 11, 12], "texture": "#5"},
				"south": {"uv": [8, 12, 9, 13], "texture": "#5"},
				"west": {"uv": [2, 10, 3, 11], "texture": "#5"},
				"up": {"uv": [7, 2, 12, 3], "texture": "#5"},
				"down": {"uv": [0, 0, 0, 0], "texture": "#5"}
			}
		},
		{
			"from": [11.5, 13, 9],
			"to": [15, 13.75, 9.5],
			"rotation": {"angle": 0, "axis": "y", "origin": [0, -2, 0]},
			"faces": {
				"north": {"uv": [4, 5, 5, 6], "texture": "#5"},
				"east": {"uv": [10, 11, 11, 12], "texture": "#5"},
				"south": {"uv": [8, 12, 9, 13], "texture": "#5"},
				"west": {"uv": [2, 10, 3, 11], "texture": "#5"},
				"up": {"uv": [6, 3, 13, 4], "texture": "#5"},
				"down": {"uv": [0, 0, 0, 0], "texture": "#5"}
			}
		},
		{
			"from": [11, 13, 9.5],
			"to": [15.5, 13.75, 10],
			"rotation": {"angle": 0, "axis": "y", "origin": [0, -2, 0]},
			"faces": {
				"north": {"uv": [4, 5, 5, 6], "rotation": 270, "texture": "#5"},
				"east": {"uv": [10, 11, 11, 12], "texture": "#5"},
				"south": {"uv": [8, 12, 9, 13], "texture": "#5"},
				"west": {"uv": [2, 10, 3, 11], "texture": "#5"},
				"up": {"uv": [5, 4, 14, 5], "texture": "#5"},
				"down": {"uv": [0, 0, 0, 0], "texture": "#5"}
			}
		},
		{
			"from": [10.5, 13, 10],
			"to": [15.5, 13.75, 10.5],
			"rotation": {"angle": 0, "axis": "y", "origin": [0, -2, 0]},
			"faces": {
				"north": {"uv": [4, 5, 5, 6], "texture": "#5"},
				"east": {"uv": [10, 11, 11, 12], "texture": "#5"},
				"south": {"uv": [8, 12, 9, 13], "texture": "#5"},
				"west": {"uv": [2, 10, 3, 11], "texture": "#5"},
				"up": {"uv": [4, 5, 14, 6], "texture": "#5"},
				"down": {"uv": [0, 0, 0, 0], "texture": "#5"}
			}
		},
		{
			"from": [10.5, 13, 10.5],
			"to": [15.5, 13.75, 11],
			"rotation": {"angle": 0, "axis": "y", "origin": [0, -2, 0]},
			"faces": {
				"north": {"uv": [4, 5, 5, 6], "texture": "#5"},
				"east": {"uv": [10, 11, 11, 12], "texture": "#5"},
				"south": {"uv": [8, 12, 9, 13], "texture": "#5"},
				"west": {"uv": [2, 10, 3, 11], "texture": "#5"},
				"up": {"uv": [4, 6, 14, 7], "texture": "#5"},
				"down": {"uv": [0, 0, 0, 0], "texture": "#5"}
			}
		},
		{
			"from": [10.5, 13, 11],
			"to": [15.5, 13.75, 11.5],
			"rotation": {"angle": 0, "axis": "y", "origin": [0, -2, 0]},
			"faces": {
				"north": {"uv": [4, 5, 5, 6], "texture": "#5"},
				"east": {"uv": [10, 11, 11, 12], "texture": "#5"},
				"south": {"uv": [8, 12, 9, 13], "texture": "#5"},
				"west": {"uv": [2, 10, 3, 11], "texture": "#5"},
				"up": {"uv": [4, 7, 14, 8], "texture": "#5"},
				"down": {"uv": [0, 0, 0, 0], "texture": "#5"}
			}
		},
		{
			"from": [10, 13, 11.5],
			"to": [15, 13.75, 12],
			"rotation": {"angle": 0, "axis": "y", "origin": [0, -2, 0]},
			"faces": {
				"north": {"uv": [4, 5, 5, 6], "texture": "#5"},
				"east": {"uv": [10, 11, 11, 12], "texture": "#5"},
				"south": {"uv": [8, 12, 9, 13], "texture": "#5"},
				"west": {"uv": [2, 10, 3, 11], "texture": "#5"},
				"up": {"uv": [3, 8, 13, 9], "texture": "#5"},
				"down": {"uv": [0, 0, 0, 0], "texture": "#5"}
			}
		},
		{
			"from": [9.5, 13, 12],
			"to": [15, 13.75, 12.5],
			"rotation": {"angle": 0, "axis": "y", "origin": [0, -2, 0]},
			"faces": {
				"north": {"uv": [4, 5, 5, 6], "texture": "#5"},
				"east": {"uv": [10, 11, 11, 12], "texture": "#5"},
				"south": {"uv": [8, 12, 9, 13], "texture": "#5"},
				"west": {"uv": [2, 10, 3, 11], "texture": "#5"},
				"up": {"uv": [2, 9, 13, 10], "texture": "#5"},
				"down": {"uv": [0, 0, 0, 0], "texture": "#5"}
			}
		},
		{
			"from": [9.5, 13, 12.5],
			"to": [14.5, 13.75, 13],
			"rotation": {"angle": 0, "axis": "y", "origin": [0, -2, 0]},
			"faces": {
				"north": {"uv": [4, 5, 5, 6], "texture": "#5"},
				"east": {"uv": [10, 11, 11, 12], "texture": "#5"},
				"south": {"uv": [8, 12, 9, 13], "texture": "#5"},
				"west": {"uv": [2, 10, 3, 11], "texture": "#5"},
				"up": {"uv": [2, 11, 12, 10], "texture": "#5"},
				"down": {"uv": [0, 0, 0, 0], "texture": "#5"}
			}
		},
		{
			"from": [9.5, 13, 13],
			"to": [14, 13.75, 13.5],
			"rotation": {"angle": 0, "axis": "y", "origin": [0, -2, 0]},
			"faces": {
				"north": {"uv": [0, 0, 0, 0], "texture": "#5"},
				"east": {"uv": [10, 11, 11, 12], "texture": "#5"},
				"south": {"uv": [8, 13, 7, 12], "texture": "#5"},
				"west": {"uv": [2, 11, 3, 12], "texture": "#5"},
				"up": {"uv": [2, 11, 11, 12], "texture": "#5"},
				"down": {"uv": [0, 0, 0, 0], "texture": "#5"}
			}
		},
		{
			"from": [9.5, 13, 13.5],
			"to": [13.5, 13.75, 14],
			"rotation": {"angle": 0, "axis": "y", "origin": [0, -2, 0]},
			"faces": {
				"north": {"uv": [0, 0, 0, 0], "texture": "#5"},
				"east": {"uv": [9, 12, 10, 13], "texture": "#5"},
				"south": {"uv": [2, 12, 10, 13], "texture": "#5"},
				"west": {"uv": [2, 12, 3, 13], "texture": "#5"},
				"up": {"uv": [2, 12, 10, 13], "texture": "#5"},
				"down": {"uv": [2, 12, 10, 13], "texture": "#5"}
			}
		},
		{
			"from": [10, 13, 14],
			"to": [12, 13.75, 14.5],
			"rotation": {"angle": 0, "axis": "y", "origin": [0, -2, 0]},
			"faces": {
				"north": {"uv": [3, 13, 7, 14], "texture": "#5"},
				"east": {"uv": [3, 13, 6, 14], "texture": "#5"},
				"south": {"uv": [3, 13, 7, 14], "texture": "#5"},
				"west": {"uv": [3, 13, 6, 14], "texture": "#5"},
				"up": {"uv": [3, 13, 7, 14], "texture": "#5"},
				"down": {"uv": [3, 13, 7, 14], "texture": "#5"}
			}
		}
	],
	"display": {
		"thirdperson_righthand": {
			"rotation": [95, 0, 0],
			"translation": [0, 0, -1.5],
			"scale": [0.5, 0.5, 0.5]
		},
		"thirdperson_lefthand": {
			"rotation": [90.5, 0, 0],
			"translation": [0, 0, -1.5],
			"scale": [0.5, 0.5, 0.5]
		},
		"firstperson_righthand": {
			"rotation": [11.16, 9.56, -1.87],
			"translation": [7, 1.75, -4.25],
			"scale": [0.5, 0.5, 0.5]
		},
		"firstperson_lefthand": {
			"rotation": [18.25, 0, 0],
			"translation": [9.5, -2.5, -6],
			"scale": [0.5, 0.5, 0.5]
		},
		"ground": {
			"translation": [0, 7.75, 0],
			"scale": [0.65, 0.65, 0.65]
		},
		"gui": {
			"rotation": [24, 55, 0],
			"scale": [0.7, 0.7, 0.7]
		},
		"head": {
			"translation": [0, 15, 0]
		}
	},
	"groups": [
		0,
		1,
		2,
		3,
		{
			"name": "top",
			"origin": [8, 4.5, 8],
			"color": 0,
			"children": [4, 5, 6, 7, 8, 9, 10, 11, 12, 13, 14, 15, 16, 17, 18, 19, 20, 21, 22, 23, 24, 25, 26, 27, 28, 29, 30, 31, 32, 33, 34, 35, 36, 37, 38, 39, 40]
		},
		41,
		42,
		43,
		44,
		{
			"name": "group",
			"origin": [0, 0, 0],
			"color": 0,
			"children": [45, 46, 47, 48, 49, 50, 51, 52, 53, 54, 55, 56]
		}
	]
}