{
	"credit": "Made with Blockbench",
	"parent": "minecraft:block/orientable_with_bottom",
	"textures": {
		"3": "block/beehive_front_honey",
		"top": "block/beehive_end",
		"particle": "block/beehive_side",
		"side": "block/beehive_side"
	},
	"elements": [
		{
			"from": [0, 14, 0],
			"to": [16, 15, 16],
			"faces": {
				"north": {"uv": [0, 3, 16, 4], "texture": "#side"},
				"east": {"uv": [0, 3, 16, 4], "texture": "#side"},
				"south": {"uv": [0, 3, 16, 4], "texture": "#side"},
				"west": {"uv": [0, 3, 16, 4], "texture": "#side"},
				"up": {"uv": [0, 0, 16, 16], "texture": "#top"},
				"down": {"uv": [0, 0, 16, 16], "texture": "#top"}
			}
		},
		{
			"from": [0, 0, 0],
			"to": [16, 1, 16],
			"faces": {
				"north": {"uv": [0, 3, 16, 4], "texture": "#side"},
				"east": {"uv": [0, 3, 16, 4], "texture": "#side"},
				"south": {"uv": [0, 3, 16, 4], "texture": "#side"},
				"west": {"uv": [0, 3, 16, 4], "texture": "#side"},
				"up": {"uv": [0, 0, 16, 16], "texture": "#top"},
				"down": {"uv": [0, 0, 16, 16], "texture": "#top"}
			}
		},
		{
			"from": [0, 10, 0],
			"to": [16, 11, 16],
			"faces": {
				"north": {"uv": [0, 3, 16, 4], "texture": "#side"},
				"east": {"uv": [0, 3, 16, 4], "texture": "#side"},
				"south": {"uv": [0, 3, 16, 4], "texture": "#side"},
				"west": {"uv": [0, 3, 16, 4], "texture": "#side"},
				"up": {"uv": [0, 0, 16, 16], "texture": "#top"},
				"down": {"uv": [0, 0, 16, 16], "texture": "#top"}
			}
		},
		{
			"from": [0, 12, 0],
			"to": [16, 14, 16],
			"faces": {
				"north": {"uv": [0, 3, 16, 4], "texture": "#top"},
				"east": {"uv": [0, 3, 16, 4], "texture": "#top"},
				"south": {"uv": [0, 3, 16, 4], "texture": "#top"},
				"west": {"uv": [0, 3, 16, 4], "texture": "#top"},
				"up": {"uv": [0, 0, 16, 16], "texture": "#top"},
				"down": {"uv": [0, 0, 16, 16], "texture": "#top"}
			}
		},
		{
			"from": [15, 15, 0],
			"to": [16, 16, 16],
			"faces": {
				"north": {"uv": [0, 2, 1, 3], "texture": "#side"},
				"east": {"uv": [0, 2, 16, 3], "texture": "#side"},
				"south": {"uv": [0, 2, 1, 3], "texture": "#side"},
				"west": {"uv": [0, 0, 16, 1], "texture": "#top"},
				"up": {"uv": [0, 0, 1, 16], "texture": "#top"},
				"down": {"uv": [0, 0, 1, 16], "texture": "#top"}
			}
		},
		{
			"from": [1, 15, 0],
			"to": [15, 16, 1],
			"faces": {
				"north": {"uv": [1, 2, 15, 3], "texture": "#side"},
				"east": {"uv": [1, 0, 2, 1], "texture": "#top"},
				"south": {"uv": [1, 0, 15, 1], "texture": "#top"},
				"west": {"uv": [1, 0, 2, 1], "texture": "#top"},
				"up": {"uv": [1, 0, 15, 1], "texture": "#top"},
				"down": {"uv": [1, 0, 15, 1], "texture": "#top"}
			}
		},
		{
			"from": [1, 15, 15],
			"to": [15, 16, 16],
			"faces": {
				"north": {"uv": [1, 0, 15, 1], "texture": "#top"},
				"east": {"uv": [1, 0, 2, 1], "texture": "#top"},
				"south": {"uv": [1, 2, 15, 3], "texture": "#side"},
				"west": {"uv": [1, 0, 2, 1], "texture": "#top"},
				"up": {"uv": [1, 0, 15, 1], "texture": "#top"},
				"down": {"uv": [1, 0, 15, 1], "texture": "#top"}
			}
		},
		{
			"from": [0, 15, 0],
			"to": [1, 16, 16],
			"faces": {
				"north": {"uv": [0, 1, 1, 2], "texture": "#side"},
				"east": {"uv": [0, 0, 16, 1], "texture": "#top"},
				"south": {"uv": [0, 2, 1, 3], "texture": "#side"},
				"west": {"uv": [0, 2, 16, 3], "texture": "#side"},
				"up": {"uv": [15, 0, 16, 16], "texture": "#top"},
				"down": {"uv": [15, 0, 16, 16], "texture": "#top"}
			}
		},
		{
			"from": [1, 1, 1],
			"to": [15, 14, 15],
			"faces": {
				"north": {"uv": [1, 2, 15, 15], "texture": "#3"},
				"east": {"uv": [1, 2, 15, 15], "texture": "#3"},
				"south": {"uv": [1, 2, 15, 15], "texture": "#3"},
				"west": {"uv": [1, 2, 15, 15], "texture": "#3"},
				"up": {"uv": [0, 0, 14, 14], "texture": "#3"},
				"down": {"uv": [0, 0, 14, 14], "texture": "#3"}
			}
		},
		{
			"from": [15, 1, 0],
			"to": [16, 10, 1],
			"faces": {
				"north": {"uv": [0, 6, 1, 15], "texture": "#side"},
				"east": {"uv": [0, 6, 1, 15], "texture": "#side"},
				"south": {"uv": [0, 6, 1, 15], "texture": "#side"},
				"west": {"uv": [0, 6, 1, 15], "texture": "#side"},
				"up": {"uv": [0, 0, 1, 1], "texture": "#side"},
				"down": {"uv": [0, 0, 1, 1], "texture": "#side"}
			}
		},
		{
			"from": [0, 1, 0],
			"to": [1, 10, 1],
			"faces": {
				"north": {"uv": [0, 6, 1, 15], "texture": "#side"},
				"east": {"uv": [0, 6, 1, 15], "texture": "#side"},
				"south": {"uv": [0, 6, 1, 15], "texture": "#side"},
				"west": {"uv": [0, 6, 1, 15], "texture": "#side"},
				"up": {"uv": [0, 0, 1, 1], "texture": "#side"},
				"down": {"uv": [0, 0, 1, 1], "texture": "#side"}
			}
		},
		{
			"from": [0, 1, 15],
			"to": [1, 10, 16],
			"faces": {
				"north": {"uv": [0, 6, 1, 15], "texture": "#side"},
				"east": {"uv": [0, 6, 1, 15], "texture": "#side"},
				"south": {"uv": [0, 6, 1, 15], "texture": "#side"},
				"west": {"uv": [0, 6, 1, 15], "texture": "#side"},
				"up": {"uv": [0, 0, 1, 1], "texture": "#side"},
				"down": {"uv": [0, 0, 1, 1], "texture": "#side"}
			}
		},
		{
			"from": [15, 1, 15],
			"to": [16, 10, 16],
			"faces": {
				"north": {"uv": [0, 6, 1, 15], "texture": "#side"},
				"east": {"uv": [0, 6, 1, 15], "texture": "#side"},
				"south": {"uv": [0, 6, 1, 15], "texture": "#side"},
				"west": {"uv": [0, 6, 1, 15], "texture": "#side"},
				"up": {"uv": [0, 0, 1, 1], "texture": "#side"},
				"down": {"uv": [0, 0, 1, 1], "texture": "#side"}
			}
		},
		{
			"from": [0, 11, 0],
			"to": [1, 12, 1],
			"faces": {
				"north": {"uv": [0, 0, 1, 1], "texture": "#side"},
				"east": {"uv": [0, 0, 1, 1], "texture": "#side"},
				"south": {"uv": [0, 0, 1, 1], "texture": "#side"},
				"west": {"uv": [0, 0, 1, 1], "texture": "#side"},
				"up": {"uv": [0, 0, 1, 1], "texture": "#side"},
				"down": {"uv": [0, 0, 1, 1], "texture": "#side"}
			}
		},
		{
			"from": [0, 11, 15],
			"to": [1, 12, 16],
			"faces": {
				"north": {"uv": [0, 0, 1, 1], "texture": "#side"},
				"east": {"uv": [0, 0, 1, 1], "texture": "#side"},
				"south": {"uv": [0, 0, 1, 1], "texture": "#side"},
				"west": {"uv": [0, 0, 1, 1], "texture": "#side"},
				"up": {"uv": [0, 0, 1, 1], "texture": "#side"},
				"down": {"uv": [0, 0, 1, 1], "texture": "#side"}
			}
		},
		{
			"from": [15, 11, 15],
			"to": [16, 12, 16],
			"faces": {
				"north": {"uv": [0, 0, 1, 1], "texture": "#side"},
				"east": {"uv": [0, 0, 1, 1], "texture": "#side"},
				"south": {"uv": [0, 0, 1, 1], "texture": "#side"},
				"west": {"uv": [0, 0, 1, 1], "texture": "#side"},
				"up": {"uv": [0, 0, 1, 1], "texture": "#side"},
				"down": {"uv": [0, 0, 1, 1], "texture": "#side"}
			}
		},
		{
			"from": [15, 11, 0],
			"to": [16, 12, 1],
			"faces": {
				"north": {"uv": [0, 0, 1, 1], "texture": "#side"},
				"east": {"uv": [0, 0, 1, 1], "texture": "#side"},
				"south": {"uv": [0, 0, 1, 1], "texture": "#side"},
				"west": {"uv": [0, 0, 1, 1], "texture": "#side"},
				"up": {"uv": [0, 0, 1, 1], "texture": "#side"},
				"down": {"uv": [0, 0, 1, 1], "texture": "#side"}
			}
		},
		{
			"from": [5, 5, 0.5],
			"to": [11, 6, 1.5],
			"faces": {
				"north": {"uv": [3, 3, 9, 4], "texture": "#side"},
				"east": {"uv": [3, 3, 4, 4], "texture": "#side"},
				"south": {"uv": [3, 3, 9, 4], "texture": "#side"},
				"west": {"uv": [3, 3, 4, 4], "texture": "#side"},
				"up": {"uv": [3, 3, 9, 4], "texture": "#side"},
				"down": {"uv": [3, 3, 9, 4], "texture": "#side"}
			}
		}
	]
}