{
	"credit": "Made with Blockbench",
	"parent": "block/block",
	"textures": {
		"bottom": "block/oak_planks",
		"base": "block/lectern_base",
		"front": "block/lectern_front",
		"particle": "block/lectern_sides",
		"top": "block/lectern_top"
	},
	"elements": [
		{
			"from": [0.0125, 12, 3],
			"to": [15.9875, 13, 16],
			"rotation": {"angle": -22.5, "axis": "x", "origin": [-8, 8, 8]},
			"faces": {
				"north": {"uv": [0, 0, 15.975, 1], "texture": "#bottom"},
				"east": {"uv": [0, 4, 13, 5], "texture": "#bottom"},
				"south": {"uv": [0, 4, 15.975, 5], "texture": "#bottom"},
				"west": {"uv": [0, 4, 13, 5], "texture": "#bottom"},
				"up": {"uv": [0, 1, 15.975, 14], "rotation": 180, "texture": "#bottom"},
				"down": {"uv": [0, 0, 15.975, 13], "texture": "#bottom"}
			}
		},
		{
			"from": [1.0125, 13, 4],
			"to": [14.9875, 15, 15],
			"rotation": {"angle": -22.5, "axis": "x", "origin": [-8, 8, 8]},
			"faces": {
				"north": {"uv": [1, 14, 14.975, 16], "texture": "#base"},
				"east": {"uv": [1, 8, 12, 10], "texture": "#base"},
				"south": {"uv": [1, 8, 14.975, 10], "texture": "#base"},
				"west": {"uv": [1, 8, 12, 10], "texture": "#base"},
				"up": {"uv": [1, 5, 14.975, 16], "rotation": 180, "texture": "#base"},
				"down": {"uv": [1, 4, 14.975, 15], "texture": "#base"}
			}
		},
		{
			"from": [0.0125, 15, 3],
			"to": [15.9875, 16, 16],
			"rotation": {"angle": -22.5, "axis": "x", "origin": [-8, 8, 8]},
			"faces": {
				"north": {"uv": [0, 0, 15.975, 1], "texture": "#bottom"},
				"east": {"uv": [0, 4, 13, 5], "texture": "#bottom"},
				"south": {"uv": [0, 4, 15.975, 5], "texture": "#bottom"},
				"west": {"uv": [0, 4, 13, 5], "texture": "#bottom"},
				"up": {"uv": [0, 1, 15.975, 14], "rotation": 180, "texture": "#top"},
				"down": {"uv": [0, 0, 15.975, 13], "texture": "#bottom"}
			}
		},
		{
			"from": [1.0125, 16, 3],
			"to": [14.9875, 16.5, 4],
			"rotation": {"angle": -22.5, "axis": "x", "origin": [-8, 8, 8]},
			"faces": {
				"north": {"uv": [0, 0, 13.975, 0.5], "texture": "#bottom"},
				"east": {"uv": [0, 4, 1, 4.5], "texture": "#bottom"},
				"south": {"uv": [0, 4, 13.975, 4.5], "texture": "#bottom"},
				"west": {"uv": [0, 4, 1, 4.5], "texture": "#bottom"},
				"up": {"uv": [0, 1, 13.975, 2], "rotation": 180, "texture": "#top"},
				"down": {"uv": [0, 0, 13.975, 1], "texture": "#bottom"}
			}
		},
		{
			"from": [0, 0, 0],
			"to": [16, 1, 16],
			"rotation": {"angle": 0, "axis": "y", "origin": [-16, 0, 0]},
			"faces": {
				"north": {"uv": [0, 12, 16, 13], "texture": "#base"},
				"east": {"uv": [0, 3, 16, 4], "texture": "#bottom"},
				"south": {"uv": [0, 3, 16, 4], "texture": "#bottom"},
				"west": {"uv": [0, 3, 16, 4], "texture": "#bottom"},
				"up": {"uv": [0, 16, 16, 0], "texture": "#base"},
				"down": {"uv": [0, 0, 16, 16], "texture": "#bottom"}
			}
		},
		{
			"from": [4, 1, 4],
			"to": [12, 2, 12],
			"rotation": {"angle": 0, "axis": "y", "origin": [-16, 0, 0]},
			"faces": {
				"north": {"uv": [8, 8, 16, 9], "texture": "#front"},
				"east": {"uv": [8, 8, 16, 9], "texture": "#front"},
				"south": {"uv": [8, 8, 16, 9], "texture": "#front"},
				"west": {"uv": [8, 8, 16, 9], "texture": "#front"},
				"up": {"uv": [8, 8, 16, 16], "texture": "#front"},
				"down": {"uv": [8, 8, 16, 16], "texture": "#front"}
			}
		},
		{
			"from": [4, 13, 4],
			"to": [12, 14, 12],
			"rotation": {"angle": 0, "axis": "y", "origin": [-16, 0, 0]},
			"faces": {
				"north": {"uv": [8, 8, 16, 9], "texture": "#front"},
				"east": {"uv": [8, 8, 16, 9], "texture": "#front"},
				"south": {"uv": [8, 8, 16, 9], "texture": "#front"},
				"west": {"uv": [8, 8, 16, 9], "texture": "#front"},
				"up": {"uv": [8, 8, 16, 16], "texture": "#front"},
				"down": {"uv": [8, 8, 16, 16], "texture": "#front"}
			}
		},
		{
			"from": [11, 2, 11],
			"to": [12, 13, 12],
			"rotation": {"angle": 0, "axis": "y", "origin": [-16, 0, 0]},
			"faces": {
				"north": {"uv": [15, 5, 16, 16], "texture": "#front"},
				"east": {"uv": [15, 5, 16, 16], "texture": "#front"},
				"south": {"uv": [15, 5, 16, 16], "texture": "#front"},
				"west": {"uv": [15, 5, 16, 16], "texture": "#front"},
				"up": {"uv": [15, 5, 16, 6], "texture": "#front"},
				"down": {"uv": [15, 5, 16, 6], "texture": "#front"}
			}
		},
		{
			"from": [11, 2, 4],
			"to": [12, 13, 5],
			"rotation": {"angle": 0, "axis": "y", "origin": [-16, 0, 0]},
			"faces": {
				"north": {"uv": [8, 5, 9, 16], "texture": "#front"},
				"east": {"uv": [8, 5, 9, 16], "texture": "#front"},
				"south": {"uv": [8, 5, 9, 16], "texture": "#front"},
				"west": {"uv": [8, 5, 9, 16], "texture": "#front"},
				"up": {"uv": [8, 5, 9, 6], "texture": "#front"},
				"down": {"uv": [8, 5, 9, 6], "texture": "#front"}
			}
		},
		{
			"from": [4, 2, 4],
			"to": [5, 13, 5],
			"rotation": {"angle": 0, "axis": "y", "origin": [-16, 0, 0]},
			"faces": {
				"north": {"uv": [15, 5, 16, 16], "texture": "#front"},
				"east": {"uv": [15, 5, 16, 16], "texture": "#front"},
				"south": {"uv": [15, 5, 16, 16], "texture": "#front"},
				"west": {"uv": [15, 5, 16, 16], "texture": "#front"},
				"up": {"uv": [15, 5, 16, 6], "texture": "#front"},
				"down": {"uv": [15, 5, 16, 6], "texture": "#front"}
			}
		},
		{
			"from": [4, 2, 11],
			"to": [5, 13, 12],
			"rotation": {"angle": 0, "axis": "y", "origin": [-16, 0, 0]},
			"faces": {
				"north": {"uv": [8, 5, 9, 16], "texture": "#front"},
				"east": {"uv": [8, 5, 9, 16], "texture": "#front"},
				"south": {"uv": [8, 5, 9, 16], "texture": "#front"},
				"west": {"uv": [8, 5, 9, 16], "texture": "#front"},
				"up": {"uv": [8, 5, 9, 6], "texture": "#front"},
				"down": {"uv": [8, 5, 9, 6], "texture": "#front"}
			}
		},
		{
			"from": [11, 2, 5],
			"to": [11, 13, 11],
			"rotation": {"angle": 0, "axis": "y", "origin": [-16, 0, 0]},
			"faces": {
				"north": {"uv": [0, 0, 0, 11], "texture": "#bottom"},
				"east": {"uv": [9, 4, 15, 15], "texture": "#front"},
				"south": {"uv": [0, 0, 0, 11], "texture": "#bottom"},
				"west": {"uv": [9, 4, 15, 15], "texture": "#bottom"},
				"up": {"uv": [0, 0, 0, 6], "texture": "#bottom"},
				"down": {"uv": [0, 0, 0, 6], "texture": "#bottom"}
			}
		},
		{
			"from": [5, 2, 5],
			"to": [5, 13, 11],
			"rotation": {"angle": 0, "axis": "y", "origin": [-16, 0, 0]},
			"faces": {
				"north": {"uv": [0, 0, 0, 11], "texture": "#bottom"},
				"east": {"uv": [9, 4, 15, 15], "texture": "#bottom"},
				"south": {"uv": [0, 0, 0, 11], "texture": "#bottom"},
				"west": {"uv": [9, 4, 15, 15], "texture": "#front"},
				"up": {"uv": [0, 0, 0, 6], "texture": "#bottom"},
				"down": {"uv": [0, 0, 0, 6], "texture": "#bottom"}
			}
		},
		{
			"from": [5, 2, 11],
			"to": [11, 13, 11],
			"rotation": {"angle": 0, "axis": "y", "origin": [6, 7.5, 8]},
			"faces": {
				"north": {"uv": [9, 4, 15, 15], "texture": "#bottom"},
				"east": {"uv": [0, 0, 0, 11], "texture": "#bottom"},
				"south": {"uv": [9, 2, 15, 13], "texture": "#front"},
				"west": {"uv": [0, 0, 0, 11], "texture": "#bottom"},
				"up": {"uv": [0, 0, 0, 6], "rotation": 90, "texture": "#bottom"},
				"down": {"uv": [0, 0, 0, 6], "rotation": 270, "texture": "#bottom"}
			}
		},
		{
			"from": [8.75, 2, 5.5],
			"to": [10.75, 6, 9.5],
			"rotation": {"angle": 0, "axis": "y", "origin": [9.75, 5, 2]},
			"faces": {
				"north": {"uv": [2, 8, 4, 12], "texture": "#front"},
				"east": {"uv": [2, 8, 4, 12], "texture": "#front"},
				"south": {"uv": [0, 0, 2, 4], "texture": "#front"},
				"west": {"uv": [2, 8, 4, 12], "texture": "#front"},
				"up": {"uv": [10, 9, 11, 13], "texture": "#front"},
				"down": {"uv": [10, 9, 11, 13], "texture": "#front"}
			}
		},
		{
			"from": [6.25, 2, 5.5],
			"to": [7.25, 6, 9.5],
			"rotation": {"angle": 0, "axis": "y", "origin": [6.25, 5, 2]},
			"faces": {
				"north": {"uv": [1, 8, 2, 12], "texture": "#front"},
				"east": {"uv": [1, 8, 2, 12], "texture": "#front"},
				"south": {"uv": [0, 0, 2, 4], "texture": "#front"},
				"west": {"uv": [1, 8, 2, 12], "texture": "#front"},
				"up": {"uv": [10, 9, 11, 13], "texture": "#front"},
				"down": {"uv": [10, 9, 11, 13], "texture": "#front"}
			}
		},
		{
			"from": [5.25, 2, 4.5],
			"to": [6.25, 6, 8.5],
			"rotation": {"angle": 0, "axis": "y", "origin": [5.25, 5, 1]},
			"faces": {
				"north": {"uv": [5, 8, 6, 12], "texture": "#front"},
				"east": {"uv": [5, 8, 6, 12], "texture": "#front"},
				"south": {"uv": [0, 0, 2, 4], "texture": "#front"},
				"west": {"uv": [5, 8, 6, 12], "texture": "#front"},
				"up": {"uv": [10, 9, 11, 13], "texture": "#front"},
				"down": {"uv": [10, 9, 11, 13], "texture": "#front"}
			}
		},
		{
			"from": [7.5, 2, 6.25],
			"to": [8.5, 6, 10.25],
			"rotation": {"angle": 22.5, "axis": "z", "origin": [8, 4, 8.25]},
			"faces": {
				"north": {"uv": [6, 9, 7, 12], "texture": "#front"},
				"east": {"uv": [6, 9, 7, 12], "texture": "#front"},
				"south": {"uv": [0, 0, 2, 4], "texture": "#front"},
				"west": {"uv": [6, 9, 7, 12], "texture": "#front"},
				"up": {"uv": [10, 9, 11, 13], "texture": "#front"},
				"down": {"uv": [10, 9, 11, 13], "texture": "#front"}
			}
		},
		{
			"from": [7.75, 5.5, 6],
			"to": [9.75, 9.5, 10],
			"rotation": {"angle": -45, "axis": "z", "origin": [8.75, 7.25, 8]},
			"faces": {
				"north": {"uv": [4, 8, 6, 12], "texture": "#front"},
				"east": {"uv": [4, 8, 6, 12], "texture": "#front"},
				"south": {"uv": [0, 0, 2, 4], "texture": "#front"},
				"west": {"uv": [4, 8, 6, 12], "texture": "#front"},
				"up": {"uv": [10, 9, 11, 13], "texture": "#front"},
				"down": {"uv": [10, 9, 11, 13], "texture": "#front"}
			}
		}
	],
	"display": {
		"firstperson_righthand": {
			"rotation": [0, 135, 0],
			"scale": [0.4, 0.4, 0.4]
		}
	}
}