{
	"credit": "Made with Blockbench",
	"parent": "block/block",
	"textures": {
		"2": "block/spruce_log_top",
		"3": "block/spruce_log",
		"particle": "block/anvil",
		"body": "block/anvil"
	},
	"elements": [
		{
			"name": "Anvil top",
			"from": [3, 12, 0],
			"to": [13, 16, 16],
			"faces": {
				"north": {"uv": [3, 0, 13, 4], "texture": "#body"},
				"east": {"uv": [14, 0, 10, 16], "rotation": 270, "texture": "#body"},
				"south": {"uv": [3, 0, 13, 4], "texture": "#body"},
				"west": {"uv": [10, 0, 14, 16], "rotation": 90, "texture": "#body"},
				"up": {"uv": [3, 0, 13, 16], "rotation": 180, "texture": "#top"},
				"down": {"uv": [3, 0, 13, 16], "rotation": 180, "texture": "#body"}
			}
		},
		{
			"from": [0, 0, 0],
			"to": [16, 6, 16],
			"faces": {
				"north": {"uv": [0, 0, 16, 6], "texture": "#3"},
				"east": {"uv": [0, 0, 16, 6], "texture": "#3"},
				"south": {"uv": [0, 0, 16, 6], "texture": "#3"},
				"west": {"uv": [0, 0, 16, 6], "texture": "#3"},
				"up": {"uv": [0, 0, 16, 16], "texture": "#2"},
				"down": {"uv": [0, 0, 16, 16], "texture": "#2"}
			}
		},
		{
			"from": [2, 6, 2],
			"to": [3, 8, 3],
			"faces": {
				"north": {"uv": [4, 2, 5, 4], "texture": "#body"},
				"east": {"uv": [4, 2, 5, 4], "texture": "#body"},
				"south": {"uv": [4, 2, 5, 4], "texture": "#body"},
				"west": {"uv": [4, 2, 5, 4], "texture": "#body"},
				"up": {"uv": [4, 2, 5, 3], "texture": "#body"},
				"down": {"uv": [4, 2, 5, 3], "texture": "#body"}
			}
		},
		{
			"from": [2, 6, 13],
			"to": [3, 8, 14],
			"faces": {
				"north": {"uv": [7, 1, 8, 3], "texture": "#body"},
				"east": {"uv": [7, 1, 8, 3], "texture": "#body"},
				"south": {"uv": [7, 1, 8, 3], "texture": "#body"},
				"west": {"uv": [7, 1, 8, 3], "texture": "#body"},
				"up": {"uv": [7, 1, 8, 2], "texture": "#body"},
				"down": {"uv": [7, 1, 8, 2], "texture": "#body"}
			}
		},
		{
			"from": [13, 6, 13],
			"to": [14, 8, 14],
			"faces": {
				"north": {"uv": [1, 3, 2, 5], "texture": "#body"},
				"east": {"uv": [1, 3, 2, 5], "texture": "#body"},
				"south": {"uv": [1, 3, 2, 5], "texture": "#body"},
				"west": {"uv": [1, 3, 2, 5], "texture": "#body"},
				"up": {"uv": [1, 3, 2, 4], "texture": "#body"},
				"down": {"uv": [1, 3, 2, 4], "texture": "#body"}
			}
		},
		{
			"from": [13, 6, 2],
			"to": [14, 8, 3],
			"faces": {
				"north": {"uv": [4, 2, 5, 4], "texture": "#body"},
				"east": {"uv": [4, 2, 5, 4], "texture": "#body"},
				"south": {"uv": [4, 2, 5, 4], "texture": "#body"},
				"west": {"uv": [4, 2, 5, 4], "texture": "#body"},
				"up": {"uv": [4, 2, 5, 3], "texture": "#body"},
				"down": {"uv": [4, 2, 5, 3], "texture": "#body"}
			}
		},
		{
			"from": [1, 6, 1],
			"to": [15, 7, 4],
			"faces": {
				"north": {"uv": [1, 0, 15, 1], "texture": "#body"},
				"east": {"uv": [1, 0, 4, 1], "texture": "#body"},
				"south": {"uv": [1, 0, 15, 1], "texture": "#body"},
				"west": {"uv": [1, 0, 4, 1], "texture": "#body"},
				"up": {"uv": [1, 0, 15, 3], "texture": "#body"},
				"down": {"uv": [1, 0, 15, 3], "texture": "#body"}
			}
		},
		{
			"from": [1, 6, 12],
			"to": [15, 7, 15],
			"faces": {
				"north": {"uv": [1, 12, 15, 13], "texture": "#body"},
				"east": {"uv": [1, 12, 4, 13], "texture": "#body"},
				"south": {"uv": [1, 12, 15, 13], "texture": "#body"},
				"west": {"uv": [1, 12, 4, 13], "texture": "#body"},
				"up": {"uv": [1, 12, 15, 15], "texture": "#body"},
				"down": {"uv": [1, 12, 15, 15], "texture": "#body"}
			}
		},
		{
			"from": [5, 6, 3],
			"to": [11, 8, 13],
			"faces": {
				"north": {"uv": [4, 2, 10, 4], "texture": "#body"},
				"east": {"uv": [4, 2, 14, 4], "texture": "#body"},
				"south": {"uv": [4, 2, 10, 4], "texture": "#body"},
				"west": {"uv": [4, 2, 14, 4], "texture": "#body"},
				"up": {"uv": [4, 2, 10, 12], "texture": "#body"},
				"down": {"uv": [4, 2, 10, 12], "texture": "#body"}
			}
		},
		{
			"from": [6, 10, 2],
			"to": [10, 12, 7],
			"faces": {
				"north": {"uv": [0, 0, 4, 2], "texture": "#body"},
				"east": {"uv": [0, 0, 5, 2], "texture": "#body"},
				"south": {"uv": [0, 0, 4, 2], "texture": "#body"},
				"west": {"uv": [0, 0, 5, 2], "texture": "#body"},
				"up": {"uv": [0, 0, 4, 5], "texture": "#body"},
				"down": {"uv": [0, 0, 4, 5], "texture": "#body"}
			}
		},
		{
			"from": [6, 8, 4],
			"to": [10, 10, 12],
			"faces": {
				"north": {"uv": [5, 5, 9, 7], "texture": "#body"},
				"east": {"uv": [5, 5, 13, 7], "texture": "#body"},
				"south": {"uv": [5, 5, 9, 7], "texture": "#body"},
				"west": {"uv": [5, 5, 13, 7], "texture": "#body"},
				"up": {"uv": [5, 5, 9, 13], "texture": "#body"},
				"down": {"uv": [5, 5, 9, 13], "texture": "#body"}
			}
		},
		{
			"from": [6, 10, 9],
			"to": [10, 12, 14],
			"faces": {
				"north": {"uv": [0, 0, 4, 2], "texture": "#body"},
				"east": {"uv": [0, 0, 5, 2], "texture": "#body"},
				"south": {"uv": [0, 0, 4, 2], "texture": "#body"},
				"west": {"uv": [0, 0, 5, 2], "texture": "#body"},
				"up": {"uv": [0, 0, 4, 5], "texture": "#body"},
				"down": {"uv": [0, 0, 4, 5], "texture": "#body"}
			}
		}
	],
	"display": {
		"fixed": {
			"rotation": [0, 90, 0],
			"scale": [0.5, 0.5, 0.5]
		}
	}
}