{
	"credit": "Made with Blockbench",
	"texture_size": [64, 32],
	"textures": {
		"0": "entity/cat/ragdoll"
	},
	"elements": [
		{
			"name": "body",
			"from": [6, 16.22137, 6.16276],
			"to": [10, 22.22137, 22.16276],
			"rotation": {"angle": 22.5, "axis": "x", "origin": [8, 19.81107, 10.39382]},
			"faces": {
				"north": {"uv": [7.485, 2.97, 6.515, 0.03], "rotation": 180, "texture": "#0"},
				"east": {"uv": [5.015, 3.03, 6.485, 10.97], "rotation": 90, "texture": "#0"},
				"south": {"uv": [8.485, 0.03, 7.515, 2.97], "texture": "#0"},
				"west": {"uv": [7.515, 3.03, 8.985, 10.97], "rotation": 270, "texture": "#0"},
				"up": {"uv": [9.015, 3.03, 9.985, 10.97], "texture": "#0"},
				"down": {"uv": [6.515, 3.03, 7.485, 10.97], "rotation": 180, "texture": "#0"}
			}
		},
		{
			"name": "head",
			"from": [5.5, 21.56562, 2.58949],
			"to": [10.5, 25.56562, 7.58949],
			"rotation": {"angle": -22.5, "axis": "x", "origin": [8, 24.56953, 5.21449]},
			"faces": {
				"north": {"uv": [1.265, 2.53, 2.485, 4.47], "texture": "#0"},
				"east": {"uv": [0.015, 2.53, 1.235, 4.47], "texture": "#0"},
				"south": {"uv": [3.765, 2.53, 4.985, 4.47], "texture": "#0"},
				"west": {"uv": [2.515, 2.53, 3.735, 4.47], "texture": "#0"},
				"up": {"uv": [2.485, 2.47, 1.265, 0.03], "texture": "#0"},
				"down": {"uv": [3.735, 0.03, 2.515, 2.47], "texture": "#0"}
			}
		},
		{
			"name": "head",
			"from": [6.5, 21.58124, 1.58949],
			"to": [9.5, 23.58124, 3.58949],
			"rotation": {"angle": -22.5, "axis": "x", "origin": [8, 24.56953, 5.21449]},
			"faces": {
				"north": {"uv": [0.515, 13.03, 1.235, 13.97], "texture": "#0"},
				"east": {"uv": [0.015, 13.03, 0.485, 13.97], "texture": "#0"},
				"south": {"uv": [1.765, 13.03, 2.485, 13.97], "texture": "#0"},
				"west": {"uv": [1.265, 13.03, 1.735, 13.97], "texture": "#0"},
				"up": {"uv": [1.235, 12.97, 0.515, 12.03], "texture": "#0"},
				"down": {"uv": [1.985, 12.03, 1.265, 12.97], "texture": "#0"}
			}
		},
		{
			"name": "head",
			"from": [9, 25.56562, 5.58949],
			"to": [10, 26.56562, 7.58949],
			"rotation": {"angle": -22.5, "axis": "x", "origin": [8, 24.56953, 5.21449]},
			"faces": {
				"north": {"uv": [0.515, 6.03, 0.735, 6.47], "texture": "#0"},
				"east": {"uv": [0.015, 6.03, 0.485, 6.47], "texture": "#0"},
				"south": {"uv": [1.265, 6.03, 1.485, 6.47], "texture": "#0"},
				"west": {"uv": [0.765, 6.03, 1.235, 6.47], "texture": "#0"},
				"up": {"uv": [0.735, 5.97, 0.515, 5.03], "texture": "#0"},
				"down": {"uv": [0.985, 5.03, 0.765, 5.97], "texture": "#0"}
			}
		},
		{
			"name": "head",
			"from": [6, 25.56562, 5.58949],
			"to": [7, 26.56562, 7.58949],
			"rotation": {"angle": -22.5, "axis": "x", "origin": [8, 24.56953, 5.21449]},
			"faces": {
				"north": {"uv": [2.015, 6.03, 2.235, 6.47], "texture": "#0"},
				"east": {"uv": [1.515, 6.03, 1.985, 6.47], "texture": "#0"},
				"south": {"uv": [2.765, 6.03, 2.985, 6.47], "texture": "#0"},
				"west": {"uv": [2.265, 6.03, 2.735, 6.47], "texture": "#0"},
				"up": {"uv": [2.235, 5.97, 2.015, 5.03], "texture": "#0"},
				"down": {"uv": [2.485, 5.03, 2.265, 5.97], "texture": "#0"}
			}
		},
		{
			"name": "tail1",
			"from": [7.5, 10.14842, 21.4115],
			"to": [8.5, 18.14842, 22.4115],
			"rotation": {"angle": -45, "axis": "x", "origin": [8, 16.95751, 22.21076]},
			"faces": {
				"north": {"uv": [0.765, 8.03, 0.985, 11.97], "rotation": 180, "texture": "#0"},
				"east": {"uv": [0.015, 8.03, 0.235, 11.97], "rotation": 180, "texture": "#0"},
				"south": {"uv": [0.265, 8.03, 0.485, 11.97], "rotation": 180, "texture": "#0"},
				"west": {"uv": [0.515, 8.03, 0.735, 11.97], "rotation": 180, "texture": "#0"},
				"up": {"uv": [0.735, 7.53, 0.515, 7.97], "texture": "#0"},
				"down": {"uv": [0.485, 7.97, 0.265, 7.53], "texture": "#0"}
			}
		},
		{
			"name": "tail2",
			"from": [7.5, 4.2847, 26.16745],
			"to": [8.5, 12.2847, 27.16745],
			"rotation": {"angle": 0, "axis": "x", "origin": [8, 16.95751, 22.21076]},
			"faces": {
				"north": {"uv": [1.265, 8.03, 1.485, 11.97], "texture": "#0"},
				"east": {"uv": [1.015, 8.03, 1.235, 11.97], "texture": "#0"},
				"south": {"uv": [1.765, 8.03, 1.985, 11.97], "texture": "#0"},
				"west": {"uv": [1.515, 8.03, 1.735, 11.97], "texture": "#0"},
				"up": {"uv": [1.485, 7.97, 1.265, 7.53], "texture": "#0"},
				"down": {"uv": [1.735, 7.53, 1.515, 7.97], "texture": "#0"}
			}
		},
		{
			"name": "backLegL",
			"from": [5.9, 7.22137, 17.66276],
			"to": [7.9, 13.22137, 19.66276],
			"rotation": {"angle": 22.5, "axis": "x", "origin": [6.9, 11.22137, 20.16276]},
			"faces": {
				"north": {"uv": [2.515, 7.53, 2.985, 10.47], "texture": "#0"},
				"east": {"uv": [2.015, 7.53, 2.485, 10.47], "texture": "#0"},
				"south": {"uv": [3.515, 7.53, 3.985, 10.47], "texture": "#0"},
				"west": {"uv": [3.015, 7.53, 3.485, 10.47], "texture": "#0"},
				"up": {"uv": [2.985, 7.47, 2.515, 6.53], "texture": "#0"},
				"down": {"uv": [3.485, 6.53, 3.015, 7.47], "texture": "#0"}
			}
		},
		{
			"name": "backLegR",
			"from": [6.1, 8.22137, 19.16276],
			"to": [8.1, 14.22137, 21.16276],
			"rotation": {"angle": 22.5, "axis": "z", "origin": [8, 19.81107, 10.39382]},
			"faces": {
				"north": {"uv": [2.515, 7.53, 2.985, 10.47], "texture": "#0"},
				"east": {"uv": [2.015, 7.53, 2.485, 10.47], "texture": "#0"},
				"south": {"uv": [3.515, 7.53, 3.985, 10.47], "texture": "#0"},
				"west": {"uv": [3.015, 7.53, 3.485, 10.47], "texture": "#0"},
				"up": {"uv": [2.985, 7.47, 2.515, 6.53], "texture": "#0"},
				"down": {"uv": [3.485, 6.53, 3.015, 7.47], "texture": "#0"}
			}
		},
		{
			"name": "frontLegL",
			"from": [3.8, 18.04212, -1.99588],
			"to": [5.8, 20.04212, 8.00412],
			"rotation": {"angle": -22.5, "axis": "x", "origin": [4.8, 18.04212, 5.00412]},
			"faces": {
				"north": {"uv": [11.485, 0.03, 11.015, 0.97], "rotation": 180, "texture": "#0"},
				"east": {"uv": [10.015, 1.03, 10.485, 5.97], "rotation": 270, "texture": "#0"},
				"south": {"uv": [10.985, 0.97, 10.515, 0.03], "texture": "#0"},
				"west": {"uv": [11.015, 1.03, 11.485, 5.97], "rotation": 90, "texture": "#0"},
				"up": {"uv": [10.515, 1.03, 10.985, 5.97], "rotation": 180, "texture": "#0"},
				"down": {"uv": [11.515, 1.03, 11.985, 5.97], "texture": "#0"}
			}
		},
		{
			"name": "frontLegR",
			"from": [8.2, 17.04212, 0.00412],
			"to": [10.2, 19.04212, 10.00412],
			"rotation": {"angle": -22.5, "axis": "y", "origin": [8, 19.81107, 10.39382]},
			"faces": {
				"north": {"uv": [11.485, 0.03, 11.015, 0.97], "rotation": 180, "texture": "#0"},
				"east": {"uv": [10.015, 1.03, 10.485, 5.97], "rotation": 270, "texture": "#0"},
				"south": {"uv": [10.985, 0.97, 10.515, 0.03], "texture": "#0"},
				"west": {"uv": [11.015, 1.03, 11.485, 5.97], "rotation": 90, "texture": "#0"},
				"up": {"uv": [10.515, 1.03, 10.985, 5.97], "rotation": 180, "texture": "#0"},
				"down": {"uv": [11.515, 1.03, 11.985, 5.97], "texture": "#0"}
			}
		}
	],
	"display": {
		"thirdperson_righthand": {
			"rotation": [96.25, 0, 0],
			"translation": [0.25, 0.25, 5.25],
			"scale": [0.7, 0.7, 0.7]
		},
		"thirdperson_lefthand": {
			"rotation": [96.25, 0, 0],
			"translation": [0.25, 0.25, 5.25],
			"scale": [0.7, 0.7, 0.7]
		},
		"firstperson_righthand": {
			"translation": [-80, -8, 7.25]
		},
		"firstperson_lefthand": {
			"rotation": [-180, 10.25, 180],
			"translation": [80, -8.25, -7.25],
			"scale": [0.87, 1, 1]
		},
		"ground": {
			"rotation": [155, 5, -1],
			"translation": [0, 12, 0]
		},
		"gui": {
			"rotation": [63.02, 75.77, -60.62],
			"translation": [-2.75, 0.5, 0]
		},
		"head": {
			"translation": [-0.5, -2.5, -1.75]
		},
		"fixed": {
			"rotation": [-90, 0, 0],
			"translation": [0, 1.5, 15.5],
			"scale": [2, 2, 2]
		}
	},
	"groups": [
		{
			"name": "body",
			"origin": [0, 7, 1],
			"color": 0,
			"children": [
				{
					"name": "belly",
					"origin": [0, 7, 1],
					"rotation": [-90, 0, 0],
					"color": 0,
					"children": [0]
				},
				{
					"name": "head",
					"origin": [0, 9, -9],
					"color": 0,
					"children": [1, 2, 3, 4]
				},
				{
					"name": "tail1",
					"origin": [0, 9, 8],
					"rotation": [-45, 0, 0],
					"color": 0,
					"children": [
						5,
						{
							"name": "tail2",
							"origin": [0, 1, 8],
							"rotation": [-45, 0, 0],
							"color": 0,
							"children": [6]
						}
					]
				},
				{
					"name": "backLegL",
					"origin": [-1.1, 6, 7],
					"color": 0,
					"children": [7]
				},
				{
					"name": "backLegR",
					"origin": [1.1, 6, 7],
					"color": 0,
					"children": [8]
				},
				{
					"name": "frontLegL",
					"origin": [-1.2, 10, -4],
					"color": 0,
					"children": [9]
				},
				{
					"name": "frontLegR",
					"origin": [1.2, 10, -4],
					"color": 0,
					"children": [10]
				}
			]
		}
	]
}