{
	"credit": "Made with Blockbench",
	"textures": {
		"0": "item/spyglass_new",
		"particle": "item/spyglass_new"
	},
	"elements": [
		{
			"from": [5.5, -2.5, 5.5],
			"to": [10.5, -0.5, 6.5],
			"rotation": {"angle": 0, "axis": "x", "origin": [9.5, 5.5, 11.5]},
			"faces": {
				"north": {"uv": [0, 3.5, 2.5, 4.5], "rotation": 180, "texture": "#0"},
				"east": {"uv": [2, 5.5, 2.25, 6.5], "rotation": 180, "texture": "#0"},
				"south": {"uv": [0, 5, 2.5, 6], "rotation": 180, "texture": "#0"},
				"west": {"uv": [2, 2.5, 2.25, 3.5], "rotation": 180, "texture": "#0"},
				"up": {"uv": [0, 8.5, 2.5, 9], "rotation": 180, "texture": "#0"},
				"down": {"uv": [0, 2, 2.5, 2.5], "texture": "#0"}
			}
		},
		{
			"from": [5.5, -2.5, 9.5],
			"to": [10.5, -0.5, 10.5],
			"rotation": {"angle": 0, "axis": "x", "origin": [9.5, 5.5, 11.5]},
			"faces": {
				"north": {"uv": [0, 2.5, 2.5, 3.5], "rotation": 180, "texture": "#0"},
				"east": {"uv": [0, 5.5, 0.25, 6.5], "rotation": 180, "texture": "#0"},
				"south": {"uv": [0, 4, 2.5, 5], "texture": "#0"},
				"west": {"uv": [0, 2.5, 0.25, 3.5], "rotation": 180, "texture": "#0"},
				"up": {"uv": [0, 6.5, 2.5, 7], "rotation": 180, "texture": "#0"},
				"down": {"uv": [0, 0, 2.5, 0.5], "texture": "#0"}
			}
		},
		{
			"from": [5.5, -2.5, 6.5],
			"to": [6.5, -0.5, 9.5],
			"rotation": {"angle": 0, "axis": "x", "origin": [9.5, 5.5, 11.5]},
			"faces": {
				"east": {"uv": [1, 4, 2, 5.5], "rotation": 270, "texture": "#0"},
				"west": {"uv": [0.5, 2.5, 2, 3.5], "texture": "#0"},
				"up": {"uv": [2, 7, 2.5, 8.5], "rotation": 180, "texture": "#0"},
				"down": {"uv": [0, 0.5, 0.5, 2], "texture": "#0"}
			}
		},
		{
			"from": [9.5, -2.5, 6.5],
			"to": [10.5, -0.5, 9.5],
			"rotation": {"angle": 0, "axis": "x", "origin": [9.5, 5.5, 11.5]},
			"faces": {
				"east": {"uv": [0.5, 5.5, 2, 6.5], "rotation": 180, "texture": "#0"},
				"west": {"uv": [1.5, 3.5, 2.5, 5], "rotation": 90, "texture": "#0"},
				"up": {"uv": [0, 7, 0.5, 8.5], "rotation": 180, "texture": "#0"},
				"down": {"uv": [2, 0.5, 2.5, 2], "texture": "#0"}
			}
		},
		{
			"from": [6.5, -2, 6.5],
			"to": [9.5, -2, 9.5],
			"rotation": {"angle": 0, "axis": "x", "origin": [9.5, 5.5, 11.5]},
			"faces": {
				"up": {"uv": [1, 1, 15, 15], "rotation": 180, "texture": "#missing"},
				"down": {"uv": [0.5, 0.5, 2, 2], "texture": "#0"}
			}
		},
		{
			"from": [6, -0.5, 6],
			"to": [10, 4.5, 10],
			"rotation": {"angle": 0, "axis": "x", "origin": [9.5, 5.5, 11.5]},
			"faces": {
				"north": {"uv": [3.5, 6, 6, 8], "rotation": 180, "texture": "#0"},
				"east": {"uv": [3.5, 4, 6, 6], "rotation": 270, "texture": "#0"},
				"south": {"uv": [3.5, 0, 6, 2], "texture": "#0"},
				"west": {"uv": [3.5, 2, 6, 4], "rotation": 90, "texture": "#0"},
				"up": {"uv": [3.5, 8, 5.5, 10], "rotation": 180, "texture": "#0"},
				"down": {"uv": [0, 9, 2, 11], "rotation": 270, "texture": "#0"}
			}
		},
		{
			"from": [6.5, 4.5, 6.5],
			"to": [9.5, 9.5, 9.5],
			"rotation": {"angle": 0, "axis": "x", "origin": [9.5, 5.5, 11.5]},
			"faces": {
				"north": {"uv": [6.5, 4.5, 9, 6], "rotation": 90, "texture": "#0"},
				"east": {"uv": [6.5, 1.5, 9, 3], "rotation": 270, "texture": "#0"},
				"south": {"uv": [6.5, 0, 9, 1.5], "rotation": 90, "texture": "#0"},
				"west": {"uv": [6.5, 3, 9, 4.5], "rotation": 90, "texture": "#0"},
				"up": {"uv": [6.5, 6, 8, 7.5], "rotation": 270, "texture": "#0"}
			}
		},
		{
			"from": [7, 9.5, 7],
			"to": [9, 12.5, 9],
			"rotation": {"angle": 0, "axis": "x", "origin": [9.5, 5.5, 11.5]},
			"faces": {
				"north": {"uv": [9.5, 3, 11, 4], "rotation": 270, "texture": "#0"},
				"east": {"uv": [9.5, 1, 11, 2], "rotation": 270, "texture": "#0"},
				"south": {"uv": [9.5, 0, 11, 1], "rotation": 90, "texture": "#0"},
				"west": {"uv": [9.5, 2, 11, 3], "rotation": 270, "texture": "#0"},
				"up": {"uv": [9.5, 4, 10.5, 5], "rotation": 180, "texture": "#0"}
			}
		},
		{
			"from": [7.3, 12.5, 7.3],
			"to": [7.5, 13.5, 8.7],
			"rotation": {"angle": 0, "axis": "x", "origin": [9.5, 5.5, 11.5]},
			"faces": {
				"north": {"uv": [12.5, 0.5, 13, 1], "rotation": 180, "texture": "#0"},
				"east": {"uv": [12.5, 0, 13, 0.5], "rotation": 270, "texture": "#0"},
				"south": {"uv": [11.5, 0.5, 12, 1], "texture": "#0"},
				"west": {"uv": [12.5, 0.5, 13, 1], "rotation": 90, "texture": "#0"},
				"up": {"uv": [12, 1, 12.5, 1.5], "rotation": 180, "texture": "#0"}
			}
		},
		{
			"from": [8.5, 12.5, 7.3],
			"to": [8.7, 13.5, 8.7],
			"rotation": {"angle": 0, "axis": "x", "origin": [9.5, 5.5, 11.5]},
			"faces": {
				"north": {"uv": [11.5, 0.5, 12, 1], "rotation": 180, "texture": "#0"},
				"east": {"uv": [11.5, 0.5, 12, 1], "rotation": 270, "texture": "#0"},
				"south": {"uv": [11.5, 0.5, 12, 1], "texture": "#0"},
				"west": {"uv": [11.5, 1, 12, 1.5], "rotation": 90, "texture": "#0"},
				"up": {"uv": [11.5, 1, 12, 1.5], "rotation": 180, "texture": "#0"}
			}
		},
		{
			"from": [7.5, 12.5, 8.5],
			"to": [8.5, 13.5, 8.7],
			"rotation": {"angle": 0, "axis": "x", "origin": [9.5, 5.5, 11.5]},
			"faces": {
				"north": {"uv": [12, 0, 12.5, 0.5], "rotation": 90, "texture": "#0"},
				"east": {"uv": [12, 0, 12.5, 0.5], "rotation": 180, "texture": "#0"},
				"south": {"uv": [11.5, 0.5, 12, 1], "rotation": 270, "texture": "#0"},
				"west": {"uv": [12, 0, 12.5, 0.5], "texture": "#0"},
				"up": {"uv": [12, 1, 12.5, 1.5], "rotation": 270, "texture": "#0"}
			}
		},
		{
			"from": [7.5, 12.5, 7.3],
			"to": [8.5, 13.5, 7.5],
			"rotation": {"angle": 0, "axis": "x", "origin": [9.5, 5.5, 11.5]},
			"faces": {
				"north": {"uv": [12.5, 0.5, 13, 1], "rotation": 90, "texture": "#0"},
				"east": {"uv": [12, 1, 12.5, 1.5], "rotation": 180, "texture": "#0"},
				"south": {"uv": [11.5, 0.5, 12, 1], "rotation": 270, "texture": "#0"},
				"west": {"uv": [12, 1, 12.5, 1.5], "texture": "#0"},
				"up": {"uv": [12, 1, 12.5, 1.5], "rotation": 270, "texture": "#0"}
			}
		},
		{
			"from": [7.5, 13, 7.5],
			"to": [8.5, 13, 8.5],
			"rotation": {"angle": 0, "axis": "x", "origin": [9.5, 5.5, 11.5]},
			"faces": {
				"up": {"uv": [11.5, 1.5, 12.5, 2.5], "rotation": 180, "texture": "#0"}
			}
		}
	],
	"gui_light": "front",
	"display": {
		"thirdperson_righthand": {
			"translation": [0, -2, 0]
		},
		"thirdperson_lefthand": {
			"translation": [0, -2, 0]
		},
		"ground": {
			"rotation": [90, 0, 0],
			"translation": [0, 1.5, 0]
		},
		"gui": {
			"rotation": [-67.5, 0, 45],
			"translation": [-2.75, 0, 0]
		},
		"head": {
			"rotation": [90, 0, 0],
			"translation": [0, 0, -16],
			"scale": [1.6, 1.6, 1.6]
		},
		"fixed": {
			"translation": [0, 2.55, -1.25]
		}
	}
}