{
	"credit": "Made with Blockbench",
	"textures": {
		"0": "block/Hananacraft archive/plaid_green",
		"particle": "block/Hananacraft archive/plaid_green"
	},
	"elements": [
		{
			"from": [2.91161, 0.7, 3.08839],
			"to": [12.91161, 4.7, 13.08839],
			"faces": {
				"north": {"uv": [16, 0.06, 6.12, 3.94], "texture": "#0"},
				"east": {"uv": [13.94, 8.06, 4.06, 11.94], "texture": "#0"},
				"south": {"uv": [6.12, 0.06, 16, 3.94], "texture": "#0"},
				"west": {"uv": [4.06, 0.06, 13.94, 3.94], "texture": "#0"},
				"up": {"uv": [13.94, 10.94, 4.06, 1.06], "rotation": 270, "texture": "#0"},
				"down": {"uv": [3.06, 5.06, 12.94, 14.94], "rotation": 90, "texture": "#0"}
			}
		},
		{
			"from": [4.91161, 4.7, 4.08839],
			"to": [10.91161, 5.7, 12.08839],
			"rotation": {"angle": 0, "axis": "y", "origin": [8, 3.9878, 8.08839]},
			"faces": {
				"north": {"uv": [13.94, 0.06, 8.06, 0.94], "texture": "#0"},
				"east": {"uv": [5.06, 0.06, 12.94, 0.94], "texture": "#0"},
				"south": {"uv": [8.06, 4.94, 13.94, 4.06], "texture": "#0"},
				"west": {"uv": [5.06, 2.06, 12.94, 2.94], "texture": "#0"},
				"up": {"uv": [12.94, 8.94, 5.06, 3.06], "rotation": 270, "texture": "#0"},
				"down": {"uv": [0.06, 0.06, 7.94, 5.94], "rotation": 90, "texture": "#0"}
			}
		},
		{
			"from": [3.91161, 4.7, 6.08839],
			"to": [4.91161, 5.7, 10.08839],
			"rotation": {"angle": 0, "axis": "y", "origin": [8, 3.9878, 8.08839]},
			"faces": {
				"north": {"uv": [5.06, 1.06, 5.94, 1.94], "texture": "#0"},
				"east": {"uv": [0.06, 0.06, 3.94, 0.94], "texture": "#0"},
				"south": {"uv": [1.06, 1.06, 1.94, 1.94], "texture": "#0"},
				"west": {"uv": [7.06, 3.06, 10.94, 3.94], "texture": "#0"},
				"up": {"uv": [10.94, 3.06, 7.06, 3.94], "rotation": 270, "texture": "#0"},
				"down": {"uv": [0.06, 0.06, 3.94, 0.94], "rotation": 90, "texture": "#0"}
			}
		},
		{
			"from": [10.91161, 4.7, 6.08839],
			"to": [11.91161, 5.7, 10.08839],
			"rotation": {"angle": 0, "axis": "y", "origin": [8, 3.9878, 8.08839]},
			"faces": {
				"north": {"uv": [5.06, 1.06, 5.94, 1.94], "texture": "#0"},
				"east": {"uv": [10.94, 4.06, 7.06, 4.94], "texture": "#0"},
				"south": {"uv": [5.06, 1.06, 5.94, 1.94], "texture": "#0"},
				"west": {"uv": [0.06, 0.06, 3.94, 0.94], "texture": "#0"},
				"up": {"uv": [10.94, 4.94, 7.06, 4.06], "rotation": 270, "texture": "#0"},
				"down": {"uv": [0.06, 0.06, 3.94, 0.94], "rotation": 90, "texture": "#0"}
			}
		},
		{
			"from": [8.61788, 1.98068, 7.58839],
			"to": [9.61788, 6.98068, 8.58839],
			"rotation": {"angle": 45, "axis": "z", "origin": [8, 3.9878, 8.08839]},
			"faces": {
				"north": {"uv": [0.06, 2.06, 0.94, 2.94], "texture": "#0"},
				"east": {"uv": [0.06, 2.06, 0.94, 2.94], "texture": "#0"},
				"south": {"uv": [0.06, 2.06, 0.94, 2.94], "texture": "#0"},
				"west": {"uv": [0.06, 2.06, 0.94, 2.94], "texture": "#0"},
				"up": {"uv": [0.06, 2.06, 0.94, 2.94], "texture": "#0"},
				"down": {"uv": [0.06, 2.06, 0.94, 2.94], "texture": "#0"}
			}
		},
		{
			"from": [3.41161, 0, 3.58839],
			"to": [12.41161, 1, 12.58839],
			"rotation": {"angle": 0, "axis": "y", "origin": [8, 3.9878, 8.08839]},
			"faces": {
				"north": {"uv": [1.06, 1.06, 1.94, 1.94], "texture": "#0"},
				"east": {"uv": [1.06, 1.06, 1.94, 1.94], "texture": "#0"},
				"south": {"uv": [1.06, 1.06, 1.94, 1.94], "texture": "#0"},
				"west": {"uv": [1.06, 1.06, 1.94, 1.94], "texture": "#0"},
				"up": {"uv": [1.06, 1.06, 1.94, 1.94], "texture": "#0"},
				"down": {"uv": [1.06, 1.06, 1.94, 1.94], "texture": "#0"}
			}
		}
	],
	"display": {
		"thirdperson_righthand": {
			"rotation": [65, 0, 0],
			"translation": [-6, 5.5, 5.5]
		},
		"firstperson_righthand": {
			"translation": [4.5, 0, -2.5]
		},
		"ground": {
			"translation": [0, 4, 0]
		},
		"gui": {
			"rotation": [5.93, 30.15, 1.11],
			"translation": [0, 5, 0]
		},
		"head": {
			"rotation": [0, 0, 4.75],
			"translation": [-1.05, 13.75, 0],
			"scale": [1.7, 1.7, 1.7]
		},
		"fixed": {
			"rotation": [-90, 0, 8.75],
			"translation": [-1.75, 0, -15],
			"scale": [2, 2, 2]
		}
	},
	"groups": [
		{
			"name": "beret2",
			"origin": [8, 8, 8],
			"color": 0,
			"children": [0, 1, 2, 3, 4, 5]
		}
	]
}