{
	"credit": "Made with Blockbench",
	"parent": "minecraft:block/cube",
	"texture_size": [48, 32],
	"textures": {
		"5": "block/fletching_table",
		"particle": "block/fletching_table_particle"
	},
	"elements": [
		{
			"name": "table",
			"from": [0, 0, 0],
			"to": [16, 16, 16],
			"faces": {
				"north": {"uv": [0, 0, 5.33333, 8], "texture": "#5"},
				"east": {"uv": [5.33333, 0, 10.66667, 8], "texture": "#5"},
				"south": {"uv": [0, 0, 5.33333, 8], "texture": "#5"},
				"west": {"uv": [5.33333, 0, 10.66667, 8], "texture": "#5"},
				"up": {"uv": [10.66667, 0, 16, 8], "texture": "#5"},
				"down": {"uv": [0, 8, 5.33333, 16], "texture": "#5"}
			}
		},
		{
			"from": [10.50961, 16, 9.453],
			"to": [13.50961, 17, 10.453],
			"rotation": {"angle": -22.5, "axis": "y", "origin": [11.75961, 16.5, 8.05656]},
			"faces": {
				"north": {"uv": [9.33333, 5, 9.66667, 6.5], "rotation": 90, "texture": "#5"},
				"east": {"uv": [9.33333, 6, 9.66667, 6.5], "rotation": 270, "texture": "#5"},
				"south": {"uv": [9.33333, 5, 9.66667, 6.5], "rotation": 270, "texture": "#5"},
				"west": {"uv": [9.33333, 5, 9.66667, 5.5], "rotation": 270, "texture": "#5"},
				"up": {"uv": [9.33333, 5, 9.66667, 6.5], "rotation": 270, "texture": "#5"},
				"down": {"uv": [9.33333, 5, 9.66667, 6.5], "rotation": 270, "texture": "#5"}
			}
		},
		{
			"from": [11.50961, 16, 8.453],
			"to": [14.50961, 17, 9.453],
			"rotation": {"angle": -22.5, "axis": "y", "origin": [11.75961, 16.5, 8.05656]},
			"faces": {
				"north": {"uv": [9.66667, 5.5, 10, 7], "rotation": 90, "texture": "#5"},
				"east": {"uv": [9.66667, 6.5, 10, 7], "rotation": 270, "texture": "#5"},
				"south": {"uv": [9.66667, 5.5, 10, 7], "rotation": 270, "texture": "#5"},
				"west": {"uv": [9.66667, 5.5, 10, 6], "rotation": 270, "texture": "#5"},
				"up": {"uv": [9.66667, 5.5, 10, 7], "rotation": 270, "texture": "#5"},
				"down": {"uv": [9.66667, 5.5, 10, 7], "rotation": 270, "texture": "#5"}
			}
		},
		{
			"from": [11.50961, 16, 10.453],
			"to": [14.50961, 17, 11.453],
			"rotation": {"angle": -22.5, "axis": "y", "origin": [11.75961, 16.5, 8.05656]},
			"faces": {
				"north": {"uv": [9, 5.5, 9.33333, 7], "rotation": 90, "texture": "#5"},
				"east": {"uv": [9, 6.5, 9.33333, 7], "rotation": 270, "texture": "#5"},
				"south": {"uv": [9, 5.5, 9.33333, 7], "rotation": 270, "texture": "#5"},
				"west": {"uv": [9, 5.5, 9.33333, 6], "rotation": 270, "texture": "#5"},
				"up": {"uv": [9, 5.5, 9.33333, 7], "rotation": 270, "texture": "#5"},
				"down": {"uv": [9, 5.5, 9.33333, 7], "rotation": 270, "texture": "#5"}
			}
		},
		{
			"from": [7.5, 16, 3],
			"to": [13.5, 17, 4],
			"rotation": {"angle": 45, "axis": "y", "origin": [10.5, 16.5, 3.5]},
			"faces": {
				"north": {"uv": [5.33333, 9, 5.66667, 12], "rotation": 270, "texture": "#5"},
				"east": {"uv": [5.33333, 11.5, 5.66667, 12], "rotation": 270, "texture": "#5"},
				"south": {"uv": [5.33333, 9, 5.66667, 12], "rotation": 270, "texture": "#5"},
				"west": {"uv": [5.33333, 9, 5.66667, 9.5], "rotation": 270, "texture": "#5"},
				"up": {"uv": [5.33333, 9, 5.66667, 12], "rotation": 270, "texture": "#5"},
				"down": {"uv": [5.33333, 9, 5.66667, 12], "rotation": 270, "texture": "#5"}
			}
		},
		{
			"from": [5.55291, 16, 9.72996],
			"to": [7.55291, 17, 10.72996],
			"rotation": {"angle": 22.5, "axis": "y", "origin": [4.30291, 16.5, 5.1264]},
			"faces": {
				"north": {"uv": [5.33333, 8, 5.66667, 9], "rotation": 270, "texture": "#5"},
				"east": {"uv": [5.33333, 8.5, 5.66667, 9], "rotation": 270, "texture": "#5"},
				"south": {"uv": [5.33333, 8, 5.66667, 9], "rotation": 270, "texture": "#5"},
				"west": {"uv": [5.33333, 8, 5.66667, 8.5], "rotation": 270, "texture": "#5"},
				"up": {"uv": [5.33333, 8, 5.66667, 9], "rotation": 270, "texture": "#5"},
				"down": {"uv": [5.33333, 8, 5.66667, 9], "rotation": 270, "texture": "#5"}
			}
		},
		{
			"from": [4.55291, 16, 8.72996],
			"to": [6.55291, 17, 9.72996],
			"rotation": {"angle": 22.5, "axis": "y", "origin": [4.30291, 16.5, 5.1264]},
			"faces": {
				"north": {"uv": [5.66667, 8, 6, 9], "rotation": 90, "texture": "#5"},
				"east": {"uv": [5.66667, 8.5, 6, 9], "rotation": 270, "texture": "#5"},
				"south": {"uv": [5.66667, 8, 6, 9], "rotation": 270, "texture": "#5"},
				"west": {"uv": [5.66667, 8, 6, 8.5], "rotation": 270, "texture": "#5"},
				"up": {"uv": [5.66667, 8, 6, 9], "rotation": 270, "texture": "#5"},
				"down": {"uv": [5.66667, 8, 6, 9], "rotation": 270, "texture": "#5"}
			}
		},
		{
			"from": [5.55291, 16, 7.72996],
			"to": [7.55291, 17, 8.72996],
			"rotation": {"angle": 22.5, "axis": "y", "origin": [4.30291, 16.5, 5.1264]},
			"faces": {
				"north": {"uv": [5.33333, 8.5, 6, 9], "texture": "#5"},
				"east": {"uv": [5.33333, 8.5, 5.66667, 9], "rotation": 180, "texture": "#5"},
				"south": {"uv": [5.33333, 8.5, 6, 9], "rotation": 180, "texture": "#5"},
				"west": {"uv": [5.66667, 8.5, 6, 9], "rotation": 180, "texture": "#5"},
				"up": {"uv": [5.33333, 8.5, 6, 9], "rotation": 180, "texture": "#5"},
				"down": {"uv": [5.33333, 8.5, 6, 9], "rotation": 180, "texture": "#5"}
			}
		},
		{
			"from": [-2.21664, 8.15851, 5.72996],
			"to": [-0.21664, 9.15851, 6.72996],
			"rotation": {"angle": -22.5, "axis": "z", "origin": [-0.71664, 8.65851, 5.22996]},
			"faces": {
				"north": {"uv": [5.33333, 8, 5.66667, 9], "rotation": 90, "texture": "#5"},
				"east": {"uv": [5.33333, 8, 5.66667, 8.5], "rotation": 90, "texture": "#5"},
				"south": {"uv": [5.33333, 8, 5.66667, 9], "rotation": 90, "texture": "#5"},
				"west": {"uv": [5.33333, 8.5, 5.66667, 9], "rotation": 90, "texture": "#5"},
				"up": {"uv": [5.33333, 8, 5.66667, 9], "rotation": 90, "texture": "#5"},
				"down": {"uv": [5.33333, 8, 5.66667, 9], "rotation": 90, "texture": "#5"}
			}
		},
		{
			"from": [-1.21664, 8.15851, 4.72996],
			"to": [0.78336, 9.15851, 5.72996],
			"rotation": {"angle": -22.5, "axis": "z", "origin": [-0.71664, 8.65851, 5.22996]},
			"faces": {
				"north": {"uv": [5.66667, 8, 6, 9], "rotation": 270, "texture": "#5"},
				"east": {"uv": [5.66667, 8, 6, 8.5], "rotation": 90, "texture": "#5"},
				"south": {"uv": [5.66667, 8, 6, 9], "rotation": 90, "texture": "#5"},
				"west": {"uv": [5.66667, 8.5, 6, 9], "rotation": 90, "texture": "#5"},
				"up": {"uv": [5.66667, 8, 6, 9], "rotation": 90, "texture": "#5"},
				"down": {"uv": [5.66667, 8, 6, 9], "rotation": 90, "texture": "#5"}
			}
		},
		{
			"from": [-2.21664, 8.15851, 3.72996],
			"to": [-0.21664, 9.15851, 4.72996],
			"rotation": {"angle": -22.5, "axis": "z", "origin": [-0.71664, 8.65851, 5.22996]},
			"faces": {
				"north": {"uv": [5.33333, 8.5, 6, 9], "rotation": 180, "texture": "#5"},
				"east": {"uv": [5.66667, 8.5, 6, 9], "texture": "#5"},
				"south": {"uv": [5.33333, 8.5, 6, 9], "texture": "#5"},
				"west": {"uv": [5.33333, 8.5, 5.66667, 9], "texture": "#5"},
				"up": {"uv": [5.33333, 8.5, 6, 9], "texture": "#5"},
				"down": {"uv": [5.33333, 8.5, 6, 9], "texture": "#5"}
			}
		},
		{
			"from": [3, 16, 4],
			"to": [6, 19, 7],
			"rotation": {"angle": 22.5, "axis": "y", "origin": [2.5, 17, 6.5]},
			"faces": {
				"north": {"uv": [6, 9.5, 7, 11], "texture": "#5"},
				"east": {"uv": [6, 8.5, 7, 10], "texture": "#5"},
				"south": {"uv": [6, 9, 7, 10.5], "texture": "#5"},
				"west": {"uv": [6, 8.5, 7, 10], "texture": "#5"},
				"up": {"uv": [6, 9.5, 7, 11], "rotation": 90, "texture": "#5"},
				"down": {"uv": [6, 8, 7, 9.5], "texture": "#5"}
			}
		},
		{
			"from": [3, 16, 9],
			"to": [4, 17, 10],
			"rotation": {"angle": 22.5, "axis": "y", "origin": [2.5, 17, 6.5]},
			"faces": {
				"north": {"uv": [6, 10.5, 6.33333, 11], "texture": "#5"},
				"east": {"uv": [6, 10.5, 6.33333, 11], "texture": "#5"},
				"south": {"uv": [6, 10.5, 6.33333, 11], "texture": "#5"},
				"west": {"uv": [6, 10.5, 6.33333, 11], "texture": "#5"},
				"up": {"uv": [6, 10.5, 6.33333, 11], "texture": "#5"},
				"down": {"uv": [6, 10.5, 6.33333, 11], "texture": "#5"}
			}
		},
		{
			"from": [2, 16, 7],
			"to": [3, 17, 9],
			"rotation": {"angle": 22.5, "axis": "y", "origin": [2.5, 17, 6.5]},
			"faces": {
				"north": {"uv": [6, 9, 6.33333, 9.5], "texture": "#5"},
				"east": {"uv": [6, 9, 6.33333, 10], "rotation": 90, "texture": "#5"},
				"south": {"uv": [6, 9.5, 6.33333, 10], "texture": "#5"},
				"west": {"uv": [6, 9, 6.33333, 10], "rotation": 270, "texture": "#5"},
				"up": {"uv": [6, 9, 6.33333, 10], "texture": "#5"},
				"down": {"uv": [6, 9, 6.33333, 10], "texture": "#5"}
			}
		},
		{
			"from": [3, 16, 14],
			"to": [5, 17, 15],
			"rotation": {"angle": 22.5, "axis": "y", "origin": [4.5, 16.5, 13]},
			"faces": {
				"north": {"uv": [7.33334, 11, 7.66667, 10], "rotation": 90, "texture": "#5"},
				"east": {"uv": [7.33334, 10, 7.66667, 11], "rotation": 90, "texture": "#5"},
				"south": {"uv": [7.33334, 10, 7.66667, 11], "rotation": 90, "texture": "#5"},
				"west": {"uv": [7.33334, 10.5, 7.66667, 11], "rotation": 90, "texture": "#5"},
				"up": {"uv": [7.33334, 10, 7.66667, 11], "rotation": 90, "texture": "#5"},
				"down": {"uv": [7.33334, 10, 7.66667, 11], "rotation": 90, "texture": "#5"}
			}
		},
		{
			"from": [5, 16, 14],
			"to": [9, 17, 15],
			"rotation": {"angle": 22.5, "axis": "y", "origin": [4.5, 16.5, 13]},
			"faces": {
				"north": {"uv": [7.33333, 8, 7.66667, 10.00001], "rotation": 90, "texture": "#5"},
				"east": {"uv": [7.33333, 8, 7.66667, 10.00001], "rotation": 90, "texture": "#5"},
				"south": {"uv": [7.33333, 8, 7.66667, 10.00001], "rotation": 90, "texture": "#5"},
				"west": {"uv": [7.33333, 8, 7.66667, 10.00001], "rotation": 90, "texture": "#5"},
				"up": {"uv": [7.33333, 8, 7.66667, 10.00001], "rotation": 90, "texture": "#5"},
				"down": {"uv": [7.33333, 8, 7.66667, 10.00001], "rotation": 90, "texture": "#5"}
			}
		},
		{
			"from": [5, 16, 13],
			"to": [8, 17, 14],
			"rotation": {"angle": 22.5, "axis": "y", "origin": [4.5, 16.5, 13]},
			"faces": {
				"north": {"uv": [7, 8.5, 7.33333, 10], "rotation": 90, "texture": "#5"},
				"east": {"uv": [7, 8.5, 7.33333, 10], "rotation": 90, "texture": "#5"},
				"south": {"uv": [7, 8.5, 7.33333, 10], "rotation": 90, "texture": "#5"},
				"west": {"uv": [7, 8.5, 7.33333, 10], "rotation": 90, "texture": "#5"},
				"up": {"uv": [7, 8.5, 7.33333, 10], "rotation": 90, "texture": "#5"},
				"down": {"uv": [7, 8.5, 7.33333, 10], "rotation": 90, "texture": "#5"}
			}
		}
	],
	"display": {
		"thirdperson_righthand": {
			"rotation": [75, 45, 0],
			"translation": [0, 2.5, 0],
			"scale": [0.375, 0.375, 0.375]
		},
		"thirdperson_lefthand": {
			"rotation": [75, 45, 0],
			"translation": [0, 2.5, 0],
			"scale": [0.375, 0.375, 0.375]
		},
		"firstperson_righthand": {
			"rotation": [0, 45, 0],
			"scale": [0.4, 0.4, 0.4]
		},
		"firstperson_lefthand": {
			"rotation": [0, 225, 0],
			"scale": [0.4, 0.4, 0.4]
		},
		"ground": {
			"translation": [0, 3, 0],
			"scale": [0.25, 0.25, 0.25]
		},
		"gui": {
			"rotation": [30, 225, 0],
			"scale": [0.625, 0.625, 0.625]
		},
		"fixed": {
			"scale": [0.5, 0.5, 0.5]
		}
	},
	"groups": [
		0,
		{
			"name": "Arrow Feather",
			"origin": [11.75961, 16.5, 8.05656],
			"color": 0,
			"children": [1, 2, 3]
		},
		{
			"name": "Arrow stick",
			"origin": [16.5, 23.75, 3.5],
			"color": 0,
			"children": [4]
		},
		{
			"name": "Arrow tip",
			"origin": [4.30291, 16.5, 5.1264],
			"color": 0,
			"children": [5, 6, 7]
		},
		{
			"name": "Arrow tip",
			"origin": [4.30291, 16.5, 5.1264],
			"color": 0,
			"children": [8, 9, 10]
		},
		{
			"name": "Wool",
			"origin": [0, 0, 0],
			"color": 0,
			"children": [11, 12, 13]
		},
		{
			"name": "knife",
			"origin": [0, 0, 0],
			"color": 0,
			"children": [14, 15, 16]
		},
		{
			"name": "knife",
			"origin": [0, 0, 0],
			"color": 0,
			"children": []
		}
	]
}