{"variants":{"facing=east,in_wall=false,open=false":{"model":"minecraft:block/bamboo_fence_gate"},"facing=east,in_wall=false,open=true":{"model":"minecraft:block/bamboo_fence_gate_east_open"},"facing=east,in_wall=true,open=false":{"model":"minecraft:block/bamboo_fence_gate"},"facing=east,in_wall=true,open=true":{"model":"minecraft:block/bamboo_fence_gate_east_open"},"facing=north,in_wall=false,open=false":{"model":"minecraft:block/bamboo_fence_gate_ns"},"facing=north,in_wall=false,open=true":{"model":"minecraft:block/bamboo_fence_gate_north_open"},"facing=north,in_wall=true,open=false":{"model":"minecraft:block/bamboo_fence_gate_ns"},"facing=north,in_wall=true,open=true":{"model":"minecraft:block/bamboo_fence_gate_north_open"},"facing=south,in_wall=false,open=false":{"model":"minecraft:block/bamboo_fence_gate_ns"},"facing=south,in_wall=false,open=true":{"model":"minecraft:block/bamboo_fence_gate_south_open"},"facing=south,in_wall=true,open=false":{"model":"minecraft:block/bamboo_fence_gate_ns"},"facing=south,in_wall=true,open=true":{"model":"minecraft:block/bamboo_fence_gate_south_open"},"facing=west,in_wall=false,open=false":{"model":"minecraft:block/bamboo_fence_gate"},"facing=west,in_wall=false,open=true":{"model":"minecraft:block/bamboo_fence_gate_west_open"},"facing=west,in_wall=true,open=false":{"model":"minecraft:block/bamboo_fence_gate"},"facing=west,in_wall=true,open=true":{"model":"minecraft:block/bamboo_fence_gate_west_open"}}}