{"variants":{"facing=south,in_wall=false,open=false":{"model":"block/cherry_fence_gate","uvlock":false,"y":270},"facing=west,in_wall=false,open=false":{"model":"block/cherry_fence_gate","uvlock":false},"facing=north,in_wall=false,open=false":{"model":"block/cherry_fence_gate","uvlock":false,"y":90},"facing=east,in_wall=false,open=false":{"model":"block/cherry_fence_gate","uvlock":false,"y":180},"facing=south,in_wall=false,open=true":{"model":"block/cherry_fence_gate_open","uvlock":false,"y":270},"facing=west,in_wall=false,open=true":{"model":"block/cherry_fence_gate_open","uvlock":false},"facing=north,in_wall=false,open=true":{"model":"block/cherry_fence_gate_open","uvlock":false,"y":90},"facing=east,in_wall=false,open=true":{"model":"block/cherry_fence_gate_open","uvlock":false,"y":180},"facing=south,in_wall=true,open=false":{"model":"block/cherry_fence_gate","uvlock":false,"y":270},"facing=west,in_wall=true,open=false":{"model":"block/cherry_fence_gate","uvlock":false},"facing=north,in_wall=true,open=false":{"model":"block/cherry_fence_gate","uvlock":false,"y":90},"facing=east,in_wall=true,open=false":{"model":"block/cherry_fence_gate","uvlock":false,"y":180},"facing=south,in_wall=true,open=true":{"model":"block/cherry_fence_gate_open","uvlock":false,"y":270},"facing=west,in_wall=true,open=true":{"model":"block/cherry_fence_gate_open","uvlock":false},"facing=north,in_wall=true,open=true":{"model":"block/cherry_fence_gate_open","uvlock":false,"y":90},"facing=east,in_wall=true,open=true":{"model":"block/cherry_fence_gate_open","uvlock":false,"y":180}}}