{"textures":{"0":"block/dark_oak_planks","particle":"block/dark_oak_planks"},"elements":[{"from":[1,12,0],"to":[9,13,2],"faces":{"north":{"uv":[7,2,15,3],"texture":"#0"},"east":{"uv":[14,2,16,3],"texture":"#0"},"south":{"uv":[1,2,9,3],"texture":"#0"},"west":{"uv":[0,2,2,3],"texture":"#0"},"up":{"uv":[1,0,9,2],"texture":"#0"},"down":{"uv":[1,14,9,16],"texture":"#0"}}},{"from":[1,1,0],"to":[9,2,2],"faces":{"north":{"uv":[7,13,15,14],"texture":"#0"},"east":{"uv":[14,13,16,14],"texture":"#0"},"south":{"uv":[1,13,9,14],"texture":"#0"},"west":{"uv":[0,13,2,14],"texture":"#0"},"up":{"uv":[1,0,9,2],"texture":"#0"},"down":{"uv":[1,14,9,16],"texture":"#0"}}},{"from":[3,2,0],"to":[9,3,2],"faces":{"north":{"uv":[7,12,13,13],"texture":"#0"},"east":{"uv":[14,12,16,13],"texture":"#0"},"south":{"uv":[3,12,9,13],"texture":"#0"},"west":{"uv":[0,12,2,13],"texture":"#0"},"up":{"uv":[3,0,9,2],"texture":"#0"}}},{"from":[3,11,0],"to":[9,12,2],"faces":{"north":{"uv":[7,3,13,4],"texture":"#0"},"east":{"uv":[14,3,16,4],"texture":"#0"},"south":{"uv":[3,3,9,4],"texture":"#0"},"west":{"uv":[0,3,2,4],"texture":"#0"},"down":{"uv":[3,14,9,16],"texture":"#0"}}},{"from":[5,4,0],"to":[6,10,2],"faces":{"north":{"uv":[10,5,11,11],"texture":"#0"},"east":{"uv":[14,5,16,11],"texture":"#0"},"south":{"uv":[5,5,6,11],"texture":"#0"},"west":{"uv":[0,5,2,11],"texture":"#0"}}},{"from":[0,5,0],"to":[5,9,2],"faces":{"north":{"uv":[11,6,16,10],"texture":"#0"},"south":{"uv":[0,6,5,10],"texture":"#0"},"west":{"uv":[0,6,2,10],"texture":"#0"},"up":{"uv":[0,0,5,2],"texture":"#0"},"down":{"uv":[0,14,5,16],"texture":"#0"}}},{"from":[1,4,0],"to":[4,10,2],"faces":{"north":{"uv":[12,5,15,11],"texture":"#0"},"east":{"uv":[14,5,16,11],"texture":"#0"},"south":{"uv":[1,5,4,11],"texture":"#0"},"west":{"uv":[0,5,2,11],"texture":"#0"},"up":{"uv":[1,0,4,2],"texture":"#0"},"down":{"uv":[1,14,4,16],"texture":"#0"}}},{"from":[4,10,0],"to":[7,11,2],"faces":{"north":{"uv":[9,4,12,5],"texture":"#0"},"east":{"uv":[14,4,16,5],"texture":"#0"},"south":{"uv":[4,4,7,5],"texture":"#0"},"west":{"uv":[0,4,2,5],"texture":"#0"},"down":{"uv":[4,14,7,16],"texture":"#0"}}},{"from":[4,3,0],"to":[7,4,2],"faces":{"north":{"uv":[9,11,12,12],"texture":"#0"},"east":{"uv":[14,11,16,12],"texture":"#0"},"south":{"uv":[4,11,7,12],"texture":"#0"},"west":{"uv":[0,11,2,12],"texture":"#0"},"up":{"uv":[4,0,7,2],"texture":"#0"}}},{"from":[7,1,14],"to":[15,2,16],"faces":{"north":{"uv":[1,13,9,14],"texture":"#0"},"east":{"uv":[0,13,2,14],"texture":"#0"},"south":{"uv":[7,13,15,14],"texture":"#0"},"west":{"uv":[14,13,16,14],"texture":"#0"},"up":{"uv":[7,14,15,16],"texture":"#0"},"down":{"uv":[7,0,15,2],"texture":"#0"}}},{"from":[7,2,14],"to":[13,3,16],"faces":{"north":{"uv":[3,12,9,13],"texture":"#0"},"east":{"uv":[0,12,2,13],"texture":"#0"},"south":{"uv":[7,12,13,13],"texture":"#0"},"west":{"uv":[14,12,16,13],"texture":"#0"},"up":{"uv":[7,14,13,16],"texture":"#0"}}},{"from":[9,3,14],"to":[12,4,16],"faces":{"north":{"uv":[4,11,7,12],"texture":"#0"},"east":{"uv":[0,11,2,12],"texture":"#0"},"south":{"uv":[9,11,12,12],"texture":"#0"},"west":{"uv":[14,11,16,12],"texture":"#0"},"up":{"uv":[9,14,12,16],"texture":"#0"}}},{"from":[10,4,14],"to":[11,10,16],"faces":{"north":{"uv":[5,5,6,11],"texture":"#0"},"east":{"uv":[0,5,2,11],"texture":"#0"},"south":{"uv":[10,5,11,11],"texture":"#0"},"west":{"uv":[14,5,16,11],"texture":"#0"}}},{"from":[9,10,14],"to":[12,11,16],"faces":{"north":{"uv":[4,4,7,5],"texture":"#0"},"east":{"uv":[0,4,2,5],"texture":"#0"},"south":{"uv":[9,4,12,5],"texture":"#0"},"west":{"uv":[14,4,16,5],"texture":"#0"},"down":{"uv":[9,0,12,2],"texture":"#0"}}},{"from":[7,11,14],"to":[13,12,16],"faces":{"north":{"uv":[3,3,9,4],"texture":"#0"},"east":{"uv":[0,3,2,4],"texture":"#0"},"south":{"uv":[7,3,13,4],"texture":"#0"},"west":{"uv":[14,3,16,4],"texture":"#0"},"down":{"uv":[7,0,13,2],"texture":"#0"}}},{"from":[7,12,14],"to":[15,13,16],"faces":{"north":{"uv":[1,2,9,3],"texture":"#0"},"east":{"uv":[0,2,2,3],"texture":"#0"},"south":{"uv":[7,2,15,3],"texture":"#0"},"west":{"uv":[14,2,16,3],"texture":"#0"},"up":{"uv":[7,14,15,16],"texture":"#0"},"down":{"uv":[7,0,15,2],"texture":"#0"}}}]}