{"variants":{"facing=south,in_wall=false,open=false":{"model":"block/mangrove_fence_gate","y":90},"facing=west,in_wall=false,open=false":{"model":"block/mangrove_fence_gate"},"facing=north,in_wall=false,open=false":{"model":"block/mangrove_fence_gate","y":90},"facing=east,in_wall=false,open=false":{"model":"block/mangrove_fence_gate"},"facing=south,in_wall=false,open=true":{"model":"block/mangrove_fence_gate_open_a","y":270},"facing=west,in_wall=false,open=true":{"model":"block/mangrove_fence_gate_open"},"facing=north,in_wall=false,open=true":{"model":"block/mangrove_fence_gate_open","y":90},"facing=east,in_wall=false,open=true":{"model":"block/mangrove_fence_gate_open_a","y":180},"facing=south,in_wall=true,open=false":{"model":"block/mangrove_fence_gate_wall","y":90},"facing=west,in_wall=true,open=false":{"model":"block/mangrove_fence_gate_wall"},"facing=north,in_wall=true,open=false":{"model":"block/mangrove_fence_gate_wall","y":90},"facing=east,in_wall=true,open=false":{"model":"block/mangrove_fence_gate_wall"},"facing=south,in_wall=true,open=true":{"model":"block/mangrove_fence_gate_wall_open_a","y":270},"facing=west,in_wall=true,open=true":{"model":"block/mangrove_fence_gate_wall_open"},"facing=north,in_wall=true,open=true":{"model":"block/mangrove_fence_gate_wall_open","y":90},"facing=east,in_wall=true,open=true":{"model":"block/mangrove_fence_gate_wall_open_a","y":180}}}