{"parent":"display/fence","textures":{"0":"block/mangrove_planks","2":"block/mangrove_fence_bits","particle":"block/mangrove_planks"},"elements":[{"from":[6.5,0,14],"to":[9.5,14,16],"faces":{"north":{"uv":[7,2,10,16],"texture":"#0"},"east":{"uv":[14,2,16,16],"texture":"#0"},"south":{"uv":[6,2,9,16],"texture":"#0"},"west":{"uv":[0,2,2,16],"texture":"#0"},"up":{"uv":[6,0,9,2],"texture":"#0"},"down":{"uv":[6,14,9,16],"texture":"#0"}}},{"from":[6.5,0,0],"to":[9.5,14,2],"faces":{"north":{"uv":[7,2,10,16],"texture":"#0"},"east":{"uv":[0,2,2,16],"texture":"#0"},"south":{"uv":[6,2,9,16],"texture":"#0"},"west":{"uv":[14,2,16,16],"texture":"#0"},"up":{"uv":[6,14,9,16],"texture":"#0"},"down":{"uv":[6,0,9,2],"texture":"#0"}}},{"from":[7,0,2],"to":[9,12,5],"faces":{"east":{"uv":[11,2,14,14],"texture":"#2"},"south":{"uv":[14,2,16,14],"texture":"#2"},"west":{"uv":[2,2,5,14],"texture":"#2"},"up":{"uv":[2,1,5,3],"rotation":90,"texture":"#2"},"down":{"uv":[11,13,14,15],"rotation":90,"texture":"#2"}}},{"from":[7,0,11],"to":[9,12,14],"faces":{"north":{"uv":[14,2,16,14],"texture":"#2"},"east":{"uv":[2,2,5,14],"texture":"#2"},"west":{"uv":[11,2,14,14],"texture":"#2"},"up":{"uv":[11,1,14,3],"rotation":90,"texture":"#2"},"down":{"uv":[2,13,5,15],"rotation":90,"texture":"#2"}}},{"from":[7,9,5],"to":[9,12,11],"faces":{"east":{"uv":[5,2,11,5],"texture":"#2"},"west":{"uv":[5,2,11,5],"texture":"#2"},"up":{"uv":[5,1,11,3],"rotation":90,"texture":"#2"},"down":{"uv":[5,6,11,8],"rotation":90,"texture":"#2"}}},{"from":[7,0,5],"to":[9,3,11],"faces":{"east":{"uv":[5,11,11,14],"texture":"#2"},"west":{"uv":[5,11,11,14],"texture":"#2"},"up":{"uv":[5,8,11,10],"rotation":90,"texture":"#2"},"down":{"uv":[5,13,11,15],"rotation":270,"texture":"#2"}}},{"from":[7,3,10],"to":[9,4,11],"faces":{"north":{"uv":[5,10,7,11],"texture":"#2"},"east":{"uv":[5,10,6,11],"texture":"#2"},"west":{"uv":[10,10,11,11],"texture":"#2"},"up":{"uv":[9,10,11,11],"rotation":180,"texture":"#2"}}},{"from":[7,3,5],"to":[9,4,6],"faces":{"east":{"uv":[10,10,11,11],"texture":"#2"},"south":{"uv":[5,10,7,11],"texture":"#2"},"west":{"uv":[5,10,6,11],"texture":"#2"},"up":{"uv":[5,10,7,11],"texture":"#2"}}},{"from":[7,8,5],"to":[9,9,6],"faces":{"east":{"uv":[10,5,11,6],"texture":"#2"},"south":{"uv":[9,5,11,6],"texture":"#2"},"west":{"uv":[5,5,6,6],"texture":"#2"},"down":{"uv":[5,5,7,6],"texture":"#2"}}},{"from":[7,8,10],"to":[9,9,11],"faces":{"north":{"uv":[9,5,11,6],"texture":"#2"},"east":{"uv":[5,5,6,6],"texture":"#2"},"west":{"uv":[10,5,11,6],"texture":"#2"},"down":{"uv":[9,5,11,6],"rotation":180,"texture":"#2"}}}]}