{"parent":"display/fence","textures":{"0":"block/mangrove_planks","2":"block/mangrove_fence_bits","particle":"block/mangrove_planks"},"elements":[{"from":[6.5,0,0],"to":[9.5,14,2],"faces":{"north":{"uv":[6,2,9,16],"texture":"#0"},"east":{"uv":[0,2,2,16],"texture":"#0"},"south":{"uv":[7,2,10,16],"texture":"#0"},"west":{"uv":[14,2,16,16],"texture":"#0"},"up":{"uv":[6,0,9,2],"rotation":180,"texture":"#0"},"down":{"uv":[6,14,9,16],"rotation":180,"texture":"#0"}}},{"from":[6.5,0,14],"to":[9.5,14,16],"faces":{"north":{"uv":[6,2,9,16],"texture":"#0"},"east":{"uv":[14,2,16,16],"texture":"#0"},"south":{"uv":[7,2,10,16],"texture":"#0"},"west":{"uv":[0,2,2,16],"texture":"#0"},"up":{"uv":[6,14,9,16],"rotation":180,"texture":"#0"},"down":{"uv":[6,0,9,2],"rotation":180,"texture":"#0"}}},{"from":[6,0,12],"to":[9,12,14],"faces":{"north":{"uv":[2,2,5,14],"texture":"#2"},"east":{"uv":[0,2,2,14],"texture":"#2"},"south":{"uv":[11,2,14,14],"texture":"#2"},"west":{"uv":[14,2,16,14],"texture":"#2"},"up":{"uv":[2,1,5,3],"rotation":180,"texture":"#2"},"down":{"uv":[11,13,14,15],"texture":"#2"}}},{"from":[-3,0,12],"to":[0,12,14],"faces":{"north":{"uv":[11,2,14,14],"texture":"#2"},"east":{"uv":[14,2,16,14],"texture":"#2"},"south":{"uv":[2,2,5,14],"texture":"#2"},"west":{"uv":[0,2,2,14],"texture":"#2"},"up":{"uv":[11,1,14,3],"rotation":180,"texture":"#2"},"down":{"uv":[2,13,5,15],"texture":"#2"}}},{"from":[0,9,12],"to":[6,12,14],"faces":{"north":{"uv":[5,2,11,5],"texture":"#2"},"south":{"uv":[5,2,11,5],"texture":"#2"},"up":{"uv":[5,1,11,3],"rotation":180,"texture":"#2"},"down":{"uv":[5,6,11,8],"texture":"#2"}}},{"from":[0,0,12],"to":[6,3,14],"faces":{"north":{"uv":[5,11,11,14],"texture":"#2"},"south":{"uv":[5,11,11,14],"texture":"#2"},"up":{"uv":[5,8,11,10],"rotation":180,"texture":"#2"},"down":{"uv":[5,13,11,15],"rotation":180,"texture":"#2"}}},{"from":[0,3,12],"to":[1,4,14],"faces":{"north":{"uv":[10,10,11,11],"texture":"#2"},"east":{"uv":[5,10,7,11],"texture":"#2"},"south":{"uv":[5,10,6,11],"texture":"#2"},"up":{"uv":[9,10,11,11],"rotation":270,"texture":"#2"}}},{"from":[5,3,12],"to":[6,4,14],"faces":{"north":{"uv":[5,10,6,11],"texture":"#2"},"south":{"uv":[10,10,11,11],"texture":"#2"},"west":{"uv":[5,10,7,11],"texture":"#2"},"up":{"uv":[5,10,7,11],"rotation":90,"texture":"#2"}}},{"from":[5,8,12],"to":[6,9,14],"faces":{"north":{"uv":[5,5,6,6],"texture":"#2"},"south":{"uv":[10,5,11,6],"texture":"#2"},"west":{"uv":[9,5,11,6],"texture":"#2"},"down":{"uv":[5,5,7,6],"rotation":270,"texture":"#2"}}},{"from":[0,8,12],"to":[1,9,14],"faces":{"north":{"uv":[10,5,11,6],"texture":"#2"},"east":{"uv":[9,5,11,6],"texture":"#2"},"south":{"uv":[5,5,6,6],"texture":"#2"},"down":{"uv":[9,5,11,6],"rotation":90,"texture":"#2"}}}]}