{
	"credit": "Made with Blockbench",
	"ambientocclusion": false,
	"textures": {
		"particle": "block/iron_bars",
		"edge": "block/iron_bars"
	},
	"elements": [
		{
			"from": [7, 0, 7],
			"to": [9, 16, 9],
			"faces": {
				"north": {"uv": [2, 0, 4, 16], "texture": "#edge"},
				"east": {"uv": [7, 0, 9, 16], "texture": "#edge"},
				"south": {"uv": [12, 0, 14, 16], "texture": "#edge"},
				"west": {"uv": [7, 0, 9, 16], "texture": "#edge"},
				"up": {"uv": [2, 0, 4, 2], "texture": "#edge"},
				"down": {"uv": [2, 0, 4, 2], "texture": "#edge"}
			}
		}
	]
}