{
	"credit": "Made with Blockbench",
	"ambientocclusion": false,
	"texture_size": [32, 32],
	"textures": {
		"0": "block/crimson_fungus_1",
		"particle": "block/crimson_fungus_1"
	},
	"elements": [
		{
			"from": [7, 0, 7],
			"to": [9, 6, 9],
			"faces": {
				"north": {"uv": [6, 12, 7, 15], "texture": "#0"},
				"east": {"uv": [6, 12, 7, 15], "texture": "#0"},
				"south": {"uv": [6, 12, 7, 15], "texture": "#0"},
				"west": {"uv": [6, 12, 7, 15], "texture": "#0"},
				"up": {"uv": [0, 7, 2, 16], "texture": "#missing"},
				"down": {"uv": [6, 14.75, 6.25, 15], "texture": "#0"}
			}
		},
		{
			"from": [6, 11, 6],
			"to": [10, 12, 10],
			"rotation": {"angle": 0, "axis": "y", "origin": [14, 19, 15]},
			"faces": {
				"north": {"uv": [6.75, 6, 8.75, 6.5], "texture": "#0"},
				"east": {"uv": [7, 0, 9, 0.5], "texture": "#0"},
				"south": {"uv": [12.25, 0, 14.25, 0.5], "texture": "#0"},
				"west": {"uv": [1.75, 0, 3.75, 0.5], "texture": "#0"},
				"up": {"uv": [1.5, 6.25, 3.5, 8.25], "texture": "#0"},
				"down": {"uv": [5, 7, 9, 11], "texture": "#missing"}
			}
		},
		{
			"from": [6, 8, 5],
			"to": [10, 11, 6],
			"rotation": {"angle": 0, "axis": "y", "origin": [14, 18, -2]},
			"faces": {
				"north": {"uv": [6.75, 6.5, 8.75, 8], "texture": "#0"},
				"east": {"uv": [9, 0.5, 9.5, 2], "texture": "#0"},
				"south": {"uv": [6, 8, 10, 11], "texture": "#missing"},
				"west": {"uv": [1.25, 0.5, 1.75, 2], "texture": "#0"},
				"up": {"uv": [1.5, 5.75, 3.5, 6.25], "texture": "#0"},
				"down": {"uv": [0, 0, 1, 4], "rotation": 90, "texture": "#missing"}
			}
		},
		{
			"from": [10, 8, 6],
			"to": [11, 11, 10],
			"rotation": {"angle": 0, "axis": "y", "origin": [18, 18, 14]},
			"faces": {
				"north": {"uv": [6.25, 6.5, 6.75, 8], "texture": "#0"},
				"east": {"uv": [7, 0.5, 9, 2], "texture": "#0"},
				"south": {"uv": [14.25, 0.5, 14.75, 2], "texture": "#0"},
				"west": {"uv": [6, 8, 10, 11], "texture": "#missing"},
				"up": {"uv": [3.5, 6.25, 4, 8.25], "texture": "#0"},
				"down": {"uv": [0, 0, 1, 4], "texture": "#missing"}
			}
		},
		{
			"from": [6, 8, 10],
			"to": [10, 11, 11],
			"rotation": {"angle": 0, "axis": "y", "origin": [2, 18, 18]},
			"faces": {
				"north": {"uv": [6, 8, 10, 11], "texture": "#missing"},
				"east": {"uv": [6.5, 0.5, 7, 2], "texture": "#0"},
				"south": {"uv": [12.25, 0.5, 14.25, 2], "texture": "#0"},
				"west": {"uv": [3.75, 0.5, 4.25, 2], "texture": "#0"},
				"up": {"uv": [1.5, 8.25, 3.5, 8.75], "texture": "#0"},
				"down": {"uv": [0, 0, 1, 4], "rotation": 270, "texture": "#missing"}
			}
		},
		{
			"from": [4.9999, 8.0002, 6.0001],
			"to": [5.9999, 11.0002, 10.0001],
			"rotation": {"angle": 0, "axis": "y", "origin": [-1, 18, 2]},
			"faces": {
				"north": {"uv": [8.75, 6.5, 9.25, 8], "texture": "#0"},
				"east": {"uv": [6, 8, 10, 11], "texture": "#missing"},
				"south": {"uv": [11.75, 0.5, 12.25, 2], "texture": "#0"},
				"west": {"uv": [1.75, 0.5, 3.75, 2], "texture": "#0"},
				"up": {"uv": [1, 6.25, 1.5, 8.25], "texture": "#0"},
				"down": {"uv": [0, 0, 1, 4], "rotation": 180, "texture": "#missing"}
			}
		},
		{
			"from": [3, 6, 6],
			"to": [13, 8, 10],
			"rotation": {"angle": 0, "axis": "y", "origin": [14, 18, -2]},
			"faces": {
				"north": {"uv": [5.25, 8, 10.25, 9], "texture": "#0"},
				"east": {"uv": [7, 2, 9, 3], "texture": "#0"},
				"south": {"uv": [10.75, 2, 15.75, 3], "texture": "#0"},
				"west": {"uv": [1.75, 2, 3.75, 3], "texture": "#0"},
				"up": {"uv": [0, 6.25, 5, 8.25], "texture": "#0"},
				"down": {"uv": [0, 12.5, 5, 14.5], "texture": "#0"}
			}
		},
		{
			"from": [6, 6, 10],
			"to": [10, 8, 13],
			"rotation": {"angle": 0, "axis": "y", "origin": [2, 18, 18]},
			"faces": {
				"north": {"uv": [0, 0, 4, 1], "texture": "#missing"},
				"east": {"uv": [5.5, 2, 7, 3], "texture": "#0"},
				"south": {"uv": [12.25, 2, 14.25, 3], "texture": "#0"},
				"west": {"uv": [3.75, 2, 5.25, 3], "texture": "#0"},
				"up": {"uv": [1.5, 8.25, 3.5, 9.75], "texture": "#0"},
				"down": {"uv": [1.5, 11, 3.5, 12.5], "texture": "#0"}
			}
		},
		{
			"from": [6, 6, 3],
			"to": [10, 8, 6],
			"rotation": {"angle": 0, "axis": "y", "origin": [2, 18, 11]},
			"faces": {
				"north": {"uv": [6.75, 8, 8.75, 9], "texture": "#0"},
				"east": {"uv": [9, 2, 10.5, 3], "texture": "#0"},
				"south": {"uv": [6, 9, 10, 10], "texture": "#missing"},
				"west": {"uv": [0.25, 2, 1.75, 3], "texture": "#0"},
				"up": {"uv": [1.5, 4.75, 3.5, 6.25], "texture": "#0"},
				"down": {"uv": [1.5, 14.5, 3.5, 16], "texture": "#0"}
			}
		},
		{
			"from": [10, 5, 6],
			"to": [12, 6, 10],
			"rotation": {"angle": 0, "axis": "y", "origin": [19, 13, 14]},
			"faces": {
				"north": {"uv": [5.75, 9, 6.75, 9.5], "texture": "#0"},
				"east": {"uv": [7, 3, 9, 3.5], "texture": "#0"},
				"south": {"uv": [14.25, 3, 15.25, 3.5], "texture": "#0"},
				"west": {"uv": [3.5, 12.5, 4, 14.5], "rotation": 90, "texture": "#0"},
				"up": {"uv": [0, 0, 2, 4], "texture": "#missing"},
				"down": {"uv": [3.5, 12.5, 4.5, 14.5], "texture": "#0"}
			}
		},
		{
			"from": [4, 5, 6],
			"to": [6, 6, 10],
			"rotation": {"angle": 0, "axis": "y", "origin": [14, 18, -2]},
			"faces": {
				"north": {"uv": [8.75, 9, 9.75, 9.5], "texture": "#0"},
				"east": {"uv": [1, 12.5, 1.5, 14.5], "rotation": 90, "texture": "#0"},
				"south": {"uv": [11.25, 3, 12.25, 3.5], "texture": "#0"},
				"west": {"uv": [1.75, 3, 3.75, 3.5], "texture": "#0"},
				"up": {"uv": [0, 0, 2, 4], "rotation": 180, "texture": "#missing"},
				"down": {"uv": [0.5, 12.5, 1.5, 14.5], "texture": "#0"}
			}
		},
		{
			"from": [6, 5, 10],
			"to": [10, 6, 12],
			"rotation": {"angle": 0, "axis": "y", "origin": [2, 18, 18]},
			"faces": {
				"north": {"uv": [1.5, 12, 3.5, 12.5], "texture": "#0"},
				"east": {"uv": [6, 3, 7, 3.5], "texture": "#0"},
				"south": {"uv": [12.25, 3, 14.25, 3.5], "texture": "#0"},
				"west": {"uv": [3.75, 3, 4.75, 3.5], "texture": "#0"},
				"up": {"uv": [0, 0, 2, 4], "rotation": 90, "texture": "#missing"},
				"down": {"uv": [1.5, 11.5, 3.5, 12.5], "texture": "#0"}
			}
		},
		{
			"from": [6, 5, 4],
			"to": [10, 6, 6],
			"rotation": {"angle": 0, "axis": "y", "origin": [14, 18, -2]},
			"faces": {
				"north": {"uv": [6.75, 9, 8.75, 9.5], "texture": "#0"},
				"east": {"uv": [9, 3, 10, 3.5], "texture": "#0"},
				"south": {"uv": [1.5, 14.25, 3.5, 14.75], "texture": "#0"},
				"west": {"uv": [0.75, 3, 1.75, 3.5], "texture": "#0"},
				"up": {"uv": [0, 0, 2, 4], "rotation": 270, "texture": "#missing"},
				"down": {"uv": [1.5, 14.5, 3.5, 15.5], "texture": "#0"}
			}
		},
		{
			"from": [10, 6, 4],
			"to": [12, 7, 6],
			"rotation": {"angle": 0, "axis": "y", "origin": [19, 14, 13]},
			"faces": {
				"north": {"uv": [5.75, 8.5, 6.75, 9], "texture": "#0"},
				"east": {"uv": [9, 2.5, 10, 3], "texture": "#0"},
				"south": {"uv": [0, 0, 2, 1], "texture": "#missing"},
				"west": {"uv": [0, 0, 2, 1], "texture": "#missing"},
				"up": {"uv": [3.5, 5.25, 4.5, 6.25], "texture": "#0"},
				"down": {"uv": [3.5, 14.5, 4.5, 15.5], "texture": "#0"}
			}
		},
		{
			"from": [4, 6, 4],
			"to": [6, 7, 6],
			"rotation": {"angle": 0, "axis": "y", "origin": [13, 14, -3]},
			"faces": {
				"north": {"uv": [8.75, 8.5, 9.75, 9], "texture": "#0"},
				"east": {"uv": [0, 0, 2, 1], "texture": "#missing"},
				"south": {"uv": [0, 0, 2, 1], "texture": "#missing"},
				"west": {"uv": [0.75, 2.5, 1.75, 3], "texture": "#0"},
				"up": {"uv": [0.5, 5.25, 1.5, 6.25], "texture": "#0"},
				"down": {"uv": [0.5, 14.5, 1.5, 15.5], "texture": "#0"}
			}
		},
		{
			"from": [4, 6, 10],
			"to": [6, 7, 12],
			"rotation": {"angle": 0, "axis": "y", "origin": [-3, 14, 3]},
			"faces": {
				"north": {"uv": [0, 0, 2, 1], "texture": "#missing"},
				"east": {"uv": [0, 0, 2, 1], "texture": "#missing"},
				"south": {"uv": [11.25, 2.5, 12.25, 3], "texture": "#0"},
				"west": {"uv": [3.75, 2.5, 4.75, 3], "texture": "#0"},
				"up": {"uv": [0.5, 8.25, 1.5, 9.25], "texture": "#0"},
				"down": {"uv": [0.5, 11.5, 1.5, 12.5], "texture": "#0"}
			}
		},
		{
			"from": [10, 6, 10],
			"to": [12, 7, 12],
			"rotation": {"angle": 0, "axis": "y", "origin": [3, 14, 19]},
			"faces": {
				"north": {"uv": [0, 0, 2, 1], "texture": "#missing"},
				"east": {"uv": [6, 2.5, 7, 3], "texture": "#0"},
				"south": {"uv": [14.25, 2.5, 15.25, 3], "texture": "#0"},
				"west": {"uv": [0, 0, 2, 1], "texture": "#missing"},
				"up": {"uv": [3.5, 8.25, 4.5, 9.25], "texture": "#0"},
				"down": {"uv": [3.5, 11.5, 4.5, 12.5], "texture": "#0"}
			}
		},
		{
			"from": [10, 7, 5],
			"to": [11, 8, 6],
			"rotation": {"angle": 0, "axis": "y", "origin": [18, 15, 13]},
			"faces": {
				"north": {"uv": [6.25, 8, 6.75, 8.5], "texture": "#0"},
				"east": {"uv": [9, 2, 9.5, 2.5], "texture": "#0"},
				"south": {"uv": [0, 0, 1, 1], "texture": "#missing"},
				"west": {"uv": [0, 0, 1, 1], "texture": "#missing"},
				"up": {"uv": [3.5, 5.75, 4, 6.25], "texture": "#0"},
				"down": {"uv": [0, 0, 1, 1], "texture": "#missing"}
			}
		},
		{
			"from": [5, 7, 5],
			"to": [6, 8, 6],
			"rotation": {"angle": 0, "axis": "y", "origin": [13, 14, -3]},
			"faces": {
				"north": {"uv": [8.75, 8, 9.25, 8.5], "texture": "#0"},
				"east": {"uv": [0, 0, 1, 1], "texture": "#missing"},
				"south": {"uv": [0, 0, 1, 1], "texture": "#missing"},
				"west": {"uv": [1.25, 2, 1.75, 2.5], "texture": "#0"},
				"up": {"uv": [1, 5.75, 1.5, 6.25], "texture": "#0"},
				"down": {"uv": [0, 0, 1, 1], "rotation": 90, "texture": "#missing"}
			}
		},
		{
			"from": [5, 7, 10],
			"to": [6, 8, 11],
			"rotation": {"angle": 0, "axis": "y", "origin": [-3, 14, 3]},
			"faces": {
				"north": {"uv": [0, 0, 1, 1], "texture": "#missing"},
				"east": {"uv": [0, 0, 1, 1], "texture": "#missing"},
				"south": {"uv": [11.75, 2, 12.25, 2.5], "texture": "#0"},
				"west": {"uv": [3.75, 2, 4.25, 2.5], "texture": "#0"},
				"up": {"uv": [1, 8.25, 1.5, 8.75], "texture": "#0"},
				"down": {"uv": [0, 0, 1, 1], "rotation": 180, "texture": "#missing"}
			}
		},
		{
			"from": [10, 7, 10],
			"to": [11, 8, 11],
			"rotation": {"angle": 0, "axis": "y", "origin": [3, 14, 19]},
			"faces": {
				"north": {"uv": [0, 0, 1, 1], "texture": "#missing"},
				"east": {"uv": [6.5, 2, 7, 2.5], "texture": "#0"},
				"south": {"uv": [14.25, 2, 14.75, 2.5], "texture": "#0"},
				"west": {"uv": [0, 0, 1, 1], "texture": "#missing"},
				"up": {"uv": [3.5, 8.25, 4, 8.75], "texture": "#0"},
				"down": {"uv": [0, 0, 1, 1], "rotation": 270, "texture": "#missing"}
			}
		}
	]
}