{
	"credit": "Made with Blockbench",
	"ambientocclusion": false,
	"texture_size": [32, 32],
	"textures": {
		"0": "block/warped_fungus_1",
		"particle": "block/warped_fungus_1"
	},
	"elements": [
		{
			"from": [7, 4, 7],
			"to": [9, 12, 9],
			"rotation": {"angle": -45, "axis": "y", "origin": [8, 10.41667, 8]},
			"faces": {
				"north": {"uv": [0.75, 0.75, 1.75, 4.75], "texture": "#0"},
				"east": {"uv": [0.75, 0.75, 1.75, 4.75], "texture": "#0"},
				"south": {"uv": [0.75, 0.75, 1.75, 4.75], "texture": "#0"},
				"west": {"uv": [0.75, 0.75, 1.75, 4.75], "texture": "#0"},
				"up": {"uv": [0, 8, 2, 16], "rotation": 180, "texture": "#missing"},
				"down": {"uv": [1, 4.25, 1.25, 4.5], "rotation": 180, "texture": "#0"}
			}
		},
		{
			"from": [4, 12, 4],
			"to": [12, 13, 12],
			"rotation": {"angle": -45, "axis": "y", "origin": [8, 10.41667, 8]},
			"faces": {
				"north": {"uv": [2.5, 5.5, 6.5, 6], "texture": "#0"},
				"east": {"uv": [7.25, 8.25, 11.25, 8.75], "texture": "#0"},
				"south": {"uv": [7.25, 5.5, 11.25, 6], "texture": "#0"},
				"west": {"uv": [2.5, 8.25, 6.5, 8.75], "texture": "#0"},
				"up": {"uv": [2.5, 0.75, 6.5, 4.75], "rotation": 180, "texture": "#0"},
				"down": {"uv": [7.25, 0.75, 11.25, 4.75], "texture": "#0"}
			}
		},
		{
			"from": [4, 9, 5],
			"to": [5, 12, 11],
			"rotation": {"angle": -45, "axis": "y", "origin": [8, 10.41667, 8]},
			"faces": {
				"north": {"uv": [15, 0, 16, 2], "texture": "#missing"},
				"east": {"uv": [7.25, 1.25, 8.75, 4.25], "rotation": 90, "texture": "#0"},
				"south": {"uv": [15, 0, 16, 2], "texture": "#missing"},
				"west": {"uv": [3, 8.75, 6, 10.25], "texture": "#0"},
				"up": {"uv": [15, 0, 16, 10], "rotation": 180, "texture": "#missing"},
				"down": {"uv": [7.25, 1.25, 7.75, 4.25], "texture": "#0"}
			}
		},
		{
			"from": [11, 9, 5],
			"to": [12, 12, 11],
			"rotation": {"angle": -45, "axis": "y", "origin": [8, 10.41667, 8]},
			"faces": {
				"north": {"uv": [15, 0, 16, 2], "texture": "#missing"},
				"east": {"uv": [7.75, 8.75, 10.75, 10.25], "texture": "#0"},
				"south": {"uv": [15, 0, 16, 2], "texture": "#missing"},
				"west": {"uv": [9.75, 1.25, 11.25, 4.25], "rotation": 90, "texture": "#0"},
				"up": {"uv": [15, 0, 16, 10], "texture": "#missing"},
				"down": {"uv": [10.75, 1.25, 11.25, 4.25], "texture": "#0"}
			}
		},
		{
			"from": [4, 9, 11],
			"to": [12, 12, 12],
			"rotation": {"angle": -45, "axis": "y", "origin": [8, 10.41667, 8]},
			"faces": {
				"north": {"uv": [7.25, 0.75, 11.25, 2.25], "texture": "#0"},
				"east": {"uv": [7.25, 8.75, 7.75, 10.25], "texture": "#0"},
				"south": {"uv": [7.25, 6, 11.25, 7.5], "texture": "#0"},
				"west": {"uv": [6, 8.75, 6.5, 10.25], "texture": "#0"},
				"up": {"uv": [0, 0, 1, 10], "rotation": 90, "texture": "#missing"},
				"down": {"uv": [7.25, 0.75, 11.25, 1.25], "texture": "#0"}
			}
		},
		{
			"from": [4, 9, 4],
			"to": [12, 12, 5],
			"rotation": {"angle": -45, "axis": "y", "origin": [8, 10.41667, 8]},
			"faces": {
				"north": {"uv": [2.5, 6, 6.5, 7.5], "texture": "#0"},
				"east": {"uv": [10.75, 8.75, 11.25, 10.25], "texture": "#0"},
				"south": {"uv": [7.25, 3.25, 11.25, 4.75], "texture": "#0"},
				"west": {"uv": [2.5, 8.75, 3, 10.25], "texture": "#0"},
				"up": {"uv": [0, 0, 1, 10], "rotation": 270, "texture": "#missing"},
				"down": {"uv": [7.25, 4.25, 11.25, 4.75], "texture": "#0"}
			}
		}
	]
}