{
	"credit": "Made with Blockbench",
	"textures": {
		"0": "block/brown_mushroom_1",
		"particle": "block/brown_mushroom_1"
	},
	"elements": [
		{
			"name": "Stem",
			"from": [7, 5, 7],
			"to": [9, 8, 9],
			"rotation": {"angle": -45, "axis": "y", "origin": [8, 6.5, 8]},
			"faces": {
				"north": {"uv": [6, 0, 8, 3], "texture": "#0"},
				"east": {"uv": [4, 0, 6, 3], "texture": "#0"},
				"south": {"uv": [2, 0, 4, 3], "texture": "#0"},
				"west": {"uv": [0, 0, 2, 3], "texture": "#0"},
				"down": {"uv": [11, 11, 13, 13], "texture": "#0"}
			}
		},
		{
			"name": "Cap",
			"from": [4, 8, 4],
			"to": [12, 10, 12],
			"rotation": {"angle": -45, "axis": "y", "origin": [8, 9, 8]},
			"faces": {
				"north": {"uv": [0, 5, 8, 7], "texture": "#0"},
				"east": {"uv": [0, 8, 8, 10], "texture": "#0"},
				"south": {"uv": [0, 14, 8, 16], "texture": "#0"},
				"west": {"uv": [0, 11, 8, 13], "texture": "#0"},
				"up": {"uv": [8, 0, 16, 8], "texture": "#0"},
				"down": {"uv": [8, 8, 16, 16], "texture": "#0"}
			}
		},
		{
			"name": "Cap",
			"from": [5, 10, 5],
			"to": [11, 11, 11],
			"rotation": {"angle": -45, "axis": "y", "origin": [8, 10.5, 8]},
			"faces": {
				"north": {"uv": [1, 4, 7, 5], "texture": "#0"},
				"east": {"uv": [1, 7, 7, 8], "texture": "#0"},
				"south": {"uv": [1, 13, 7, 14], "texture": "#0"},
				"west": {"uv": [1, 10, 7, 11], "texture": "#0"},
				"up": {"uv": [9, 1, 15, 7], "texture": "#0"}
			}
		}
	]
}