1, structory:abandoned_camp, HEADING, header:ignore, 0, 0, 0
2, structory:abandoned_chapel, HEADING, header:ignore, 0, 0, 0
3, hauntedharvest:abandoned_farm, HEADING, header:ignore, 0, 0, 0
4, idas:abandonedhouse, HEADING, header:ignore, 0, 0, 0
5, minecraft:ancient_city, HEADING, header:ignore, 0, 0, 0
6, the_bumblezone:ancient_hoops, HEADING, header:ignore, 0, 0, 0
7, idas:ancient_mines, HEADING, header:ignore, 0, 0, 0
8, idas:ancient_mines, MONSTER, minecraft:silverfish, 10, 1, 1
9, idas:ancient_mines, MONSTER, quark:wraith, 10, 1, 1
10, idas:ancient_portal/ancient_portal, HEADING, header:ignore, 0, 0, 0
11, idas:ancient_portal/ancient_portal, MONSTER, minecraft:silverfish, 10, 1, 4
12, idas:ancient_portal/ancient_portal, MONSTER, quark:wraith, 10, 1, 4
13, idas:ancient_portal/nether_ancient_portal, HEADING, header:ignore, 0, 0, 0
14, idas:ancient_portal/nether_ancient_portal, MONSTER, quark:wraith, 10, 1, 1
15, the_bumblezone:ancient_shrine, HEADING, header:ignore, 0, 0, 0
16, idas:ancient_statue/ancient_statue_desert, HEADING, header:ignore, 0, 0, 0
17, idas:ancient_statue/ancient_statue_jungle, HEADING, header:ignore, 0, 0, 0
18, idas:ancient_statue/ancient_statue_plains, HEADING, header:ignore, 0, 0, 0
19, idas:animal_den/forest_den, HEADING, header:ignore, 0, 0, 0
20, idas:animal_den/foxhound_den, HEADING, header:ignore, 0, 0, 0
21, idas:animal_den/polar_bear_den, HEADING, header:ignore, 0, 0, 0
22, spawn:ant_mount, HEADING, header:ignore, 0, 0, 0
23, idas:apothecary_abode, HEADING, header:ignore, 0, 0, 0
24, betterarcheology:archeologist_camp_grassy, HEADING, header:ignore, 0, 0, 0
25, betterarcheology:archeologist_camp_redsand, HEADING, header:ignore, 0, 0, 0
26, betterarcheology:archeologist_camp_sand, HEADING, header:ignore, 0, 0, 0
27, mes:astral_hideaway, HEADING, header:ignore, 0, 0, 0
28, mes:astral_meteorite, HEADING, header:ignore, 0, 0, 0
29, bakery:bakery, HEADING, header:ignore, 0, 0, 0
30, bakery:bakery, CREATURE, minecraft:pig, 10, 1, 4
31, formationsoverworld:bamboo_hut, HEADING, header:ignore, 0, 0, 0
32, letsdoaddon-structures:barn, HEADING, header:ignore, 0, 0, 0
33, formationsnether:basalt_hut, HEADING, header:ignore, 0, 0, 0
34, minecraft:bastion_remnant, HEADING, header:ignore, 0, 0, 0
35, the_bumblezone:battle_cubes, HEADING, header:ignore, 0, 0, 0
36, idas:bazaar, HEADING, header:ignore, 0, 0, 0
37, mvs:beach_bar, HEADING, header:ignore, 0, 0, 0
38, letsdoaddon-structures:bear_den_tree, HEADING, header:ignore, 0, 0, 0
39, idas:bearclaw_inn, HEADING, header:ignore, 0, 0, 0
40, the_bumblezone:bee_house, HEADING, header:ignore, 0, 0, 0
41, the_bumblezone:bee_house, CREATURE, minecraft:bee, 10, 1, 1
42, idas:beekeepers_house, HEADING, header:ignore, 0, 0, 0
43, meadow:bench, HEADING, header:ignore, 0, 0, 0
44, meadow:bench, CREATURE, minecraft:pig, 10, 1, 4
45, formationsnether:blackstone_castle, HEADING, header:ignore, 0, 0, 0
46, formationsnether:blackstone_remnant, HEADING, header:ignore, 0, 0, 0
47, structory:boat, HEADING, header:ignore, 0, 0, 0
48, beautify:botanist_house_desert, HEADING, header:ignore, 0, 0, 0
49, beautify:botanist_house_plains, HEADING, header:ignore, 0, 0, 0
50, beautify:botanist_house_savanna, HEADING, header:ignore, 0, 0, 0
51, beautify:botanist_house_snowy, HEADING, header:ignore, 0, 0, 0
52, beautify:botanist_house_taiga, HEADING, header:ignore, 0, 0, 0
53, brewery:brewfest_tent, HEADING, header:ignore, 0, 0, 0
54, idas:brickhouse, HEADING, header:ignore, 0, 0, 0
55, aether:bronze_dungeon, HEADING, header:ignore, 0, 0, 0
56, betterarcheology:buried_ruins_sand, HEADING, header:ignore, 0, 0, 0
57, minecraft:buried_treasure, HEADING, header:ignore, 0, 0, 0
58, formationsnether:campsite, HEADING, header:ignore, 0, 0, 0
59, formationsoverworld:campsite, HEADING, header:ignore, 0, 0, 0
60, stellarity:campsite, HEADING, header:ignore, 0, 0, 0
61, the_bumblezone:candle_parkour, HEADING, header:ignore, 0, 0, 0
62, the_bumblezone:cannon_range, HEADING, header:ignore, 0, 0, 0
63, mvs:cartographer_tower, HEADING, header:ignore, 0, 0, 0
64, mvs:carts/cart, HEADING, header:ignore, 0, 0, 0
65, mvs:carts/large_cart_1, HEADING, header:ignore, 0, 0, 0
66, mvs:carts/large_cart_2, HEADING, header:ignore, 0, 0, 0
67, mvs:carts/medium_bamboo_cart, HEADING, header:ignore, 0, 0, 0
68, dungeons_enhanced:castle, HEADING, header:ignore, 0, 0, 0
69, idas:castle, HEADING, header:ignore, 0, 0, 0
70, eidolon:catacomb, HEADING, header:ignore, 0, 0, 0
71, eidolon:catacomb, MONSTER, eidolon:giant_skeleton, 60, 1, 5
72, betterarcheology:catacombs, HEADING, header:ignore, 0, 0, 0
73, mvs:cathedral, HEADING, header:ignore, 0, 0, 0
74, mvs:cathedral, MONSTER, minecraft:skeleton, 10, 1, 2
75, mvs:cathedral, MONSTER, minecraft:zombie, 10, 2, 5
76, the_bumblezone:cell_maze, HEADING, header:ignore, 0, 0, 0
77, meadow:chalet, HEADING, header:ignore, 0, 0, 0
78, meadow:chapel, HEADING, header:ignore, 0, 0, 0
79, stellarity:chapel_of_light, HEADING, header:ignore, 0, 0, 0
80, formationsnether:checkerboard_temple, HEADING, header:ignore, 0, 0, 0
81, the_bumblezone:cherry_veteran_tree, HEADING, header:ignore, 0, 0, 0
82, friendsandfoes:citadel, HEADING, header:ignore, 0, 0, 0
83, friendsandfoes:citadel, MONSTER, minecraft:blaze, 10, 1, 2
84, formationsoverworld:copper_spire, HEADING, header:ignore, 0, 0, 0
85, idas:cottage, HEADING, header:ignore, 0, 0, 0
86, letsdoaddon-structures:crimson_vinery, HEADING, header:ignore, 0, 0, 0
87, mvs:crystal, HEADING, header:ignore, 0, 0, 0
88, the_bumblezone:dance_floor, HEADING, header:ignore, 0, 0, 0
89, the_bumblezone:dance_floor, CREATURE, minecraft:bee, 10, 1, 1
90, mvs:dead_tree/acacia, HEADING, header:ignore, 0, 0, 0
91, mvs:dead_tree/birch, HEADING, header:ignore, 0, 0, 0
92, mvs:dead_tree/cherry, HEADING, header:ignore, 0, 0, 0
93, mvs:dead_tree/dark_oak, HEADING, header:ignore, 0, 0, 0
94, mvs:dead_tree/jungle, HEADING, header:ignore, 0, 0, 0
95, mvs:dead_tree/mangrove, HEADING, header:ignore, 0, 0, 0
96, mvs:dead_tree/oak, HEADING, header:ignore, 0, 0, 0
97, mvs:dead_tree/spruce, HEADING, header:ignore, 0, 0, 0
98, dungeons_enhanced:deep_crypt, HEADING, header:ignore, 0, 0, 0
99, structory:dense_forest_ruin, HEADING, header:ignore, 0, 0, 0
100, idas:desert_camp/desert_camp, HEADING, header:ignore, 0, 0, 0
101, idas:desert_camp/desert_camp_bygwindswept, HEADING, header:ignore, 0, 0, 0
102, idas:desert_camp/desert_camp_orange, HEADING, header:ignore, 0, 0, 0
103, idas:desert_camp/desert_camp_red, HEADING, header:ignore, 0, 0, 0
104, formationsoverworld:desert_houses, HEADING, header:ignore, 0, 0, 0
105, idas:desert_market/desert_market, HEADING, header:ignore, 0, 0, 0
106, idas:desert_market/desert_market_orange, HEADING, header:ignore, 0, 0, 0
107, idas:desert_market/desert_market_red, HEADING, header:ignore, 0, 0, 0
108, betterarcheology:desert_obelisk, HEADING, header:ignore, 0, 0, 0
109, minecraft:desert_pyramid, HEADING, header:ignore, 0, 0, 0
110, dungeons_enhanced:desert_temple, HEADING, header:ignore, 0, 0, 0
111, dungeons_enhanced:desert_tomb, HEADING, header:ignore, 0, 0, 0
112, dungeons_enhanced:druid_circle, HEADING, header:ignore, 0, 0, 0
113, dungeons_enhanced:dungeon_variant, HEADING, header:ignore, 0, 0, 0
114, dungeons_enhanced:elders_temple, HEADING, header:ignore, 0, 0, 0
115, dungeons_enhanced:elders_temple, MONSTER, minecraft:guardian, 10, 2, 4
116, idas:enchantingtower, HEADING, header:ignore, 0, 0, 0
117, minecraft:end_city, HEADING, header:ignore, 0, 0, 0
118, mes:ender_spire, HEADING, header:ignore, 0, 0, 0
119, mes:enderbloom_grove, HEADING, header:ignore, 0, 0, 0
120, mes:enderkeep_courtyard, HEADING, header:ignore, 0, 0, 0
121, mes:enderpin_spikes, HEADING, header:ignore, 0, 0, 0
122, mes:enderskog, HEADING, header:ignore, 0, 0, 0
123, mes:enderwatch_tower, HEADING, header:ignore, 0, 0, 0
124, mes:endscraps, HEADING, header:ignore, 0, 0, 0
125, verdantvibes:fairy_circle, HEADING, header:ignore, 0, 0, 0
126, idas:farmhouse, HEADING, header:ignore, 0, 0, 0
127, formationsoverworld:farmland_field, HEADING, header:ignore, 0, 0, 0
128, structory:firetower, HEADING, header:ignore, 0, 0, 0
129, idas:fishermans_lodge, HEADING, header:ignore, 0, 0, 0
130, dungeons_enhanced:fishing_ship, HEADING, header:ignore, 0, 0, 0
131, formationsnether:flaming_pillar, HEADING, header:ignore, 0, 0, 0
132, dungeons_enhanced:flying_dutchman, HEADING, header:ignore, 0, 0, 0
133, medieval_buildings:fort, HEADING, header:ignore, 0, 0, 0
134, betterfortresses:fortress, HEADING, header:ignore, 0, 0, 0
135, betterfortresses:fortress, MONSTER, minecraft:blaze, 10, 2, 3
136, betterfortresses:fortress, MONSTER, minecraft:zombified_piglin, 10, 4, 4
137, betterfortresses:fortress, MONSTER, minecraft:wither_skeleton, 10, 5, 5
138, betterfortresses:fortress, MONSTER, minecraft:skeleton, 10, 5, 5
139, betterfortresses:fortress, MONSTER, minecraft:magma_cube, 10, 4, 4
140, minecraft:fortress, HEADING, header:ignore, 0, 0, 0
141, minecraft:fortress, MONSTER, minecraft:blaze, 10, 2, 3
142, minecraft:fortress, MONSTER, minecraft:zombified_piglin, 10, 4, 4
143, minecraft:fortress, MONSTER, minecraft:wither_skeleton, 10, 5, 5
144, minecraft:fortress, MONSTER, minecraft:skeleton, 10, 5, 5
145, minecraft:fortress, MONSTER, minecraft:magma_cube, 10, 4, 4
146, stellarity:fossil, HEADING, header:ignore, 0, 0, 0
147, betterarcheology:fossil_chicken, HEADING, header:ignore, 0, 0, 0
148, betterarcheology:fossil_chicken_birch, HEADING, header:ignore, 0, 0, 0
149, betterarcheology:fossil_creeper, HEADING, header:ignore, 0, 0, 0
150, betterarcheology:fossil_jungle_0, HEADING, header:ignore, 0, 0, 0
151, betterarcheology:fossil_jungle_1, HEADING, header:ignore, 0, 0, 0
152, betterarcheology:fossil_sheep_0, HEADING, header:ignore, 0, 0, 0
153, betterarcheology:fossil_wolf, HEADING, header:ignore, 0, 0, 0
154, formationsoverworld:fountain, HEADING, header:ignore, 0, 0, 0
155, idas:frozen_crypt, HEADING, header:ignore, 0, 0, 0
156, caupona:fumarole, HEADING, header:ignore, 0, 0, 0
157, mvs:gallows, HEADING, header:ignore, 0, 0, 0
158, aether:gold_dungeon, HEADING, header:ignore, 0, 0, 0
159, formationsoverworld:graveyard, HEADING, header:ignore, 0, 0, 0
160, structory:graveyard, HEADING, header:ignore, 0, 0, 0
161, the_bumblezone:hanging_garden, HEADING, header:ignore, 0, 0, 0
162, idas:haunted_manor, HEADING, header:ignore, 0, 0, 0
163, idas:haunted_manor, MONSTER, quark:wraith, 10, 3, 4
164, dungeons_enhanced:hay_storage, HEADING, header:ignore, 0, 0, 0
165, idas:hermits_hollow, HEADING, header:ignore, 0, 0, 0
166, the_bumblezone:hive_temple, HEADING, header:ignore, 0, 0, 0
167, the_bumblezone:hive_temple, CREATURE, the_bumblezone:honey_slime, 10, 1, 1
168, formationsoverworld:hobbit_hole, HEADING, header:ignore, 0, 0, 0
169, the_bumblezone:honey_cave_room, HEADING, header:ignore, 0, 0, 0
170, the_bumblezone:honey_cave_room, CREATURE, the_bumblezone:beehemoth, 10, 1, 1
171, the_bumblezone:honey_fountain, HEADING, header:ignore, 0, 0, 0
172, the_bumblezone:honey_slime_ranch, HEADING, header:ignore, 0, 0, 0
173, the_bumblezone:honitel, HEADING, header:ignore, 0, 0, 0
174, the_bumblezone:honitel, CREATURE, minecraft:bee, 10, 1, 1
175, mvs:horse_pen, HEADING, header:ignore, 0, 0, 0
176, medieval_buildings:house_1, HEADING, header:ignore, 0, 0, 0
177, medieval_buildings:house_2, HEADING, header:ignore, 0, 0, 0
178, mvs:houses/azelea_house, HEADING, header:ignore, 0, 0, 0
179, mvs:houses/barn, HEADING, header:ignore, 0, 0, 0
180, mvs:houses/deepslate_house, HEADING, header:ignore, 0, 0, 0
181, mvs:houses/desert_house, HEADING, header:ignore, 0, 0, 0
182, mvs:houses/flower_hole, HEADING, header:ignore, 0, 0, 0
183, mvs:houses/house, HEADING, header:ignore, 0, 0, 0
184, mvs:houses/large_floating_island, HEADING, header:ignore, 0, 0, 0
185, mvs:houses/large_warped_tower, HEADING, header:ignore, 0, 0, 0
186, mvs:houses/medium_igloo_1, HEADING, header:ignore, 0, 0, 0
187, mvs:houses/medium_igloo_2, HEADING, header:ignore, 0, 0, 0
188, mvs:houses/small_igloo, HEADING, header:ignore, 0, 0, 0
189, mvs:houses/small_swamp_house, HEADING, header:ignore, 0, 0, 0
190, mvs:houses/tall_house, HEADING, header:ignore, 0, 0, 0
191, mvs:houses/warped_house, HEADING, header:ignore, 0, 0, 0
192, idas:hunters_cabin, HEADING, header:ignore, 0, 0, 0
193, aquamirae:ice_maze/arch, HEADING, header:ignore, 0, 0, 0
194, aquamirae:ice_maze/arch, MONSTER, aquamirae:maw, 50, 1, 2
198, aquamirae:ice_maze/arch, MONSTER, aquamirae:maze_mother, 1, 1, 1
195, aquamirae:ice_maze/arch, AMBIENT, aquamirae:golden_moth, 10, 1, 2
196, aquamirae:ice_maze/common, HEADING, header:ignore, 0, 0, 0
197, aquamirae:ice_maze/common, MONSTER, aquamirae:maw, 50, 1, 2
198, aquamirae:ice_maze/spiral, HEADING, header:ignore, 0, 0, 0
199, aquamirae:ice_maze/spiral, MONSTER, aquamirae:maw, 50, 2, 6
200, the_bumblezone:ice_monolith, HEADING, header:ignore, 0, 0, 0
201, dungeons_enhanced:ice_pit, HEADING, header:ignore, 0, 0, 0
202, idas:iceandfire/dread_citadel, HEADING, header:ignore, 0, 0, 0
203, friendsandfoes:iceologer_cabin, HEADING, header:ignore, 0, 0, 0
204, friendsandfoes:iceologer_cabin, MONSTER, minecraft:pig, 10, 1, 1
205, minecraft:igloo, HEADING, header:ignore, 0, 0, 0
206, letsdoaddon-structures:illager_camp, HEADING, header:ignore, 0, 0, 0
207, letsdoaddon-structures:illager_camp, MONSTER, minecraft:pillager, 10, 1, 1
208, letsdoaddon-structures:illager_camp, MONSTER, minecraft:vindicator, 10, 1, 1
209, letsdoaddon-structures:illager_mine, HEADING, header:ignore, 0, 0, 0
210, letsdoaddon-structures:illager_mine, MONSTER, minecraft:pillager, 20, 1, 1
211, letsdoaddon-structures:illager_mine, MONSTER, minecraft:vindicator, 10, 1, 1
212, letsdoaddon-structures:illager_mine, MONSTER, minecraft:evoker, 10, 1, 1
213, friendsandfoes:illusioner_shack, HEADING, header:ignore, 0, 0, 0
214, friendsandfoes:illusioner_shack, MONSTER, minecraft:illusioner, 10, 1, 1
215, friendsandfoes:illusioner_training_grounds, HEADING, header:ignore, 0, 0, 0
216, friendsandfoes:illusioner_training_grounds, MONSTER, minecraft:illusioner, 10, 1, 1
217, friendsandfoes:illusioner_training_grounds, MONSTER, minecraft:pillager, 10, 1, 2
218, dungeons_enhanced:jungle_monument, HEADING, header:ignore, 0, 0, 0
219, minecraft:jungle_pyramid, HEADING, header:ignore, 0, 0, 0
220, structory:jungle_ruin, HEADING, header:ignore, 0, 0, 0
221, structory:jungle_ruin, MONSTER, minecraft:creeper, 10, 4, 4
222, mvs:jungle_tower, HEADING, header:ignore, 0, 0, 0
223, eidolon:lab, HEADING, header:ignore, 0, 0, 0
224, idas:labyrinth, HEADING, header:ignore, 0, 0, 0
225, deep_aether:lake_oasis, HEADING, header:ignore, 0, 0, 0
226, deep_aether:lake_oasis, CREATURE, minecraft:pig, 10, 4, 10
227, mvs:lantern/medium_oak_lantern, HEADING, header:ignore, 0, 0, 0
228, mvs:lantern/small_acacia_lantern, HEADING, header:ignore, 0, 0, 0
229, mvs:lantern/small_bamboo_lantern, HEADING, header:ignore, 0, 0, 0
230, mvs:lantern/small_birch_lantern, HEADING, header:ignore, 0, 0, 0
231, mvs:lantern/small_campfire_lantern, HEADING, header:ignore, 0, 0, 0
232, mvs:lantern/small_cherry_lantern, HEADING, header:ignore, 0, 0, 0
233, mvs:lantern/small_dark_oak_lantern, HEADING, header:ignore, 0, 0, 0
234, mvs:lantern/small_jungle_lantern, HEADING, header:ignore, 0, 0, 0
235, mvs:lantern/small_mangrove_lantern, HEADING, header:ignore, 0, 0, 0
236, mvs:lantern/small_oak_lantern, HEADING, header:ignore, 0, 0, 0
237, mvs:lantern/small_spruce_lantern, HEADING, header:ignore, 0, 0, 0
238, ctov:large/village_beach, HEADING, header:ignore, 0, 0, 0
239, ctov:large/village_beach, CREATURE, mythicmounts:firebird, 30, 1, 1
240, ctov:large/village_dark_forest, HEADING, header:ignore, 0, 0, 0
241, ctov:large/village_dark_forest, CREATURE, mythicmounts:firebird, 30, 1, 1
242, ctov:large/village_desert, HEADING, header:ignore, 0, 0, 0
243, ctov:large/village_desert, CREATURE, mythicmounts:firebird, 30, 1, 1
244, ctov:large/village_jungle, HEADING, header:ignore, 0, 0, 0
245, ctov:large/village_jungle, CREATURE, mythicmounts:firebird, 30, 1, 1
246, ctov:large/village_mesa, HEADING, header:ignore, 0, 0, 0
247, ctov:large/village_mesa, CREATURE, mythicmounts:firebird, 30, 1, 1
248, ctov:large/village_mountain, HEADING, header:ignore, 0, 0, 0
249, ctov:large/village_mountain, CREATURE, mythicmounts:firebird, 30, 1, 1
250, ctov:large/village_mushroom, HEADING, header:ignore, 0, 0, 0
251, ctov:large/village_mushroom, CREATURE, mythicmounts:firebird, 30, 1, 1
252, ctov:large/village_plains, HEADING, header:ignore, 0, 0, 0
253, ctov:large/village_plains, CREATURE, mythicmounts:firebird, 30, 1, 1
254, ctov:large/village_savanna, HEADING, header:ignore, 0, 0, 0
255, ctov:large/village_savanna, CREATURE, mythicmounts:firebird, 30, 1, 1
256, ctov:large/village_snowy, HEADING, header:ignore, 0, 0, 0
257, ctov:large/village_snowy, CREATURE, mythicmounts:firebird, 30, 1, 1
258, ctov:large/village_swamp, HEADING, header:ignore, 0, 0, 0
259, ctov:large/village_swamp, CREATURE, mythicmounts:firebird, 30, 1, 1
260, ctov:large/village_taiga, HEADING, header:ignore, 0, 0, 0
261, ctov:large/village_underground, HEADING, header:ignore, 0, 0, 0
262, aether:large_aercloud, HEADING, header:ignore, 0, 0, 0
263, dungeons_enhanced:large_dungeon, HEADING, header:ignore, 0, 0, 0
264, formationsnether:large_house, HEADING, header:ignore, 0, 0, 0
265, formationsnether:large_pedestal, HEADING, header:ignore, 0, 0, 0
266, formationsoverworld:large_temple, HEADING, header:ignore, 0, 0, 0
267, formationsnether:large_tree, HEADING, header:ignore, 0, 0, 0
268, betterarcheology:light_temple, HEADING, header:ignore, 0, 0, 0
269, mvs:log_pile/acacia_log_pile, HEADING, header:ignore, 0, 0, 0
270, mvs:log_pile/birch_log_pile, HEADING, header:ignore, 0, 0, 0
271, mvs:log_pile/dark_oak_log_pile, HEADING, header:ignore, 0, 0, 0
272, mvs:log_pile/jungle_log_pile, HEADING, header:ignore, 0, 0, 0
273, mvs:log_pile/oak_log_pile, HEADING, header:ignore, 0, 0, 0
274, mvs:log_pile/spruce_log_pile, HEADING, header:ignore, 0, 0, 0
275, formationsoverworld:log_shelter, HEADING, header:ignore, 0, 0, 0
276, formationsoverworld:log_spikes, HEADING, header:ignore, 0, 0, 0
277, meadow:logging_camp, HEADING, header:ignore, 0, 0, 0
278, meadow:logging_camp, CREATURE, minecraft:pig, 10, 1, 4
279, idas:lumber_camp/lumber_camp_acacia, HEADING, header:ignore, 0, 0, 0
280, idas:lumber_camp/lumber_camp_birch, HEADING, header:ignore, 0, 0, 0
281, idas:lumber_camp/lumber_camp_bopmahogany, HEADING, header:ignore, 0, 0, 0
282, idas:lumber_camp/lumber_camp_bopredwood, HEADING, header:ignore, 0, 0, 0
283, idas:lumber_camp/lumber_camp_bygmahogany, HEADING, header:ignore, 0, 0, 0
284, idas:lumber_camp/lumber_camp_bygredwood, HEADING, header:ignore, 0, 0, 0
285, idas:lumber_camp/lumber_camp_dark_oak, HEADING, header:ignore, 0, 0, 0
286, idas:lumber_camp/lumber_camp_jungle, HEADING, header:ignore, 0, 0, 0
287, idas:lumber_camp/lumber_camp_oak, HEADING, header:ignore, 0, 0, 0
288, idas:lumber_camp/lumber_camp_spruce, HEADING, header:ignore, 0, 0, 0
289, letsdoaddon-structures:mangrove_hut, HEADING, header:ignore, 0, 0, 0
290, letsdoaddon-structures:mangrove_outpost, HEADING, header:ignore, 0, 0, 0
291, letsdoaddon-structures:mangrove_outpost, MONSTER, minecraft:pillager, 10, 1, 4
292, letsdoaddon-structures:mangrove_outpost, MONSTER, minecraft:vindicator, 10, 1, 1
293, letsdoaddon-structures:mangrove_pond, HEADING, header:ignore, 0, 0, 0
294, minecraft:mansion, HEADING, header:ignore, 0, 0, 0
295, mes:manuscript_shrine, HEADING, header:ignore, 0, 0, 0
296, letsdoaddon-structures:meadow_pillager_outpost, HEADING, header:ignore, 0, 0, 0
297, letsdoaddon-structures:meadow_pillager_outpost, MONSTER, minecraft:pillager, 10, 1, 4
298, ctov:medium/village_beach, HEADING, header:ignore, 0, 0, 0
299, ctov:medium/village_beach, CREATURE, mythicmounts:firebird, 30, 1, 1
300, ctov:medium/village_dark_forest, HEADING, header:ignore, 0, 0, 0
301, ctov:medium/village_dark_forest, CREATURE, mythicmounts:firebird, 30, 1, 1
302, ctov:medium/village_desert, HEADING, header:ignore, 0, 0, 0
303, ctov:medium/village_desert, CREATURE, mythicmounts:firebird, 30, 1, 1
304, ctov:medium/village_jungle, HEADING, header:ignore, 0, 0, 0
305, ctov:medium/village_jungle, CREATURE, mythicmounts:firebird, 30, 1, 1
306, ctov:medium/village_mesa, HEADING, header:ignore, 0, 0, 0
307, ctov:medium/village_mesa, CREATURE, mythicmounts:firebird, 30, 1, 1
308, ctov:medium/village_mountain, HEADING, header:ignore, 0, 0, 0
309, ctov:medium/village_mountain, CREATURE, mythicmounts:firebird, 30, 1, 1
310, ctov:medium/village_mushroom, HEADING, header:ignore, 0, 0, 0
311, ctov:medium/village_mushroom, CREATURE, mythicmounts:firebird, 30, 1, 1
312, ctov:medium/village_plains, HEADING, header:ignore, 0, 0, 0
313, ctov:medium/village_plains, CREATURE, mythicmounts:firebird, 30, 1, 1
314, ctov:medium/village_savanna, HEADING, header:ignore, 0, 0, 0
315, ctov:medium/village_savanna, CREATURE, mythicmounts:firebird, 30, 1, 1
316, ctov:medium/village_snowy, HEADING, header:ignore, 0, 0, 0
317, ctov:medium/village_snowy, CREATURE, mythicmounts:firebird, 30, 1, 1
318, ctov:medium/village_swamp, HEADING, header:ignore, 0, 0, 0
319, ctov:medium/village_swamp, CREATURE, mythicmounts:firebird, 30, 1, 1
320, ctov:medium/village_taiga, HEADING, header:ignore, 0, 0, 0
321, ctov:medium/village_underground, HEADING, header:ignore, 0, 0, 0
322, betterarcheology:mesa_ruins, HEADING, header:ignore, 0, 0, 0
323, formationsoverworld:mesoamerican_temple, HEADING, header:ignore, 0, 0, 0
324, formationsoverworld:meteor, HEADING, header:ignore, 0, 0, 0
325, dungeons_enhanced:miners_house, HEADING, header:ignore, 0, 0, 0
326, minecraft:mineshaft, HEADING, header:ignore, 0, 0, 0
327, bettermineshafts:mineshaft_acacia, HEADING, header:ignore, 0, 0, 0
328, bettermineshafts:mineshaft_desert, HEADING, header:ignore, 0, 0, 0
329, bettermineshafts:mineshaft_dripstone, HEADING, header:ignore, 0, 0, 0
330, bettermineshafts:mineshaft_ice, HEADING, header:ignore, 0, 0, 0
331, bettermineshafts:mineshaft_jungle, HEADING, header:ignore, 0, 0, 0
332, bettermineshafts:mineshaft_lush, HEADING, header:ignore, 0, 0, 0
333, bettermineshafts:mineshaft_mesa, HEADING, header:ignore, 0, 0, 0
334, minecraft:mineshaft_mesa, HEADING, header:ignore, 0, 0, 0
335, bettermineshafts:mineshaft_mushroom, HEADING, header:ignore, 0, 0, 0
336, bettermineshafts:mineshaft_oak, HEADING, header:ignore, 0, 0, 0
337, bettermineshafts:mineshaft_overgrown, HEADING, header:ignore, 0, 0, 0
338, bettermineshafts:mineshaft_red_desert, HEADING, header:ignore, 0, 0, 0
339, bettermineshafts:mineshaft_spruce, HEADING, header:ignore, 0, 0, 0
340, bettermineshafts:mineshaft_spruce_snowy, HEADING, header:ignore, 0, 0, 0
341, mes:monolith, HEADING, header:ignore, 0, 0, 0
342, dungeons_enhanced:monster_maze, HEADING, header:ignore, 0, 0, 0
343, meadow:monument, HEADING, header:ignore, 0, 0, 0
344, meadow:monument, CREATURE, minecraft:pig, 10, 1, 4
345, minecraft:monument, HEADING, header:ignore, 0, 0, 0
346, minecraft:monument, MONSTER, minecraft:guardian, 10, 2, 4
347, betterarcheology:mott, HEADING, header:ignore, 0, 0, 0
348, dungeons_enhanced:mushroom_house, HEADING, header:ignore, 0, 0, 0
349, mes:mythic_garden, HEADING, header:ignore, 0, 0, 0
350, mvs:nature/acacia_tree, HEADING, header:ignore, 0, 0, 0
351, mvs:nature/big_oak_tree, HEADING, header:ignore, 0, 0, 0
352, mvs:nature/birch_tree, HEADING, header:ignore, 0, 0, 0
353, mvs:nature/boulder, HEADING, header:ignore, 0, 0, 0
354, mvs:nature/cherry_tree, HEADING, header:ignore, 0, 0, 0
355, mvs:nature/dark_oak_tree, HEADING, header:ignore, 0, 0, 0
356, mvs:nature/floating_islands, HEADING, header:ignore, 0, 0, 0
357, mvs:nature/jungle_palm_tree, HEADING, header:ignore, 0, 0, 0
358, mvs:nature/jungle_tree, HEADING, header:ignore, 0, 0, 0
359, mvs:nature/large_mushroom, HEADING, header:ignore, 0, 0, 0
360, mvs:nature/mushroom_pond, HEADING, header:ignore, 0, 0, 0
361, mvs:nature/oak_tree, HEADING, header:ignore, 0, 0, 0
362, mvs:nature/paths, HEADING, header:ignore, 0, 0, 0
363, mvs:nature/small_oak_pond, HEADING, header:ignore, 0, 0, 0
364, mvs:nature/spruce_tree, HEADING, header:ignore, 0, 0, 0
365, mvs:nature/stone_rock, HEADING, header:ignore, 0, 0, 0
366, idas:necromancers_spire, HEADING, header:ignore, 0, 0, 0
367, idas:necromancers_spire, MONSTER, quark:wraith, 10, 1, 1
368, netherdepthsupgrade:nether_fortress_piece, HEADING, header:ignore, 0, 0, 0
369, netherdepthsupgrade:nether_fortress_piece, WATER_AMBIENT, netherdepthsupgrade:blazefish, 10, 3, 4
370, minecraft:nether_fossil, HEADING, header:ignore, 0, 0, 0
371, formationsnether:nether_wart_field, HEADING, header:ignore, 0, 0, 0
372, idas:nexus, HEADING, header:ignore, 0, 0, 0
373, idas:nexus, MONSTER, minecraft:silverfish, 10, 1, 4
374, idas:nexus, MONSTER, quark:wraith, 10, 1, 4
375, forbidden_arcanus:nipa, HEADING, header:ignore, 0, 0, 0
376, forbidden_arcanus:nipa_floating, HEADING, header:ignore, 0, 0, 0
377, structory:northern_ruin, HEADING, header:ignore, 0, 0, 0
378, verdantvibes:oak_overgrown_hut, HEADING, header:ignore, 0, 0, 0
379, bakery:oat_field, HEADING, header:ignore, 0, 0, 0
380, bakery:oat_field, CREATURE, minecraft:pig, 10, 1, 4
381, meadow:observation_post, HEADING, header:ignore, 0, 0, 0
382, meadow:observation_post, CREATURE, minecraft:pig, 10, 1, 4
383, formationsnether:obsidian_pillar, HEADING, header:ignore, 0, 0, 0
384, stellarity:obsidian_spike, HEADING, header:ignore, 0, 0, 0
385, minecraft:ocean_ruin_cold, HEADING, header:ignore, 0, 0, 0
386, minecraft:ocean_ruin_warm, HEADING, header:ignore, 0, 0, 0
387, formationsoverworld:offering, HEADING, header:ignore, 0, 0, 0
388, structory:old_manor, HEADING, header:ignore, 0, 0, 0
389, stellarity:old_stronghold, HEADING, header:ignore, 0, 0, 0
390, formationsnether:ore_shard, HEADING, header:ignore, 0, 0, 0
391, mvs:other_decoration/bee_dome, HEADING, header:ignore, 0, 0, 0
392, mvs:other_decoration/bench, HEADING, header:ignore, 0, 0, 0
393, mvs:other_decoration/campsite, HEADING, header:ignore, 0, 0, 0
394, mvs:other_decoration/crimson_enchanting_table, HEADING, header:ignore, 0, 0, 0
395, mvs:other_decoration/desert_pump, HEADING, header:ignore, 0, 0, 0
396, mvs:other_decoration/duck, HEADING, header:ignore, 0, 0, 0
397, mvs:other_decoration/end_scraps/end_scraps_1, HEADING, header:ignore, 0, 0, 0
398, mvs:other_decoration/end_scraps/end_scraps_2, HEADING, header:ignore, 0, 0, 0
399, mvs:other_decoration/end_scraps/end_scraps_3, HEADING, header:ignore, 0, 0, 0
400, mvs:other_decoration/end_scraps/end_scraps_4, HEADING, header:ignore, 0, 0, 0
401, mvs:other_decoration/fire_camp, HEADING, header:ignore, 0, 0, 0
402, mvs:other_decoration/fox_hut, HEADING, header:ignore, 0, 0, 0
403, mvs:other_decoration/haystack, HEADING, header:ignore, 0, 0, 0
404, mvs:other_decoration/horse_campsite, HEADING, header:ignore, 0, 0, 0
405, mvs:other_decoration/lamp_chest, HEADING, header:ignore, 0, 0, 0
406, mvs:other_decoration/lecturn_garden, HEADING, header:ignore, 0, 0, 0
407, mvs:other_decoration/mine_with_campsite, HEADING, header:ignore, 0, 0, 0
408, mvs:other_decoration/mushroom_statue, HEADING, header:ignore, 0, 0, 0
409, mvs:other_decoration/nether_devil, HEADING, header:ignore, 0, 0, 0
410, mvs:other_decoration/pile, HEADING, header:ignore, 0, 0, 0
411, mvs:other_decoration/snowy_dog_hut, HEADING, header:ignore, 0, 0, 0
412, mvs:other_decoration/snowy_fossil, HEADING, header:ignore, 0, 0, 0
413, mvs:other_decoration/stone_bee, HEADING, header:ignore, 0, 0, 0
414, mvs:other_decoration/villager_statue, HEADING, header:ignore, 0, 0, 0
415, mvs:other_decoration/wheat_grain_bin, HEADING, header:ignore, 0, 0, 0
416, mvs:other_decoration/windmill, HEADING, header:ignore, 0, 0, 0
417, mvs:other_decoration/wooden_wheat_farm, HEADING, header:ignore, 0, 0, 0
418, mvs:out_house, HEADING, header:ignore, 0, 0, 0
419, structory:outcast_villager_desert, HEADING, header:ignore, 0, 0, 0
420, structory:outcast_villager_grassy, HEADING, header:ignore, 0, 0, 0
421, aquamirae:outpost, HEADING, header:ignore, 0, 0, 0
422, aquamirae:outpost, MONSTER, minecraft:pillager, 10, 1, 2
423, aquamirae:outpost, MONSTER, minecraft:vindicator, 10, 1, 1
424, the_bumblezone:overgrown_flower, HEADING, header:ignore, 0, 0, 0
425, verdantvibes:palm_campfire, HEADING, header:ignore, 0, 0, 0
426, formationsnether:parkour_challenge, HEADING, header:ignore, 0, 0, 0
427, mes:phantom_citadel, HEADING, header:ignore, 0, 0, 0
428, orpheus:philosopher_pillager_outpost, HEADING, header:ignore, 0, 0, 0
429, dungeons_enhanced:pillager_camp, HEADING, header:ignore, 0, 0, 0
430, dungeons_enhanced:pillager_camp, MONSTER, minecraft:pillager, 10, 2, 3
431, dungeons_enhanced:pillager_camp, MONSTER, minecraft:vindicator, 10, 1, 2
432, idas:pillager_camp, HEADING, header:ignore, 0, 0, 0
433, idas:pillager_fortress, HEADING, header:ignore, 0, 0, 0
434, minecraft:pillager_outpost, HEADING, header:ignore, 0, 0, 0
435, minecraft:pillager_outpost, MONSTER, minecraft:pillager, 10, 1, 1
436, ctov:pillager_outpost_badlands, HEADING, header:ignore, 0, 0, 0
437, ctov:pillager_outpost_badlands, MONSTER, minecraft:pillager, 10, 1, 5
438, ctov:pillager_outpost_badlands, MONSTER, minecraft:evoker, 10, 1, 1
439, ctov:pillager_outpost_badlands, MONSTER, minecraft:vindicator, 10, 1, 3
440, ctov:pillager_outpost_badlands, MONSTER, minecraft:witch, 10, 1, 1
441, ctov:pillager_outpost_beach, HEADING, header:ignore, 0, 0, 0
442, ctov:pillager_outpost_beach, MONSTER, minecraft:pillager, 10, 1, 1
443, ctov:pillager_outpost_beach, MONSTER, minecraft:evoker, 10, 1, 1
444, ctov:pillager_outpost_beach, MONSTER, minecraft:vindicator, 10, 1, 1
445, ctov:pillager_outpost_beach, MONSTER, minecraft:witch, 10, 1, 1
446, ctov:pillager_outpost_dark_forest, HEADING, header:ignore, 0, 0, 0
447, ctov:pillager_outpost_dark_forest, MONSTER, minecraft:pillager, 10, 1, 1
448, ctov:pillager_outpost_dark_forest, MONSTER, minecraft:evoker, 10, 1, 1
449, ctov:pillager_outpost_dark_forest, MONSTER, minecraft:vindicator, 10, 1, 1
450, ctov:pillager_outpost_dark_forest, MONSTER, minecraft:witch, 10, 1, 1
451, ctov:pillager_outpost_desert, HEADING, header:ignore, 0, 0, 0
452, ctov:pillager_outpost_desert, MONSTER, minecraft:pillager, 10, 1, 1
453, ctov:pillager_outpost_desert, MONSTER, minecraft:evoker, 10, 1, 1
454, ctov:pillager_outpost_desert, MONSTER, minecraft:vindicator, 10, 1, 1
455, ctov:pillager_outpost_desert, MONSTER, minecraft:witch, 10, 1, 1
456, ctov:pillager_outpost_jungle, HEADING, header:ignore, 0, 0, 0
457, ctov:pillager_outpost_jungle, MONSTER, minecraft:pillager, 10, 1, 1
458, ctov:pillager_outpost_jungle, MONSTER, minecraft:evoker, 10, 1, 1
459, ctov:pillager_outpost_jungle, MONSTER, minecraft:vindicator, 10, 1, 1
460, ctov:pillager_outpost_jungle, MONSTER, minecraft:witch, 10, 1, 1
461, ctov:pillager_outpost_mesa, HEADING, header:ignore, 0, 0, 0
462, ctov:pillager_outpost_mesa, MONSTER, minecraft:pillager, 10, 1, 5
463, ctov:pillager_outpost_mesa, MONSTER, minecraft:evoker, 10, 1, 1
464, ctov:pillager_outpost_mesa, MONSTER, minecraft:vindicator, 10, 1, 3
465, ctov:pillager_outpost_mesa, MONSTER, minecraft:witch, 10, 1, 1
466, ctov:pillager_outpost_mountain, HEADING, header:ignore, 0, 0, 0
467, ctov:pillager_outpost_mountain, MONSTER, minecraft:pillager, 10, 1, 1
468, ctov:pillager_outpost_mountain, MONSTER, minecraft:evoker, 10, 1, 1
469, ctov:pillager_outpost_mountain, MONSTER, minecraft:vindicator, 10, 1, 1
470, ctov:pillager_outpost_mountain, MONSTER, minecraft:witch, 10, 1, 1
471, ctov:pillager_outpost_plains, HEADING, header:ignore, 0, 0, 0
472, ctov:pillager_outpost_plains, MONSTER, minecraft:pillager, 10, 1, 1
473, ctov:pillager_outpost_plains, MONSTER, minecraft:evoker, 10, 1, 1
474, ctov:pillager_outpost_plains, MONSTER, minecraft:vindicator, 10, 1, 1
475, ctov:pillager_outpost_plains, MONSTER, minecraft:witch, 10, 1, 1
476, ctov:pillager_outpost_savanna, HEADING, header:ignore, 0, 0, 0
477, ctov:pillager_outpost_savanna, MONSTER, minecraft:pillager, 10, 1, 1
478, ctov:pillager_outpost_savanna, MONSTER, minecraft:evoker, 10, 1, 1
479, ctov:pillager_outpost_savanna, MONSTER, minecraft:vindicator, 10, 1, 1
480, ctov:pillager_outpost_savanna, MONSTER, minecraft:witch, 10, 1, 1
481, ctov:pillager_outpost_snowy, HEADING, header:ignore, 0, 0, 0
482, ctov:pillager_outpost_snowy, MONSTER, minecraft:pillager, 10, 1, 1
483, ctov:pillager_outpost_snowy, MONSTER, minecraft:evoker, 10, 1, 1
484, ctov:pillager_outpost_snowy, MONSTER, minecraft:vindicator, 10, 1, 1
485, ctov:pillager_outpost_snowy, MONSTER, minecraft:witch, 10, 1, 1
486, ctov:pillager_outpost_swamp, HEADING, header:ignore, 0, 0, 0
487, ctov:pillager_outpost_swamp, MONSTER, minecraft:pillager, 10, 1, 1
488, ctov:pillager_outpost_swamp, MONSTER, minecraft:evoker, 10, 1, 1
489, ctov:pillager_outpost_swamp, MONSTER, minecraft:vindicator, 10, 1, 1
490, ctov:pillager_outpost_swamp, MONSTER, minecraft:witch, 10, 1, 1
491, ctov:pillager_outpost_taiga, HEADING, header:ignore, 0, 0, 0
492, ctov:pillager_outpost_taiga, MONSTER, minecraft:pillager, 10, 1, 1
493, ctov:pillager_outpost_taiga, MONSTER, minecraft:evoker, 10, 1, 1
494, ctov:pillager_outpost_taiga, MONSTER, minecraft:vindicator, 10, 1, 1
495, ctov:pillager_outpost_taiga, MONSTER, minecraft:witch, 10, 1, 1
496, galosphere:pink_salt_shrine, HEADING, header:ignore, 0, 0, 0
497, dungeons_enhanced:pirate_ship, HEADING, header:ignore, 0, 0, 0
498, dungeons_enhanced:pirate_ship, MONSTER, minecraft:pillager, 10, 3, 4
499, dungeons_enhanced:pirate_ship, MONSTER, minecraft:vindicator, 10, 1, 2
500, the_bumblezone:pirate_ship, HEADING, header:ignore, 0, 0, 0
501, mes:placid_prairie, HEADING, header:ignore, 0, 0, 0
502, lost_aether_content:platinum_dungeon, HEADING, header:ignore, 0, 0, 0
503, the_bumblezone:pollinated_stream, HEADING, header:ignore, 0, 0, 0
504, formationsnether:quartz_spikes, HEADING, header:ignore, 0, 0, 0
505, formationsoverworld:raft, HEADING, header:ignore, 0, 0, 0
506, mvs:railway, HEADING, header:ignore, 0, 0, 0
507, bovinesandbuttercups:ranch, HEADING, header:ignore, 0, 0, 0
508, idas:redhorn_guild, HEADING, header:ignore, 0, 0, 0
509, formationsnether:respawn_anchor_altar, HEADING, header:ignore, 0, 0, 0
510, stellarity:return_gateways/base_flying, HEADING, header:ignore, 0, 0, 0
511, stellarity:return_gateways/bloody_flying, HEADING, header:ignore, 0, 0, 0
512, stellarity:return_gateways/snowy_flying, HEADING, header:ignore, 0, 0, 0
513, formationsnether:rib_cage, HEADING, header:ignore, 0, 0, 0
514, structory:ruin_grassy, HEADING, header:ignore, 0, 0, 0
515, dungeons_enhanced:ruined_building, HEADING, header:ignore, 0, 0, 0
516, mes:ruined_pillar, HEADING, header:ignore, 0, 0, 0
517, aether:ruined_portal, HEADING, header:ignore, 0, 0, 0
518, minecraft:ruined_portal, HEADING, header:ignore, 0, 0, 0
519, aether:ruined_portal_aether, HEADING, header:ignore, 0, 0, 0
520, aether:ruined_portal_desert, HEADING, header:ignore, 0, 0, 0
521, minecraft:ruined_portal_desert, HEADING, header:ignore, 0, 0, 0
522, aether:ruined_portal_jungle, HEADING, header:ignore, 0, 0, 0
523, minecraft:ruined_portal_jungle, HEADING, header:ignore, 0, 0, 0
524, aether:ruined_portal_mountain, HEADING, header:ignore, 0, 0, 0
525, minecraft:ruined_portal_mountain, HEADING, header:ignore, 0, 0, 0
526, minecraft:ruined_portal_nether, HEADING, header:ignore, 0, 0, 0
527, minecraft:ruined_portal_ocean, HEADING, header:ignore, 0, 0, 0
528, aether:ruined_portal_swamp, HEADING, header:ignore, 0, 0, 0
529, minecraft:ruined_portal_swamp, HEADING, header:ignore, 0, 0, 0
530, mvs:ruins/castle_ruins, HEADING, header:ignore, 0, 0, 0
531, mvs:ruins/log_ruin, HEADING, header:ignore, 0, 0, 0
532, mvs:ruins/ruined_beacon, HEADING, header:ignore, 0, 0, 0
533, mvs:ruins/small_ruin, HEADING, header:ignore, 0, 0, 0
534, mvs:ruins/statue_ruins, HEADING, header:ignore, 0, 0, 0
535, mvs:ruins/stone_pillars, HEADING, header:ignore, 0, 0, 0
536, mvs:ruins/tree_monument, HEADING, header:ignore, 0, 0, 0
537, idas:ruins_of_the_deep, HEADING, header:ignore, 0, 0, 0
538, betterarcheology:ruins_sand, HEADING, header:ignore, 0, 0, 0
539, the_bumblezone:sempiternal_sanctum_blue, HEADING, header:ignore, 0, 0, 0
540, the_bumblezone:sempiternal_sanctum_green, HEADING, header:ignore, 0, 0, 0
541, the_bumblezone:sempiternal_sanctum_purple, HEADING, header:ignore, 0, 0, 0
542, the_bumblezone:sempiternal_sanctum_red, HEADING, header:ignore, 0, 0, 0
543, the_bumblezone:sempiternal_sanctum_white, HEADING, header:ignore, 0, 0, 0
544, the_bumblezone:sempiternal_sanctum_yellow, HEADING, header:ignore, 0, 0, 0
545, mvs:shed, HEADING, header:ignore, 0, 0, 0
546, aquamirae:shelter, HEADING, header:ignore, 0, 0, 0
547, aquamirae:ship, HEADING, header:ignore, 0, 0, 0
548, aquamirae:ship, MONSTER, minecraft:pillager, 10, 1, 2
549, aquamirae:ship, MONSTER, minecraft:vindicator, 10, 1, 1
550, medieval_buildings:ship, HEADING, header:ignore, 0, 0, 0
551, minecraft:shipwreck, HEADING, header:ignore, 0, 0, 0
552, minecraft:shipwreck_beached, HEADING, header:ignore, 0, 0, 0
553, aether:silver_dungeon, HEADING, header:ignore, 0, 0, 0
554, betterdungeons:skeleton_dungeon, HEADING, header:ignore, 0, 0, 0
555, betterdungeons:skeleton_dungeon, MONSTER, minecraft:skeleton, 80, 4, 12
556, ctov:small/village_beach, HEADING, header:ignore, 0, 0, 0
557, ctov:small/village_beach, CREATURE, mythicmounts:firebird, 30, 1, 1
558, ctov:small/village_dark_forest, HEADING, header:ignore, 0, 0, 0
559, ctov:small/village_dark_forest, CREATURE, mythicmounts:firebird, 30, 1, 1
560, ctov:small/village_desert, HEADING, header:ignore, 0, 0, 0
561, ctov:small/village_desert, CREATURE, mythicmounts:firebird, 30, 1, 1
562, ctov:small/village_jungle, HEADING, header:ignore, 0, 0, 0
563, ctov:small/village_jungle, CREATURE, mythicmounts:firebird, 30, 1, 1
564, ctov:small/village_mesa, HEADING, header:ignore, 0, 0, 0
565, ctov:small/village_mesa, CREATURE, mythicmounts:firebird, 30, 1, 1
566, ctov:small/village_mountain, HEADING, header:ignore, 0, 0, 0
567, ctov:small/village_mountain, CREATURE, mythicmounts:firebird, 30, 1, 1
568, ctov:small/village_mushroom, HEADING, header:ignore, 0, 0, 0
569, ctov:small/village_mushroom, CREATURE, mythicmounts:firebird, 30, 1, 1
570, ctov:small/village_plains, HEADING, header:ignore, 0, 0, 0
571, ctov:small/village_plains, CREATURE, mythicmounts:firebird, 30, 1, 1
572, ctov:small/village_savanna, HEADING, header:ignore, 0, 0, 0
573, ctov:small/village_savanna, CREATURE, mythicmounts:firebird, 30, 1, 1
574, ctov:small/village_snowy, HEADING, header:ignore, 0, 0, 0
575, ctov:small/village_snowy, CREATURE, mythicmounts:firebird, 30, 1, 1
576, ctov:small/village_swamp, HEADING, header:ignore, 0, 0, 0
577, ctov:small/village_swamp, CREATURE, mythicmounts:firebird, 30, 1, 1
578, ctov:small/village_taiga, HEADING, header:ignore, 0, 0, 0
579, ctov:small/village_taiga, CREATURE, mythicmounts:firebird, 30, 1, 1
580, ctov:small/village_underground, HEADING, header:ignore, 0, 0, 0
581, betterdungeons:small_dungeon, HEADING, header:ignore, 0, 0, 0
582, formationsnether:small_fire_arena, HEADING, header:ignore, 0, 0, 0
583, formationsoverworld:small_house, HEADING, header:ignore, 0, 0, 0
584, formationsnether:small_lava_arena, HEADING, header:ignore, 0, 0, 0
585, formationsnether:small_lava_shrine, HEADING, header:ignore, 0, 0, 0
586, betterdungeons:small_nether_dungeon, HEADING, header:ignore, 0, 0, 0
587, formationsnether:small_pedestal, HEADING, header:ignore, 0, 0, 0
588, mvs:small_pillager_tower, HEADING, header:ignore, 0, 0, 0
589, mvs:small_ship, HEADING, header:ignore, 0, 0, 0
590, formationsoverworld:small_statue, HEADING, header:ignore, 0, 0, 0
591, formationsoverworld:small_temple, HEADING, header:ignore, 0, 0, 0
592, idas:snifferhenge, HEADING, header:ignore, 0, 0, 0
593, formationsnether:sphere_cage, HEADING, header:ignore, 0, 0, 0
594, betterdungeons:spider_dungeon, HEADING, header:ignore, 0, 0, 0
595, betterdungeons:spider_dungeon, MONSTER, minecraft:spider, 80, 4, 12
596, betterdungeons:spider_dungeon, MONSTER, minecraft:cave_spider, 50, 4, 8
597, verdantvibes:spruce_overgrown_hut, HEADING, header:ignore, 0, 0, 0
598, dungeons_enhanced:stables, HEADING, header:ignore, 0, 0, 0
599, mvs:stall/blue_stall, HEADING, header:ignore, 0, 0, 0
600, mvs:stall/orange_stall, HEADING, header:ignore, 0, 0, 0
601, mvs:stall/pink_stall, HEADING, header:ignore, 0, 0, 0
602, mvs:stall/red_stall, HEADING, header:ignore, 0, 0, 0
603, mes:starlight_voyager, HEADING, header:ignore, 0, 0, 0
604, the_bumblezone:stinger_spear_shrine, HEADING, header:ignore, 0, 0, 0
605, mvs:stone_fountain, HEADING, header:ignore, 0, 0, 0
606, formationsoverworld:stone_ore_spikes, HEADING, header:ignore, 0, 0, 0
607, formationsoverworld:stone_tower, HEADING, header:ignore, 0, 0, 0
608, betterarcheology:stonehenge_grassy, HEADING, header:ignore, 0, 0, 0
609, eidolon:stray_tower, HEADING, header:ignore, 0, 0, 0
610, eidolon:stray_tower, MONSTER, minecraft:stray, 30, 1, 5
611, integrated_stronghold:stronghold, HEADING, header:ignore, 0, 0, 0
612, integrated_stronghold:stronghold, MONSTER, minecraft:silverfish, 10, 1, 2
613, integrated_stronghold:stronghold, MONSTER, minecraft:enderman, 10, 1, 1
614, minecraft:stronghold, HEADING, header:ignore, 0, 0, 0
615, minecraft:stronghold, MONSTER, minecraft:pillager, 10, 4, 4
616, minecraft:stronghold, MONSTER, minecraft:vindicator, 10, 4, 4
617, minecraft:stronghold, MONSTER, minecraft:evoker, 10, 1, 2
618, minecraft:stronghold, MONSTER, minecraft:witch, 10, 4, 4
619, minecraft:stronghold, MONSTER, minecraft:illusioner, 10, 3, 3
620, the_bumblezone:subway, HEADING, header:ignore, 0, 0, 0
621, idas:sunken_ship/sunken_ship, HEADING, header:ignore, 0, 0, 0
622, idas:sunken_ship/sunken_ship, MONSTER, quark:wraith, 10, 1, 2
623, idas:sunken_ship/sunken_ship_coral, HEADING, header:ignore, 0, 0, 0
624, idas:sunken_ship/sunken_ship_coral, MONSTER, quark:wraith, 10, 1, 2
625, idas:sunken_ship/sunken_ship_ruins, HEADING, header:ignore, 0, 0, 0
626, dungeons_enhanced:sunken_shrine, HEADING, header:ignore, 0, 0, 0
627, mvs:sunzi_gate, HEADING, header:ignore, 0, 0, 0
628, minecraft:swamp_hut, HEADING, header:ignore, 0, 0, 0
629, minecraft:swamp_hut, MONSTER, minecraft:witch, 10, 1, 1
630, minecraft:swamp_hut, CREATURE, minecraft:cat, 10, 1, 1
631, structory:swamp_ruin, HEADING, header:ignore, 0, 0, 0
632, letsdoaddon-structures:swamp_well, HEADING, header:ignore, 0, 0, 0
633, structory:taiga_ruin_surface, HEADING, header:ignore, 0, 0, 0
634, structory:taiga_ruin_underground, HEADING, header:ignore, 0, 0, 0
635, dungeons_enhanced:tall_witch_hut, HEADING, header:ignore, 0, 0, 0
636, betterarcheology:temple_jungle, HEADING, header:ignore, 0, 0, 0
637, the_bumblezone:throne_pillar, HEADING, header:ignore, 0, 0, 0
638, idas:tinkers_workshop, HEADING, header:ignore, 0, 0, 0
639, formationsoverworld:tiny_house, HEADING, header:ignore, 0, 0, 0
640, medieval_buildings:tower, HEADING, header:ignore, 0, 0, 0
641, dungeons_enhanced:tower_of_the_undead, HEADING, header:ignore, 0, 0, 0
642, formationsoverworld:tower_remnant, HEADING, header:ignore, 0, 0, 0
643, minecraft:trail_ruins, HEADING, header:ignore, 0, 0, 0
644, idas:train_ruins, HEADING, header:ignore, 0, 0, 0
645, dungeons_enhanced:tree_house, HEADING, header:ignore, 0, 0, 0
646, idas:tree_of_wisdom, HEADING, header:ignore, 0, 0, 0
647, idas:treetop_tavern, HEADING, header:ignore, 0, 0, 0
648, qrafty:tsumago, HEADING, header:ignore, 0, 0, 0
649, betterarcheology:tumulus_grassy, HEADING, header:ignore, 0, 0, 0
650, idas:underground_camp/underground_camp, HEADING, header:ignore, 0, 0, 0
651, idas:underground_camp/underground_camp_deep, HEADING, header:ignore, 0, 0, 0
652, hopo:underwater/underwater_city, HEADING, header:ignore, 0, 0, 0
653, hopo:underwater/underwater_fossils, HEADING, header:ignore, 0, 0, 0
654, hopo:underwater/underwater_small_ruins, HEADING, header:ignore, 0, 0, 0
655, hopo:underwater/underwater_warm_small_ruins, HEADING, header:ignore, 0, 0, 0
656, betterarcheology:underwater_0, HEADING, header:ignore, 0, 0, 0
657, betterarcheology:underwater_1, HEADING, header:ignore, 0, 0, 0
658, betterarcheology:underwater_2, HEADING, header:ignore, 0, 0, 0
659, betterarcheology:underwater_3, HEADING, header:ignore, 0, 0, 0
660, stellarity:village, HEADING, header:ignore, 0, 0, 0
661, stellarity:village, CREATURE, mythicmounts:firebird, 30, 1, 1
662, minecraft:village_desert, HEADING, header:ignore, 0, 0, 0
663, minecraft:village_desert, CREATURE, mythicmounts:firebird, 30, 1, 1
664, minecraft:village_meadow, HEADING, header:ignore, 0, 0, 0
665, minecraft:village_meadow, CREATURE, mythicmounts:firebird, 30, 1, 1
666, joshie:village_ocean, HEADING, header:ignore, 0, 0, 0
667, joshie:village_ocean, CREATURE, mythicmounts:firebird, 30, 1, 1
668, minecraft:village_plains, HEADING, header:ignore, 0, 0, 0
669, minecraft:village_plains, CREATURE, mythicmounts:firebird, 30, 1, 1
670, minecraft:village_savanna, HEADING, header:ignore, 0, 0, 0
671, minecraft:village_savanna, CREATURE, mythicmounts:firebird, 30, 1, 1
672, minecraft:village_snowy, HEADING, header:ignore, 0, 0, 0
673, minecraft:village_snowy, CREATURE, mythicmounts:firebird, 30, 1, 1
674, swampier_swamps:village_swamp, HEADING, header:ignore, 0, 0, 0
675, swampier_swamps:village_swamp, CREATURE, mythicmounts:firebird, 30, 1, 1
676, minecraft:village_taiga, HEADING, header:ignore, 0, 0, 0
677, minecraft:village_taiga, CREATURE, mythicmounts:firebird, 30, 1, 1
678, betterarcheology:villager_grave, HEADING, header:ignore, 0, 0, 0
679, letsdoaddon-structures:vinery, HEADING, header:ignore, 0, 0, 0
680, formationsoverworld:wagon, HEADING, header:ignore, 0, 0, 0
681, letsdoaddon-structures:warped_vinery, HEADING, header:ignore, 0, 0, 0
682, idas:washing_camp, HEADING, header:ignore, 0, 0, 0
683, dungeons_enhanced:watch_tower, HEADING, header:ignore, 0, 0, 0
684, supplementaries:way_sign, HEADING, header:ignore, 0, 0, 0
685, formationsoverworld:well, HEADING, header:ignore, 0, 0, 0
686, mvs:well/rare_well, HEADING, header:ignore, 0, 0, 0
687, mvs:well/small_copper_well, HEADING, header:ignore, 0, 0, 0
688, mvs:well/small_tower_well, HEADING, header:ignore, 0, 0, 0
689, mvs:well/small_well, HEADING, header:ignore, 0, 0, 0
690, mvs:well/well, HEADING, header:ignore, 0, 0, 0
691, mvs:well/wells/acacia_well, HEADING, header:ignore, 0, 0, 0
692, mvs:well/wells/birch_well, HEADING, header:ignore, 0, 0, 0
693, mvs:well/wells/dark_oak_well, HEADING, header:ignore, 0, 0, 0
694, mvs:well/wells/desert_well, HEADING, header:ignore, 0, 0, 0
695, mvs:well/wells/end_well, HEADING, header:ignore, 0, 0, 0
696, mvs:well/wells/jungle_well, HEADING, header:ignore, 0, 0, 0
697, mvs:well/wells/mushroom_well, HEADING, header:ignore, 0, 0, 0
698, mvs:well/wells/nether_well, HEADING, header:ignore, 0, 0, 0
699, mvs:well/wells/oak_well, HEADING, header:ignore, 0, 0, 0
700, mvs:well/wells/rocky_well, HEADING, header:ignore, 0, 0, 0
701, mvs:well/wells/snowy_well, HEADING, header:ignore, 0, 0, 0
702, mvs:well/wells/spruce_well, HEADING, header:ignore, 0, 0, 0
703, idas:winter_wagon, HEADING, header:ignore, 0, 0, 0
704, betterwitchhuts:witch_circle, HEADING, header:ignore, 0, 0, 0
705, betterwitchhuts:witch_circle, MONSTER, minecraft:witch, 10, 1, 1
706, betterwitchhuts:witch_circle, CREATURE, minecraft:cat, 10, 1, 1
707, betterwitchhuts:witch_hut, HEADING, header:ignore, 0, 0, 0
708, betterwitchhuts:witch_hut, MONSTER, minecraft:witch, 10, 1, 1
709, betterwitchhuts:witch_hut, CREATURE, minecraft:cat, 10, 1, 1
710, dungeons_enhanced:witch_tower, HEADING, header:ignore, 0, 0, 0
711, formationsoverworld:witch_tower, HEADING, header:ignore, 0, 0, 0
712, idas:witches_treestump, HEADING, header:ignore, 0, 0, 0
713, idas:witches_treestump, MONSTER, minecraft:witch, 10, 1, 1
714, idas:witches_treestump, CREATURE, minecraft:cat, 10, 1, 1
715, idas:wizard_tower, HEADING, header:ignore, 0, 0, 0
716, species:wraptor_coop, HEADING, header:ignore, 0, 0, 0
717, betterdungeons:zombie_dungeon, HEADING, header:ignore, 0, 0, 0
718, betterdungeons:zombie_dungeon, MONSTER, minecraft:zombie, 80, 4, 12
