{"parent":"display/fence","textures":{"texture":"block/bamboo_fence","particle":"block/bamboo_fence_particle"},"elements":[{"from":[0,2,7],"to":[16,5,9],"rotation":{"angle":0,"axis":"y","origin":[8,7,8]},"faces":{"north":{"uv":[0,0,3,16],"rotation":90,"texture":"#texture"},"east":{"uv":[1,5,3,8],"texture":"#texture"},"south":{"uv":[0,0,3,16],"rotation":90,"texture":"#texture"},"west":{"uv":[1,5,3,8],"texture":"#texture"},"up":{"uv":[12,16,14,0],"rotation":270,"texture":"#texture"},"down":{"uv":[12,16,14,0],"rotation":90,"texture":"#texture"}}},{"from":[0,9,7],"to":[16,12,9],"rotation":{"angle":0,"axis":"y","origin":[8,7,8]},"faces":{"north":{"uv":[0,0,3,16],"rotation":90,"texture":"#texture"},"south":{"uv":[0,0,3,16],"rotation":90,"texture":"#texture"},"up":{"uv":[12,0,14,16],"rotation":270,"texture":"#texture"},"down":{"uv":[12,0,14,16],"rotation":90,"texture":"#texture"}}},{"from":[-1,9,7],"to":[0,12,9],"rotation":{"angle":0,"axis":"y","origin":[8,7,8]},"faces":{"north":{"uv":[0,15,3,16],"rotation":90,"texture":"#texture"},"south":{"uv":[0,0,3,1],"rotation":90,"texture":"#texture"},"west":{"uv":[1,4,3,7],"texture":"#texture"},"up":{"uv":[12,15,14,16],"rotation":270,"texture":"#texture"},"down":{"uv":[12,0,14,1],"rotation":90,"texture":"#texture"}}},{"from":[16,9,7],"to":[17,12,9],"rotation":{"angle":0,"axis":"y","origin":[8,7,8]},"faces":{"north":{"uv":[0,0,3,1],"rotation":90,"texture":"#texture"},"east":{"uv":[1,4,3,7],"texture":"#texture"},"south":{"uv":[0,15,3,16],"rotation":90,"texture":"#texture"},"up":{"uv":[12,0,14,1],"rotation":270,"texture":"#texture"},"down":{"uv":[12,15,14,16],"rotation":90,"texture":"#texture"}}},{"from":[8,1,6],"to":[12,13,10],"rotation":{"angle":0,"axis":"x","origin":[2,0,-6]},"faces":{"north":{"uv":[0,1,4,13],"texture":"#texture"},"east":{"uv":[0,1,4,13],"texture":"#texture"},"south":{"uv":[0,1,4,13],"texture":"#texture"},"up":{"uv":[4,0,8,4],"texture":"#texture"},"down":{"uv":[4,0,8,4],"texture":"#texture"}}},{"from":[4,1,6],"to":[8,13,10],"rotation":{"angle":0,"axis":"x","origin":[-2,0,-6]},"faces":{"north":{"uv":[0,3,4,15],"texture":"#texture"},"south":{"uv":[0,3,4,15],"texture":"#texture"},"west":{"uv":[0,3,4,15],"texture":"#texture"},"up":{"uv":[4,0,8,4],"texture":"#texture"},"down":{"uv":[4,0,8,4],"texture":"#texture"}}},{"from":[9,2,7],"to":[11,1,9],"rotation":{"angle":0,"axis":"y","origin":[2,0,-10.75]},"faces":{"north":{"uv":[9,0,11,1],"texture":"#texture"},"east":{"uv":[11,1,12,3],"texture":"#texture"},"south":{"uv":[9,3,11,4],"texture":"#texture"},"west":{"uv":[8,1,9,3],"texture":"#texture"},"down":{"uv":[9,1,11,3],"texture":"#texture"}}},{"from":[9,13,7],"to":[11,12,9],"rotation":{"angle":0,"axis":"y","origin":[2,-4,-10.75]},"faces":{"north":{"uv":[9,0,11,1],"texture":"#texture"},"east":{"uv":[11,1,12,3],"texture":"#texture"},"south":{"uv":[9,3,11,4],"texture":"#texture"},"west":{"uv":[8,1,9,3],"texture":"#texture"},"up":{"uv":[9,1,11,3],"texture":"#texture"}}},{"from":[5,2,7],"to":[7,1,9],"rotation":{"angle":0,"axis":"y","origin":[-2,0,-10.75]},"faces":{"north":{"uv":[9,0,11,1],"texture":"#texture"},"east":{"uv":[11,1,12,3],"texture":"#texture"},"south":{"uv":[9,3,11,4],"texture":"#texture"},"west":{"uv":[8,1,9,3],"texture":"#texture"},"down":{"uv":[9,1,11,3],"texture":"#texture"}}},{"from":[5,13,7],"to":[7,12,9],"rotation":{"angle":0,"axis":"y","origin":[-2,-4,-10.75]},"faces":{"north":{"uv":[9,0,11,1],"texture":"#texture"},"east":{"uv":[11,1,12,3],"texture":"#texture"},"south":{"uv":[9,3,11,4],"texture":"#texture"},"west":{"uv":[8,1,9,3],"texture":"#texture"},"up":{"uv":[9,1,11,3],"texture":"#texture"}}}]}