{"parent":"display/fence","textures":{"texture":"block/bamboo_fence","particle":"block/bamboo_fence_particle"},"elements":[{"from":[6.995,8.995,13.995],"to":[11.005,12.005,16.005],"rotation":{"angle":0,"axis":"y","origin":[8,7,15]},"faces":{"north":{"uv":[0,0,3,4],"rotation":90,"texture":"#texture"},"south":{"uv":[0,12,3,16],"rotation":90,"texture":"#texture"},"west":{"uv":[1,4,3,7],"texture":"#texture"},"up":{"uv":[12,12,14,16],"rotation":90,"texture":"#texture"},"down":{"uv":[12,0,14,4],"rotation":270,"texture":"#texture"}}},{"from":[6.995,8.995,-0.005],"to":[11.005,12.005,2.005],"rotation":{"angle":0,"axis":"y","origin":[8,7,1]},"faces":{"north":{"uv":[0,0,3,4],"rotation":90,"texture":"#texture"},"south":{"uv":[0,12,3,16],"rotation":90,"texture":"#texture"},"west":{"uv":[1,4,3,7],"texture":"#texture"},"up":{"uv":[12,0,14,4],"rotation":270,"texture":"#texture"},"down":{"uv":[12,12,14,16],"rotation":90,"texture":"#texture"}}},{"from":[6.995,1.995,13.995],"to":[11.005,5.005,16.005],"rotation":{"angle":0,"axis":"y","origin":[8,7,15]},"faces":{"north":{"uv":[0,12,3,16],"rotation":90,"texture":"#texture"},"south":{"uv":[0,0,3,4],"rotation":90,"texture":"#texture"},"west":{"uv":[1,4,3,7],"texture":"#texture"},"up":{"uv":[12,0,14,4],"rotation":90,"texture":"#texture"},"down":{"uv":[12,12,14,16],"rotation":270,"texture":"#texture"}}},{"from":[6.995,1.995,-0.005],"to":[11.005,5.005,2.005],"rotation":{"angle":0,"axis":"y","origin":[8,7,1]},"faces":{"north":{"uv":[0,12,3,16],"rotation":90,"texture":"#texture"},"south":{"uv":[0,0,3,4],"rotation":90,"texture":"#texture"},"west":{"uv":[1,4,3,7],"texture":"#texture"},"up":{"uv":[12,12,14,16],"rotation":270,"texture":"#texture"},"down":{"uv":[12,0,14,4],"rotation":90,"texture":"#texture"}}},{"from":[7,9,-1],"to":[9,12,0],"rotation":{"angle":0,"axis":"x","origin":[0,7,-1]},"faces":{"north":{"uv":[1,4,3,7],"texture":"#texture"},"east":{"uv":[0,15,3,16],"rotation":90,"texture":"#texture"},"west":{"uv":[0,0,3,1],"rotation":90,"texture":"#texture"},"up":{"uv":[12,15,14,16],"texture":"#texture"},"down":{"uv":[12,0,14,1],"texture":"#texture"}}},{"from":[7,9,16],"to":[9,12,17],"rotation":{"angle":0,"axis":"x","origin":[0,7,16]},"faces":{"east":{"uv":[0,0,3,1],"rotation":90,"texture":"#texture"},"south":{"uv":[1,4,3,7],"texture":"#texture"},"west":{"uv":[0,15,3,16],"rotation":90,"texture":"#texture"},"up":{"uv":[12,0,14,1],"texture":"#texture"},"down":{"uv":[12,15,14,16],"texture":"#texture"}}},{"from":[11,1,13],"to":[15,13,17],"rotation":{"angle":0,"axis":"y","origin":[13,7,15]},"faces":{"north":{"uv":[0,1,4,13],"texture":"#texture"},"east":{"uv":[0,1,4,13],"texture":"#texture"},"south":{"uv":[0,1,4,13],"texture":"#texture"},"west":{"uv":[0,1,4,13],"texture":"#texture"},"up":{"uv":[4,0,8,4],"texture":"#texture"},"down":{"uv":[4,0,8,4],"texture":"#texture"}}},{"from":[11,1,-1],"to":[15,13,3],"rotation":{"angle":0,"axis":"y","origin":[13,7,1]},"faces":{"north":{"uv":[0,3,4,15],"texture":"#texture"},"east":{"uv":[0,3,4,15],"texture":"#texture"},"south":{"uv":[0,3,4,15],"texture":"#texture"},"west":{"uv":[0,3,4,15],"texture":"#texture"},"up":{"uv":[4,0,8,4],"texture":"#texture"},"down":{"uv":[4,0,8,4],"texture":"#texture"}}},{"from":[12,2,14],"to":[14,1,16],"rotation":{"angle":0,"axis":"y","origin":[13,7,15]},"faces":{"north":{"uv":[9,0,11,1],"texture":"#texture"},"east":{"uv":[11,1,12,3],"texture":"#texture"},"south":{"uv":[9,3,11,4],"texture":"#texture"},"west":{"uv":[8,1,9,3],"texture":"#texture"},"down":{"uv":[9,1,11,3],"texture":"#texture"}}},{"from":[12,13,14],"to":[14,12,16],"rotation":{"angle":0,"axis":"y","origin":[13,7,15]},"faces":{"north":{"uv":[9,0,11,1],"texture":"#texture"},"east":{"uv":[11,1,12,3],"texture":"#texture"},"south":{"uv":[9,3,11,4],"texture":"#texture"},"west":{"uv":[8,1,9,3],"texture":"#texture"},"up":{"uv":[9,1,11,3],"texture":"#texture"}}},{"from":[12,2,0],"to":[14,1,2],"rotation":{"angle":0,"axis":"y","origin":[13,7,1]},"faces":{"north":{"uv":[9,0,11,1],"texture":"#texture"},"east":{"uv":[11,1,12,3],"texture":"#texture"},"south":{"uv":[9,3,11,4],"texture":"#texture"},"west":{"uv":[8,1,9,3],"texture":"#texture"},"down":{"uv":[9,1,11,3],"texture":"#texture"}}},{"from":[12,13,0],"to":[14,12,2],"rotation":{"angle":0,"axis":"y","origin":[13,7,1]},"faces":{"north":{"uv":[9,0,11,1],"texture":"#texture"},"east":{"uv":[11,1,12,3],"texture":"#texture"},"south":{"uv":[9,3,11,4],"texture":"#texture"},"west":{"uv":[8,1,9,3],"texture":"#texture"},"up":{"uv":[9,1,11,3],"texture":"#texture"}}}]}