{"textures":{"texture":"block/bamboo_fence"},"elements":[{"from":[0.75,1,6],"to":[4.75,17,10],"faces":{"north":{"uv":[0,0,4,16],"texture":"#texture"},"east":{"uv":[0,0,4,16],"texture":"#texture"},"south":{"uv":[0,0,4,16],"texture":"#texture"},"west":{"uv":[0,0,4,16],"texture":"#texture"},"up":{"uv":[4,0,8,4],"texture":"#texture"},"down":{"uv":[4,0,8,4],"texture":"#texture"}}},{"from":[1.75,17,7],"to":[3.75,16,9],"faces":{"north":{"uv":[9,0,11,1],"texture":"#texture"},"east":{"uv":[11,1,12,3],"texture":"#texture"},"south":{"uv":[9,3,11,4],"texture":"#texture"},"west":{"uv":[8,1,9,3],"texture":"#texture"},"up":{"uv":[9,1,11,3],"texture":"#texture"}}},{"from":[1.75,2,7],"to":[3.75,1,9],"faces":{"north":{"uv":[9,0,11,1],"texture":"#texture"},"east":{"uv":[11,1,12,3],"texture":"#texture"},"south":{"uv":[9,3,11,4],"texture":"#texture"},"west":{"uv":[8,1,9,3],"texture":"#texture"},"down":{"uv":[9,1,11,3],"texture":"#texture"}}},{"from":[0,2,7],"to":[6,5,9],"faces":{"north":{"uv":[16,4,10,7],"texture":"#texture"},"south":{"uv":[10,4,16,7],"texture":"#texture"},"west":{"uv":[1,4,3,7],"texture":"#texture"},"up":{"uv":[10,7,16,9],"texture":"#texture"},"down":{"uv":[10,7,16,9],"texture":"#texture"}}}]}