{"parent":"display/fence","textures":{"texture":"block/bamboo_fence","particle":"block/bamboo_fence_particle"},"elements":[{"from":[-1,1,11],"to":[3,13,15],"rotation":{"angle":0,"axis":"y","origin":[1,7,13]},"faces":{"north":{"uv":[0,3,4,15],"texture":"#texture"},"east":{"uv":[0,3,4,15],"texture":"#texture"},"south":{"uv":[0,3,4,15],"texture":"#texture"},"west":{"uv":[0,3,4,15],"texture":"#texture"},"up":{"uv":[4,0,8,4],"texture":"#texture"},"down":{"uv":[4,0,8,4],"texture":"#texture"}}},{"from":[13.995,8.995,6.995],"to":[16.005,12.005,11.005],"rotation":{"angle":0,"axis":"y","origin":[15,7,8]},"faces":{"north":{"uv":[1,4,3,7],"texture":"#texture"},"east":{"uv":[0,0,3,4],"rotation":90,"texture":"#texture"},"west":{"uv":[0,12,3,16],"rotation":90,"texture":"#texture"},"up":{"uv":[12,12,14,16],"rotation":180,"texture":"#texture"},"down":{"uv":[12,0,14,4],"rotation":180,"texture":"#texture"}}},{"from":[-0.005,8.995,6.995],"to":[2.005,12.005,11.005],"rotation":{"angle":0,"axis":"y","origin":[1,7,8]},"faces":{"north":{"uv":[1,4,3,7],"texture":"#texture"},"east":{"uv":[0,0,3,4],"rotation":90,"texture":"#texture"},"west":{"uv":[0,12,3,16],"rotation":90,"texture":"#texture"},"up":{"uv":[12,0,14,4],"texture":"#texture"},"down":{"uv":[12,12,14,16],"texture":"#texture"}}},{"from":[13.995,1.995,6.995],"to":[16.005,5.005,11.005],"rotation":{"angle":0,"axis":"y","origin":[15,7,8]},"faces":{"north":{"uv":[1,4,3,7],"texture":"#texture"},"east":{"uv":[0,12,3,16],"rotation":90,"texture":"#texture"},"west":{"uv":[0,0,3,4],"rotation":90,"texture":"#texture"},"up":{"uv":[12,0,14,4],"rotation":180,"texture":"#texture"},"down":{"uv":[12,12,14,16],"rotation":180,"texture":"#texture"}}},{"from":[-0.005,1.995,6.995],"to":[2.005,5.005,11.005],"rotation":{"angle":0,"axis":"y","origin":[1,7,8]},"faces":{"north":{"uv":[1,4,3,7],"texture":"#texture"},"east":{"uv":[0,12,3,16],"rotation":90,"texture":"#texture"},"west":{"uv":[0,0,3,4],"rotation":90,"texture":"#texture"},"up":{"uv":[12,12,14,16],"texture":"#texture"},"down":{"uv":[12,0,14,4],"texture":"#texture"}}},{"from":[-1,9,7],"to":[0,12,9],"rotation":{"angle":0,"axis":"y","origin":[8,8,8]},"faces":{"north":{"uv":[0,15,3,16],"rotation":90,"texture":"#texture"},"south":{"uv":[0,0,3,1],"rotation":90,"texture":"#texture"},"west":{"uv":[1,4,3,7],"texture":"#texture"},"up":{"uv":[12,15,14,16],"rotation":270,"texture":"#texture"},"down":{"uv":[12,0,14,1],"rotation":90,"texture":"#texture"}}},{"from":[16,9,7],"to":[17,12,9],"rotation":{"angle":0,"axis":"y","origin":[8,8,8]},"faces":{"north":{"uv":[0,0,3,1],"rotation":90,"texture":"#texture"},"east":{"uv":[1,4,3,7],"texture":"#texture"},"south":{"uv":[0,15,3,16],"rotation":90,"texture":"#texture"},"up":{"uv":[12,0,14,1],"rotation":270,"texture":"#texture"},"down":{"uv":[12,15,14,16],"rotation":90,"texture":"#texture"}}},{"from":[13,1,11],"to":[17,13,15],"rotation":{"angle":0,"axis":"y","origin":[15,7,13]},"faces":{"north":{"uv":[0,1,4,13],"texture":"#texture"},"east":{"uv":[0,1,4,13],"texture":"#texture"},"south":{"uv":[0,1,4,13],"texture":"#texture"},"west":{"uv":[0,1,4,13],"texture":"#texture"},"up":{"uv":[4,0,8,4],"texture":"#texture"},"down":{"uv":[4,0,8,4],"texture":"#texture"}}},{"from":[14,2,12],"to":[16,1,14],"rotation":{"angle":0,"axis":"y","origin":[15,7,13]},"faces":{"north":{"uv":[9,0,11,1],"texture":"#texture"},"east":{"uv":[11,1,12,3],"texture":"#texture"},"south":{"uv":[9,3,11,4],"texture":"#texture"},"west":{"uv":[8,1,9,3],"texture":"#texture"},"down":{"uv":[9,1,11,3],"texture":"#texture"}}},{"from":[14,13,12],"to":[16,12,14],"rotation":{"angle":0,"axis":"y","origin":[15,7,13]},"faces":{"north":{"uv":[9,0,11,1],"texture":"#texture"},"east":{"uv":[11,1,12,3],"texture":"#texture"},"south":{"uv":[9,3,11,4],"texture":"#texture"},"west":{"uv":[8,1,9,3],"texture":"#texture"},"up":{"uv":[9,1,11,3],"texture":"#texture"}}},{"from":[0,2,12],"to":[2,1,14],"rotation":{"angle":0,"axis":"y","origin":[1,7,13]},"faces":{"north":{"uv":[9,0,11,1],"texture":"#texture"},"east":{"uv":[11,1,12,3],"texture":"#texture"},"south":{"uv":[9,3,11,4],"texture":"#texture"},"west":{"uv":[8,1,9,3],"texture":"#texture"},"down":{"uv":[9,1,11,3],"texture":"#texture"}}},{"from":[0,13,12],"to":[2,12,14],"rotation":{"angle":0,"axis":"y","origin":[1,7,13]},"faces":{"north":{"uv":[9,0,11,1],"texture":"#texture"},"east":{"uv":[11,1,12,3],"texture":"#texture"},"south":{"uv":[9,3,11,4],"texture":"#texture"},"west":{"uv":[8,1,9,3],"texture":"#texture"},"up":{"uv":[9,1,11,3],"texture":"#texture"}}}]}