{"textures":{"texture":"block/bamboo_fence","particle":"block/bamboo_fence_particle"},"elements":[{"from":[6,0,6],"to":[10,16,10],"faces":{"north":{"uv":[0,0,4,16],"texture":"#texture"},"east":{"uv":[0,0,4,16],"texture":"#texture"},"south":{"uv":[0,0,4,16],"texture":"#texture"},"west":{"uv":[0,0,4,16],"texture":"#texture"},"up":{"uv":[4,0,8,4],"texture":"#texture","cullface":"up"},"down":{"uv":[4,0,8,4],"texture":"#texture","cullface":"down"}}},{"from":[7,16,7],"to":[9,15,9],"faces":{"north":{"uv":[9,0,11,1],"texture":"#texture","cullface":"up"},"east":{"uv":[11,1,12,3],"texture":"#texture","cullface":"up"},"south":{"uv":[9,3,11,4],"texture":"#texture","cullface":"up"},"west":{"uv":[8,1,9,3],"texture":"#texture","cullface":"up"},"up":{"uv":[9,1,11,3],"texture":"#texture","cullface":"up"}}},{"from":[7,1,7],"to":[9,0,9],"faces":{"north":{"uv":[9,0,11,1],"texture":"#texture","cullface":"down"},"east":{"uv":[11,1,12,3],"texture":"#texture","cullface":"down"},"south":{"uv":[9,3,11,4],"texture":"#texture","cullface":"down"},"west":{"uv":[8,1,9,3],"texture":"#texture","cullface":"down"},"down":{"uv":[9,1,11,3],"texture":"#texture","cullface":"down"}}}]}