{"textures":{"texture":"block/bamboo_fence"},"elements":[{"from":[6,1,0.75],"to":[10,17,4.75],"faces":{"north":{"uv":[0,0,4,16],"texture":"#texture"},"east":{"uv":[0,0,4,16],"texture":"#texture"},"south":{"uv":[0,0,4,16],"texture":"#texture"},"west":{"uv":[0,0,4,16],"texture":"#texture"},"up":{"uv":[4,0,8,4],"texture":"#texture"},"down":{"uv":[4,0,8,4],"texture":"#texture"}}},{"from":[7,17,1.75],"to":[9,16,3.75],"faces":{"north":{"uv":[9,0,11,1],"texture":"#texture"},"east":{"uv":[11,1,12,3],"texture":"#texture"},"south":{"uv":[9,3,11,4],"texture":"#texture"},"west":{"uv":[8,1,9,3],"texture":"#texture"},"up":{"uv":[9,1,11,3],"texture":"#texture"}}},{"from":[7,2,1.75],"to":[9,1,3.75],"faces":{"north":{"uv":[9,0,11,1],"texture":"#texture"},"east":{"uv":[11,1,12,3],"texture":"#texture"},"south":{"uv":[9,3,11,4],"texture":"#texture"},"west":{"uv":[8,1,9,3],"texture":"#texture"},"down":{"uv":[9,1,11,3],"texture":"#texture"}}},{"from":[7,2,0],"to":[9,5,6],"faces":{"north":{"uv":[1,4,3,7],"texture":"#texture"},"east":{"uv":[16,4,10,7],"texture":"#texture"},"west":{"uv":[10,4,16,7],"texture":"#texture"},"up":{"uv":[10,7,16,9],"rotation":90,"texture":"#texture"},"down":{"uv":[10,7,16,9],"rotation":270,"texture":"#texture"}}}]}