{"parent":"display/fence","textures":{"particle":"block/bamboo_fence_particle","texture":"block/bamboo_fence"},"elements":[{"from":[7,2,0],"to":[9,5,16],"faces":{"north":{"uv":[1,5,3,8],"texture":"#texture"},"east":{"uv":[0,0,3,16],"rotation":90,"texture":"#texture"},"south":{"uv":[1,5,3,8],"texture":"#texture"},"west":{"uv":[0,0,3,16],"rotation":90,"texture":"#texture"},"up":{"uv":[12,16,14,0],"texture":"#texture"},"down":{"uv":[12,16,14,0],"texture":"#texture"}}},{"from":[7,9,0],"to":[9,12,16],"rotation":{"angle":0,"axis":"x","origin":[0,7,0]},"faces":{"east":{"uv":[0,0,3,16],"rotation":90,"texture":"#texture"},"west":{"uv":[0,0,3,16],"rotation":90,"texture":"#texture"},"up":{"uv":[12,0,14,16],"texture":"#texture"},"down":{"uv":[12,0,14,16],"texture":"#texture"}}},{"from":[7,9,-1],"to":[9,12,0],"rotation":{"angle":0,"axis":"x","origin":[0,7,-1]},"faces":{"north":{"uv":[1,4,3,7],"texture":"#texture"},"east":{"uv":[0,15,3,16],"rotation":90,"texture":"#texture"},"west":{"uv":[0,0,3,1],"rotation":90,"texture":"#texture"},"up":{"uv":[12,15,14,16],"texture":"#texture"},"down":{"uv":[12,0,14,1],"texture":"#texture"}}},{"from":[7,9,16],"to":[9,12,17],"rotation":{"angle":0,"axis":"x","origin":[0,7,16]},"faces":{"east":{"uv":[0,0,3,1],"rotation":90,"texture":"#texture"},"south":{"uv":[1,4,3,7],"texture":"#texture"},"west":{"uv":[0,15,3,16],"rotation":90,"texture":"#texture"},"up":{"uv":[12,0,14,1],"texture":"#texture"},"down":{"uv":[12,15,14,16],"texture":"#texture"}}},{"from":[6,1,8],"to":[10,13,12],"rotation":{"angle":0,"axis":"x","origin":[0,0,-4]},"faces":{"east":{"uv":[0,1,4,13],"texture":"#texture"},"south":{"uv":[0,1,4,13],"texture":"#texture"},"west":{"uv":[0,1,4,13],"texture":"#texture"},"up":{"uv":[4,0,8,4],"texture":"#texture"},"down":{"uv":[4,0,8,4],"texture":"#texture"}}},{"from":[6,1,4],"to":[10,13,8],"rotation":{"angle":0,"axis":"x","origin":[0,0,-8]},"faces":{"north":{"uv":[0,3,4,15],"texture":"#texture"},"east":{"uv":[0,3,4,15],"texture":"#texture"},"west":{"uv":[0,3,4,15],"texture":"#texture"},"up":{"uv":[4,0,8,4],"texture":"#texture"},"down":{"uv":[4,0,8,4],"texture":"#texture"}}},{"from":[7,2,9],"to":[9,1,11],"rotation":{"angle":0,"axis":"y","origin":[0,0,-8.75]},"faces":{"north":{"uv":[9,0,11,1],"texture":"#texture"},"east":{"uv":[11,1,12,3],"texture":"#texture"},"south":{"uv":[9,3,11,4],"texture":"#texture"},"west":{"uv":[8,1,9,3],"texture":"#texture"},"down":{"uv":[9,1,11,3],"texture":"#texture"}}},{"from":[7,13,9],"to":[9,12,11],"rotation":{"angle":0,"axis":"y","origin":[0,-4,-8.75]},"faces":{"north":{"uv":[9,0,11,1],"texture":"#texture"},"east":{"uv":[11,1,12,3],"texture":"#texture"},"south":{"uv":[9,3,11,4],"texture":"#texture"},"west":{"uv":[8,1,9,3],"texture":"#texture"},"up":{"uv":[9,1,11,3],"texture":"#texture"}}},{"from":[7,2,5],"to":[9,1,7],"rotation":{"angle":0,"axis":"y","origin":[0,0,-12.75]},"faces":{"north":{"uv":[9,0,11,1],"texture":"#texture"},"east":{"uv":[11,1,12,3],"texture":"#texture"},"south":{"uv":[9,3,11,4],"texture":"#texture"},"west":{"uv":[8,1,9,3],"texture":"#texture"},"down":{"uv":[9,1,11,3],"texture":"#texture"}}},{"from":[7,13,5],"to":[9,12,7],"rotation":{"angle":0,"axis":"y","origin":[0,-4,-12.75]},"faces":{"north":{"uv":[9,0,11,1],"texture":"#texture"},"east":{"uv":[11,1,12,3],"texture":"#texture"},"south":{"uv":[9,3,11,4],"texture":"#texture"},"west":{"uv":[8,1,9,3],"texture":"#texture"},"up":{"uv":[9,1,11,3],"texture":"#texture"}}}],"display":{}}