{"textures":{"texture":"block/bamboo_fence"},"elements":[{"from":[6,-2,11.25],"to":[10,14,15.25],"faces":{"north":{"uv":[0,0,4,16],"texture":"#texture"},"east":{"uv":[0,0,4,16],"texture":"#texture"},"south":{"uv":[0,0,4,16],"texture":"#texture"},"west":{"uv":[0,0,4,16],"texture":"#texture"},"up":{"uv":[4,0,8,4],"texture":"#texture"},"down":{"uv":[4,0,8,4],"texture":"#texture"}}},{"from":[7,14,12.25],"to":[9,13,14.25],"faces":{"north":{"uv":[9,0,11,1],"texture":"#texture"},"east":{"uv":[11,1,12,3],"texture":"#texture"},"south":{"uv":[9,3,11,4],"texture":"#texture"},"west":{"uv":[8,1,9,3],"texture":"#texture"},"up":{"uv":[9,1,11,3],"texture":"#texture"}}},{"from":[7,-1,12.25],"to":[9,-2,14.25],"faces":{"north":{"uv":[9,0,11,1],"texture":"#texture"},"east":{"uv":[11,1,12,3],"texture":"#texture"},"south":{"uv":[9,3,11,4],"texture":"#texture"},"west":{"uv":[8,1,9,3],"texture":"#texture"},"down":{"uv":[9,1,11,3],"texture":"#texture"}}},{"from":[7,2,10],"to":[9,5,16],"faces":{"east":{"uv":[10,4,4,7],"texture":"#texture"},"south":{"uv":[1,4,3,7],"texture":"#texture"},"west":{"uv":[4,4,10,7],"texture":"#texture"},"up":{"uv":[4,7,10,9],"rotation":90,"texture":"#texture"},"down":{"uv":[4,7,10,9],"rotation":270,"texture":"#texture"}}}]}