{"textures":{"texture":"block/bamboo_fence"},"elements":[{"from":[11.25,-2,6],"to":[15.25,14,10],"faces":{"north":{"uv":[0,0,4,16],"texture":"#texture"},"east":{"uv":[0,0,4,16],"texture":"#texture"},"south":{"uv":[0,0,4,16],"texture":"#texture"},"west":{"uv":[0,0,4,16],"texture":"#texture"},"up":{"uv":[4,0,8,4],"texture":"#texture"},"down":{"uv":[4,0,8,4],"texture":"#texture"}}},{"from":[12.25,14,7],"to":[14.25,13,9],"faces":{"north":{"uv":[9,0,11,1],"texture":"#texture"},"east":{"uv":[11,1,12,3],"texture":"#texture"},"south":{"uv":[9,3,11,4],"texture":"#texture"},"west":{"uv":[8,1,9,3],"texture":"#texture"},"up":{"uv":[9,1,11,3],"texture":"#texture"}}},{"from":[12.25,-1,7],"to":[14.25,-2,9],"faces":{"north":{"uv":[9,0,11,1],"texture":"#texture"},"east":{"uv":[11,1,12,3],"texture":"#texture"},"south":{"uv":[9,3,11,4],"texture":"#texture"},"west":{"uv":[8,1,9,3],"texture":"#texture"},"down":{"uv":[9,1,11,3],"texture":"#texture"}}},{"from":[10,2,7],"to":[16,5,9],"faces":{"north":{"uv":[10,4,4,7],"texture":"#texture"},"east":{"uv":[1,4,3,7],"texture":"#texture"},"south":{"uv":[4,4,10,7],"texture":"#texture"},"up":{"uv":[4,7,10,9],"texture":"#texture"},"down":{"uv":[4,7,10,9],"texture":"#texture"}}}]}