{"parent":"display/fence","textures":{"1":"block/birch_fence_paper","texture":"block/birch_planks"},"elements":[{"from":[7,10,2],"to":[9,12,14],"faces":{"east":{"uv":[2,4,14,6],"texture":"#texture"},"west":{"uv":[2,4,14,6],"texture":"#texture"},"up":{"uv":[7,2,9,14],"texture":"#texture"},"down":{"uv":[7,2,9,14],"texture":"#texture"}}},{"from":[7.5,2,11],"to":[8.5,10,14],"faces":{"east":{"uv":[2,6,5,14],"texture":"#1"},"west":{"uv":[11,6,14,14],"texture":"#1"}}},{"from":[7.5,2,2],"to":[8.5,10,5],"faces":{"east":{"uv":[11,6,14,14],"texture":"#1"},"west":{"uv":[2,6,5,14],"texture":"#1"}}},{"from":[7,0,2],"to":[9,2,14],"faces":{"east":{"uv":[2,14,14,16],"texture":"#texture"},"west":{"uv":[2,14,14,16],"texture":"#texture"},"up":{"uv":[7,2,9,14],"texture":"#texture"},"down":{"uv":[7,2,9,14],"texture":"#texture"}}},{"from":[7,2,10],"to":[9,10,11],"faces":{"north":{"uv":[7,6,9,14],"texture":"#texture"},"east":{"uv":[5,6,6,14],"texture":"#texture"},"south":{"uv":[7,6,9,14],"texture":"#texture"},"west":{"uv":[10,6,11,14],"texture":"#texture"}}},{"from":[7,2,5],"to":[9,10,6],"faces":{"north":{"uv":[7,6,9,14],"texture":"#texture"},"east":{"uv":[10,6,11,14],"texture":"#texture"},"south":{"uv":[7,6,9,14],"texture":"#texture"},"west":{"uv":[5,6,6,14],"texture":"#texture"}}},{"from":[6,0,14],"to":[10,16,18],"faces":{"north":{"uv":[6,0,10,16],"texture":"#texture"},"east":{"uv":[6,0,10,16],"texture":"#texture"},"south":{"uv":[6,0,10,16],"texture":"#texture"},"west":{"uv":[6,0,10,16],"texture":"#texture"},"up":{"uv":[6,6,10,10],"texture":"#texture"},"down":{"uv":[6,6,10,10],"texture":"#texture"}}},{"from":[6,0,-2],"to":[10,16,2],"faces":{"north":{"uv":[6,0,10,16],"texture":"#texture"},"east":{"uv":[6,0,10,16],"texture":"#texture"},"south":{"uv":[6,0,10,16],"texture":"#texture"},"west":{"uv":[6,0,10,16],"texture":"#texture"},"up":{"uv":[6,6,10,10],"texture":"#texture"},"down":{"uv":[6,6,10,10],"texture":"#texture"}}}]}