{"parent":"display/fence","ambientocclusion":false,"textures":{"1":"block/cherry_fence_bits","particle":"block/cherry_planks"},"elements":[{"from":[0.52512,0.95,13.97488],"to":[8.52512,3,16.97488],"faces":{"north":{"uv":[0,3,8,5],"texture":"#1"},"east":{"uv":[7,9,10,11],"texture":"#1"},"south":{"uv":[8,3,16,5],"texture":"#1"},"west":{"uv":[9,14,12,16],"texture":"#1"},"up":{"uv":[8,0,16,3],"texture":"#1"},"down":{"uv":[0,5,8,8],"rotation":180,"texture":"#1"}}},{"from":[6.5,3,-1],"to":[9.5,13,2],"faces":{"north":{"uv":[6,3,9,13],"texture":"#particle"},"east":{"uv":[6,3,9,13],"texture":"#particle"},"south":{"uv":[7,3,10,13],"texture":"#particle"},"west":{"uv":[7,3,10,13],"texture":"#particle"},"up":{"uv":[7,7,10,10],"texture":"#particle"},"down":{"uv":[7,6,10,9],"texture":"#particle"}}},{"from":[0.52513,0.95,-0.97487],"to":[8.52513,3,2.02513],"faces":{"north":{"uv":[0,3,8,5],"texture":"#1"},"east":{"uv":[7,9,10,11],"texture":"#1"},"south":{"uv":[8,3,16,5],"texture":"#1"},"west":{"uv":[9,14,12,16],"texture":"#1"},"up":{"uv":[8,0,16,3],"texture":"#1"},"down":{"uv":[0,5,8,8],"rotation":180,"texture":"#1"}}},{"from":[6.5,3,14],"to":[9.5,13,17],"faces":{"north":{"uv":[6,3,9,13],"texture":"#particle"},"east":{"uv":[7,3,10,13],"texture":"#particle"},"south":{"uv":[7,3,10,13],"texture":"#particle"},"west":{"uv":[6,3,9,13],"texture":"#particle"},"up":{"uv":[7,6,10,9],"texture":"#particle"},"down":{"uv":[7,7,10,10],"texture":"#particle"}}},{"from":[-0.47488,3,13.97488],"to":[1.52512,13,16.97488],"faces":{"north":{"uv":[7,3,9,13],"texture":"#particle"},"east":{"uv":[7,3,10,13],"texture":"#particle"},"south":{"uv":[7,3,9,13],"texture":"#particle"},"west":{"uv":[6,3,9,13],"texture":"#particle"},"up":{"uv":[7,7,10,9],"rotation":270,"texture":"#particle"},"down":{"uv":[7,7,10,9],"rotation":90,"texture":"#particle"}}},{"from":[-0.47487,3,-0.97487],"to":[1.52513,13,2.02513],"faces":{"north":{"uv":[7,3,9,13],"texture":"#particle"},"east":{"uv":[6,3,9,13],"texture":"#particle"},"south":{"uv":[7,3,9,13],"texture":"#particle"},"west":{"uv":[7,3,10,13],"texture":"#particle"},"up":{"uv":[7,7,10,9],"rotation":90,"texture":"#particle"},"down":{"uv":[7,7,10,9],"rotation":270,"texture":"#particle"}}},{"from":[0.52513,13,-0.97487],"to":[8.52513,15.05,2.02513],"faces":{"north":{"uv":[0,3,8,5],"texture":"#1"},"east":{"uv":[7,9,10,11],"texture":"#1"},"south":{"uv":[8,3,16,5],"texture":"#1"},"west":{"uv":[7,9,10,11],"texture":"#1"},"up":{"uv":[8,0,16,3],"texture":"#1"},"down":{"uv":[0,5,8,8],"rotation":180,"texture":"#1"}}},{"from":[0.52512,13,13.97488],"to":[8.52512,15.05,16.97488],"faces":{"north":{"uv":[0,3,8,5],"texture":"#1"},"east":{"uv":[7,9,10,11],"texture":"#1"},"south":{"uv":[8,3,16,5],"texture":"#1"},"west":{"uv":[7,9,10,11],"texture":"#1"},"up":{"uv":[8,0,16,3],"texture":"#1"},"down":{"uv":[0,5,8,8],"rotation":180,"texture":"#1"}}},{"from":[4.71447,-0.28553,14.47488],"to":[8.71447,1.71447,15.47488],"rotation":{"angle":-45,"axis":"z","origin":[8,8,15.47488]},"faces":{"north":{"uv":[0,8,4,10],"texture":"#1"},"east":{"uv":[8,9,9,11],"texture":"#1"},"south":{"uv":[10,10,14,12],"texture":"#1"},"west":{"uv":[7,9,8,11],"texture":"#1"},"up":{"uv":[12,12,16,13],"texture":"#1"},"down":{"uv":[2,12,6,13],"rotation":180,"texture":"#1"}}},{"from":[0.71447,3.71447,14.47488],"to":[10.71447,5.71447,15.47488],"rotation":{"angle":-45,"axis":"z","origin":[8,8,15.47488]},"faces":{"north":{"uv":[2,8,12,10],"texture":"#1"},"south":{"uv":[6,10,16,12],"texture":"#1"},"west":{"uv":[7,5,8,7],"texture":"#1"},"up":{"uv":[4,15,14,16],"texture":"#1"},"down":{"uv":[0,15,10,16],"rotation":180,"texture":"#1"}}},{"from":[0.71447,7.71447,14.47488],"to":[6.71447,9.71447,15.47488],"rotation":{"angle":-45,"axis":"z","origin":[8,8,15.47488]},"faces":{"north":{"uv":[2,8,8,10],"texture":"#1"},"south":{"uv":[2,10,8,12],"texture":"#1"},"west":{"uv":[7,1,8,3],"texture":"#1"},"up":{"uv":[6,13,12,14],"texture":"#1"},"down":{"uv":[6,13,12,14],"rotation":180,"texture":"#1"}}},{"from":[0.71447,6.28553,15.47488],"to":[6.71447,8.28553,16.47488],"rotation":{"angle":45,"axis":"z","origin":[8,8,15.47488]},"faces":{"north":{"uv":[8,10,14,12],"texture":"#1"},"south":{"uv":[8,8,14,10],"texture":"#1"},"west":{"uv":[8,13,9,15],"texture":"#1"},"up":{"uv":[3,15,9,16],"texture":"#1"},"down":{"uv":[3,15,9,16],"rotation":180,"texture":"#1"}}},{"from":[0.71447,10.28553,15.47488],"to":[10.71447,12.28553,16.47488],"rotation":{"angle":45,"axis":"z","origin":[8,8,15.47488]},"faces":{"north":{"uv":[0,10,10,12],"texture":"#1"},"south":{"uv":[4,8,14,10],"texture":"#1"},"west":{"uv":[8,9,9,11],"texture":"#1"},"up":{"uv":[5,14,15,15],"texture":"#1"},"down":{"uv":[1,14,11,15],"rotation":180,"texture":"#1"}}},{"from":[4.71447,14.28553,15.47488],"to":[8.71447,16.28553,16.47488],"rotation":{"angle":45,"axis":"z","origin":[8,8,15.47488]},"faces":{"north":{"uv":[2,10,6,12],"texture":"#1"},"east":{"uv":[7,5,8,7],"texture":"#1"},"south":{"uv":[12,8,16,10],"texture":"#1"},"west":{"uv":[8,5,9,7],"texture":"#1"},"up":{"uv":[11,13,15,14],"texture":"#1"},"down":{"uv":[1,13,5,14],"rotation":180,"texture":"#1"}}},{"from":[4.71447,-0.28553,-0.47487],"to":[8.71447,1.71447,0.52513],"rotation":{"angle":-45,"axis":"z","origin":[8,8,0.52513]},"faces":{"north":{"uv":[0,8,4,10],"texture":"#1"},"east":{"uv":[8,9,9,11],"texture":"#1"},"south":{"uv":[10,10,14,12],"texture":"#1"},"west":{"uv":[7,9,8,11],"texture":"#1"},"up":{"uv":[12,12,16,13],"texture":"#1"},"down":{"uv":[10,14,14,15],"texture":"#1"}}},{"from":[0.71447,3.71447,-0.47487],"to":[10.71447,5.71447,0.52513],"rotation":{"angle":-45,"axis":"z","origin":[8,8,0.52513]},"faces":{"north":{"uv":[2,8,12,10],"texture":"#1"},"south":{"uv":[6,10,16,12],"texture":"#1"},"west":{"uv":[7,5,8,7],"texture":"#1"},"up":{"uv":[3,15,13,16],"texture":"#1"},"down":{"uv":[5,13,15,14],"texture":"#1"}}},{"from":[0.71447,7.71447,-0.47487],"to":[6.71447,9.71447,0.52513],"rotation":{"angle":-45,"axis":"z","origin":[8,8,0.52513]},"faces":{"north":{"uv":[2,8,8,10],"texture":"#1"},"south":{"uv":[2,10,8,12],"texture":"#1"},"west":{"uv":[7,1,8,3],"texture":"#1"},"up":{"uv":[6,13,12,14],"texture":"#1"},"down":{"uv":[6,13,12,14],"texture":"#1"}}},{"from":[0.71447,6.28553,0.52513],"to":[6.71447,8.28553,1.52513],"rotation":{"angle":45,"axis":"z","origin":[8,8,0.52513]},"faces":{"north":{"uv":[8,10,14,12],"texture":"#1"},"south":{"uv":[8,8,14,10],"texture":"#1"},"west":{"uv":[8,13,9,15],"texture":"#1"},"up":{"uv":[3,15,9,16],"texture":"#1"},"down":{"uv":[3,15,9,16],"rotation":180,"texture":"#1"}}},{"from":[0.71447,10.28553,0.52513],"to":[10.71447,12.28553,1.52513],"rotation":{"angle":45,"axis":"z","origin":[8,8,0.52513]},"faces":{"north":{"uv":[0,10,10,12],"texture":"#1"},"south":{"uv":[4,8,14,10],"texture":"#1"},"west":{"uv":[8,9,9,11],"texture":"#1"},"up":{"uv":[2,12,12,13],"texture":"#1"},"down":{"uv":[6,12,16,13],"rotation":180,"texture":"#1"}}},{"from":[4.71447,14.28553,0.52513],"to":[8.71447,16.28553,1.52513],"rotation":{"angle":45,"axis":"z","origin":[8,8,0.52513]},"faces":{"north":{"uv":[2,10,6,12],"texture":"#1"},"east":{"uv":[7,5,8,7],"texture":"#1"},"south":{"uv":[12,8,16,10],"texture":"#1"},"west":{"uv":[8,5,9,7],"texture":"#1"},"up":{"uv":[0,15,4,16],"texture":"#1"},"down":{"uv":[10,15,14,16],"texture":"#1"}}}]}