{"parent":"display/fence","textures":{"1":"block/cherry_fence_bits","particle":"block/cherry_planks","texture":"block/cherry_planks"},"elements":[{"from":[6,0,-2],"to":[10,16,2],"faces":{"north":{"uv":[6,0,10,16],"texture":"#texture"},"east":{"uv":[6,0,10,16],"texture":"#texture"},"south":{"uv":[6,0,10,16],"texture":"#texture"},"west":{"uv":[6,0,10,16],"texture":"#texture"},"up":{"uv":[6,6,10,10],"texture":"#texture"},"down":{"uv":[6,6,10,10],"texture":"#texture"}}},{"from":[6,0,14],"to":[10,16,18],"faces":{"north":{"uv":[6,0,10,16],"texture":"#texture"},"east":{"uv":[6,0,10,16],"texture":"#texture"},"south":{"uv":[6,0,10,16],"texture":"#texture"},"west":{"uv":[6,0,10,16],"texture":"#texture"},"up":{"uv":[6,6,10,10],"texture":"#texture"},"down":{"uv":[6,6,10,10],"texture":"#texture"}}},{"from":[6.5,13,2],"to":[9.5,15,14],"faces":{"north":{"uv":[0,0,0,0],"texture":"#1"},"east":{"uv":[0,3,12,5],"texture":"#1"},"south":{"uv":[0,0,0,0],"texture":"#1"},"west":{"uv":[0,3,12,5],"texture":"#1"},"up":{"uv":[0,0,12,3],"rotation":90,"texture":"#1"},"down":{"uv":[0,5,12,8],"rotation":90,"texture":"#1"}}},{"from":[6.5,1,2],"to":[9.5,3,14],"faces":{"north":{"uv":[0,0,0,0],"texture":"#1"},"east":{"uv":[0,3,12,5],"texture":"#1"},"south":{"uv":[0,0,0,0],"texture":"#1"},"west":{"uv":[0,3,12,5],"texture":"#1"},"up":{"uv":[0,0,12,3],"rotation":90,"texture":"#1"},"down":{"uv":[0,5,12,8],"rotation":90,"texture":"#1"}}},{"from":[8,5,0],"to":[9,7,14],"rotation":{"angle":45,"axis":"x","origin":[8.5,8,8]},"faces":{"north":{"uv":[7,9,8,11],"texture":"#1"},"east":{"uv":[0,8,14,10],"texture":"#1"},"south":{"uv":[8,9,9,11],"texture":"#1"},"west":{"uv":[0,10,14,12],"texture":"#1"},"up":{"uv":[2,12,16,13],"rotation":90,"texture":"#1"},"down":{"uv":[2,12,16,13],"rotation":90,"texture":"#1"}}},{"from":[8,1,4],"to":[9,3,10],"rotation":{"angle":45,"axis":"x","origin":[8.5,8,8]},"faces":{"north":{"uv":[7,13,8,15],"texture":"#1"},"east":{"uv":[8,8,14,10],"texture":"#1"},"south":{"uv":[8,13,9,15],"texture":"#1"},"west":{"uv":[8,10,14,12],"texture":"#1"},"up":{"uv":[6,14,12,15],"rotation":90,"texture":"#1"},"down":{"uv":[6,14,12,15],"texture":"#1"}}},{"from":[8,9,2],"to":[9,11,16],"rotation":{"angle":45,"axis":"x","origin":[8.5,8,8]},"faces":{"north":{"uv":[7,5,8,7],"texture":"#1"},"east":{"uv":[2,8,16,10],"texture":"#1"},"south":{"uv":[8,5,9,7],"texture":"#1"},"west":{"uv":[2,10,16,12],"texture":"#1"},"up":{"uv":[0,15,14,16],"rotation":90,"texture":"#1"},"down":{"uv":[0,15,14,16],"rotation":90,"texture":"#1"}}},{"from":[8,13,6],"to":[9,15,12],"rotation":{"angle":45,"axis":"x","origin":[8.5,8,8]},"faces":{"north":{"uv":[7,1,8,3],"texture":"#1"},"east":{"uv":[2,8,8,10],"texture":"#1"},"south":{"uv":[8,1,9,3],"texture":"#1"},"west":{"uv":[2,10,8,12],"texture":"#1"},"up":{"uv":[6,13,12,14],"rotation":90,"texture":"#1"},"down":{"uv":[6,13,12,14],"rotation":90,"texture":"#1"}}},{"from":[7,1,6],"to":[8,3,12],"rotation":{"angle":-45,"axis":"x","origin":[8.5,8,8]},"faces":{"north":{"uv":[8,13,9,15],"texture":"#1"},"east":{"uv":[8,10,14,12],"texture":"#1"},"south":{"uv":[7,13,8,15],"texture":"#1"},"west":{"uv":[8,8,14,10],"texture":"#1"},"up":{"uv":[3,15,9,16],"rotation":90,"texture":"#1"},"down":{"uv":[3,15,9,16],"rotation":90,"texture":"#1"}}},{"from":[7,5,2],"to":[8,7,16],"rotation":{"angle":-45,"axis":"x","origin":[8.5,8,8]},"faces":{"north":{"uv":[8,9,9,11],"texture":"#1"},"east":{"uv":[0,10,14,12],"texture":"#1"},"south":{"uv":[7,9,8,11],"texture":"#1"},"west":{"uv":[0,8,14,10],"texture":"#1"},"up":{"uv":[1,14,15,15],"rotation":90,"texture":"#1"},"down":{"uv":[1,14,15,15],"rotation":90,"texture":"#1"}}},{"from":[7,9,0],"to":[8,11,14],"rotation":{"angle":-45,"axis":"x","origin":[8.5,8,8]},"faces":{"north":{"uv":[8,5,9,7],"texture":"#1"},"east":{"uv":[2,10,16,12],"texture":"#1"},"south":{"uv":[7,5,8,7],"texture":"#1"},"west":{"uv":[2,8,16,10],"texture":"#1"},"up":{"uv":[1,13,15,14],"rotation":90,"texture":"#1"},"down":{"uv":[1,13,15,14],"rotation":90,"texture":"#1"}}},{"from":[7,13,4],"to":[8,15,10],"rotation":{"angle":-45,"axis":"x","origin":[8.5,8,8]},"faces":{"north":{"uv":[8,1,9,3],"texture":"#1"},"east":{"uv":[2,10,8,12],"texture":"#1"},"south":{"uv":[7,1,8,3],"texture":"#1"},"west":{"uv":[2,8,8,10],"texture":"#1"},"up":{"uv":[7,12,13,13],"rotation":90,"texture":"#1"},"down":{"uv":[7,12,13,13],"rotation":90,"texture":"#1"}}}]}