{"ambientocclusion":false,"textures":{"1":"block/cherry_fence_bits","particle":"block/cherry_planks"},"elements":[{"from":[6.5,13,0],"to":[9.5,15,6],"faces":{"north":{"uv":[7,9,10,11],"texture":"#1"},"east":{"uv":[0,3,6,5],"texture":"#1"},"west":{"uv":[6,3,12,5],"texture":"#1"},"up":{"uv":[6,0,12,3],"rotation":90,"texture":"#1"},"down":{"uv":[0,5,6,8],"rotation":90,"texture":"#1"}}},{"from":[6.5,1,0],"to":[9.5,3,6],"faces":{"north":{"uv":[9,14,12,16],"texture":"#1"},"east":{"uv":[0,3,6,5],"texture":"#1"},"west":{"uv":[6,3,12,5],"texture":"#1"},"up":{"uv":[6,0,12,3],"rotation":90,"texture":"#1"},"down":{"uv":[0,5,6,8],"rotation":90,"texture":"#1"}}},{"from":[8,-0.65685,4.34315],"to":[9,1.34315,8.34315],"rotation":{"angle":45,"axis":"x","origin":[8,8,8]},"faces":{"north":{"uv":[7,9,8,11],"texture":"#1"},"east":{"uv":[0,8,4,10],"texture":"#1"},"south":{"uv":[8,9,9,11],"texture":"#1"},"west":{"uv":[10,10,14,12],"texture":"#1"},"up":{"uv":[12,12,16,13],"rotation":90,"texture":"#1"},"down":{"uv":[2,12,6,13],"rotation":90,"texture":"#1"}}},{"from":[8,3.34315,0.34315],"to":[9,5.34315,10.34315],"rotation":{"angle":45,"axis":"x","origin":[8,8,8]},"faces":{"north":{"uv":[7,5,8,7],"texture":"#1"},"east":{"uv":[2,8,12,10],"texture":"#1"},"west":{"uv":[6,10,16,12],"texture":"#1"},"up":{"uv":[4,15,14,16],"rotation":90,"texture":"#1"},"down":{"uv":[0,15,10,16],"rotation":90,"texture":"#1"}}},{"from":[8,7.34315,0.34315],"to":[9,9.34315,6.34315],"rotation":{"angle":45,"axis":"x","origin":[8,8,8]},"faces":{"north":{"uv":[7,1,8,3],"texture":"#1"},"east":{"uv":[2,8,8,10],"texture":"#1"},"west":{"uv":[2,10,8,12],"texture":"#1"},"up":{"uv":[6,13,12,14],"rotation":90,"texture":"#1"},"down":{"uv":[6,13,12,14],"rotation":90,"texture":"#1"}}},{"from":[7,6.65685,0.34315],"to":[8,8.65685,6.34315],"rotation":{"angle":-45,"axis":"x","origin":[8,8,8]},"faces":{"north":{"uv":[8,13,9,15],"texture":"#1"},"east":{"uv":[8,10,14,12],"texture":"#1"},"west":{"uv":[8,8,14,10],"texture":"#1"},"up":{"uv":[3,15,9,16],"rotation":90,"texture":"#1"},"down":{"uv":[3,15,9,16],"rotation":90,"texture":"#1"}}},{"from":[7,10.65685,0.34315],"to":[8,12.65685,10.34315],"rotation":{"angle":-45,"axis":"x","origin":[8,8,8]},"faces":{"north":{"uv":[8,9,9,11],"texture":"#1"},"east":{"uv":[0,10,10,12],"texture":"#1"},"west":{"uv":[4,8,14,10],"texture":"#1"},"up":{"uv":[5,14,15,15],"rotation":90,"texture":"#1"},"down":{"uv":[1,14,11,15],"rotation":90,"texture":"#1"}}},{"from":[7,14.65685,4.34315],"to":[8,16.65685,8.34315],"rotation":{"angle":-45,"axis":"x","origin":[8,8,8]},"faces":{"north":{"uv":[8,5,9,7],"texture":"#1"},"east":{"uv":[2,10,6,12],"texture":"#1"},"south":{"uv":[7,5,8,7],"texture":"#1"},"west":{"uv":[12,8,16,10],"texture":"#1"},"up":{"uv":[11,13,15,14],"rotation":90,"texture":"#1"},"down":{"uv":[1,13,5,14],"rotation":90,"texture":"#1"}}}]}