{"parent":"display/fence","ambientocclusion":false,"textures":{"1":"block/cherry_fence_bits","particle":"block/cherry_planks"},"elements":[{"from":[6.5,1,8],"to":[9.5,3,16],"faces":{"north":{"uv":[9,14,12,16],"texture":"#1"},"east":{"uv":[0,3,8,5],"texture":"#1"},"south":{"uv":[7,9,10,11],"texture":"#1"},"west":{"uv":[8,3,16,5],"texture":"#1"},"up":{"uv":[8,0,16,3],"rotation":90,"texture":"#1"},"down":{"uv":[0,5,8,8],"rotation":90,"texture":"#1"}}},{"from":[6.5,3,-1],"to":[9.5,13,2],"faces":{"north":{"uv":[6,3,9,13],"texture":"#particle"},"east":{"uv":[6,3,9,13],"texture":"#particle"},"south":{"uv":[7,3,10,13],"texture":"#particle"},"west":{"uv":[7,3,10,13],"texture":"#particle"},"up":{"uv":[7,7,10,10],"texture":"#particle"},"down":{"uv":[7,6,10,9],"texture":"#particle"}}},{"from":[6.5,1,0],"to":[9.5,3,8],"faces":{"north":{"uv":[7,9,10,11],"texture":"#1"},"east":{"uv":[8,3,16,5],"texture":"#1"},"south":{"uv":[9,14,12,16],"texture":"#1"},"west":{"uv":[0,3,8,5],"texture":"#1"},"up":{"uv":[8,0,16,3],"rotation":270,"texture":"#1"},"down":{"uv":[0,5,8,8],"rotation":270,"texture":"#1"}}},{"from":[6.5,3,14],"to":[9.5,13,17],"faces":{"north":{"uv":[6,3,9,13],"texture":"#particle"},"east":{"uv":[7,3,10,13],"texture":"#particle"},"south":{"uv":[7,3,10,13],"texture":"#particle"},"west":{"uv":[6,3,9,13],"texture":"#particle"},"up":{"uv":[7,6,10,9],"texture":"#particle"},"down":{"uv":[7,7,10,10],"texture":"#particle"}}},{"from":[6.5,3,7],"to":[9.5,13,9],"faces":{"north":{"uv":[6,3,9,13],"texture":"#particle"},"east":{"uv":[7,3,9,13],"texture":"#particle"},"south":{"uv":[7,3,10,13],"texture":"#particle"},"west":{"uv":[7,3,9,13],"texture":"#particle"},"up":{"uv":[7,7,10,9],"texture":"#particle"},"down":{"uv":[7,7,10,9],"texture":"#particle"}}},{"from":[6.5,13,0],"to":[9.5,15,8],"faces":{"north":{"uv":[7,9,10,11],"texture":"#1"},"east":{"uv":[8,3,16,5],"texture":"#1"},"south":{"uv":[7,9,10,11],"texture":"#1"},"west":{"uv":[0,3,8,5],"texture":"#1"},"up":{"uv":[8,0,16,3],"rotation":270,"texture":"#1"},"down":{"uv":[0,5,8,8],"rotation":270,"texture":"#1"}}},{"from":[6.5,13,8],"to":[9.5,15,16],"faces":{"north":{"uv":[7,9,10,11],"texture":"#1"},"east":{"uv":[0,3,8,5],"texture":"#1"},"south":{"uv":[7,9,10,11],"texture":"#1"},"west":{"uv":[8,3,16,5],"texture":"#1"},"up":{"uv":[8,0,16,3],"rotation":90,"texture":"#1"},"down":{"uv":[0,5,8,8],"rotation":90,"texture":"#1"}}},{"from":[8,-0.65685,12.34315],"to":[9,1.34315,16.34315],"rotation":{"angle":45,"axis":"x","origin":[8,8,16]},"faces":{"north":{"uv":[7,9,8,11],"texture":"#1"},"east":{"uv":[0,8,4,10],"texture":"#1"},"south":{"uv":[8,9,9,11],"texture":"#1"},"west":{"uv":[10,10,14,12],"texture":"#1"},"up":{"uv":[12,12,16,13],"rotation":90,"texture":"#1"},"down":{"uv":[2,12,6,13],"rotation":90,"texture":"#1"}}},{"from":[8,3.34315,8.34315],"to":[9,5.34315,18.34315],"rotation":{"angle":45,"axis":"x","origin":[8,8,16]},"faces":{"north":{"uv":[7,5,8,7],"texture":"#1"},"east":{"uv":[2,8,12,10],"texture":"#1"},"west":{"uv":[6,10,16,12],"texture":"#1"},"up":{"uv":[4,15,14,16],"rotation":90,"texture":"#1"},"down":{"uv":[0,15,10,16],"rotation":90,"texture":"#1"}}},{"from":[8,7.34315,8.34315],"to":[9,9.34315,14.34315],"rotation":{"angle":45,"axis":"x","origin":[8,8,16]},"faces":{"north":{"uv":[7,1,8,3],"texture":"#1"},"east":{"uv":[2,8,8,10],"texture":"#1"},"west":{"uv":[2,10,8,12],"texture":"#1"},"up":{"uv":[6,13,12,14],"rotation":90,"texture":"#1"},"down":{"uv":[6,13,12,14],"rotation":90,"texture":"#1"}}},{"from":[7,6.65685,8.34315],"to":[8,8.65685,14.34315],"rotation":{"angle":-45,"axis":"x","origin":[8,8,16]},"faces":{"north":{"uv":[8,13,9,15],"texture":"#1"},"east":{"uv":[8,10,14,12],"texture":"#1"},"west":{"uv":[8,8,14,10],"texture":"#1"},"up":{"uv":[3,15,9,16],"rotation":90,"texture":"#1"},"down":{"uv":[3,15,9,16],"rotation":90,"texture":"#1"}}},{"from":[7,10.65685,8.34315],"to":[8,12.65685,18.34315],"rotation":{"angle":-45,"axis":"x","origin":[8,8,16]},"faces":{"north":{"uv":[8,9,9,11],"texture":"#1"},"east":{"uv":[0,10,10,12],"texture":"#1"},"west":{"uv":[4,8,14,10],"texture":"#1"},"up":{"uv":[5,14,15,15],"rotation":90,"texture":"#1"},"down":{"uv":[1,14,11,15],"rotation":90,"texture":"#1"}}},{"from":[7,14.65685,12.34315],"to":[8,16.65685,16.34315],"rotation":{"angle":-45,"axis":"x","origin":[8,8,16]},"faces":{"north":{"uv":[8,5,9,7],"texture":"#1"},"east":{"uv":[2,10,6,12],"texture":"#1"},"south":{"uv":[7,5,8,7],"texture":"#1"},"west":{"uv":[12,8,16,10],"texture":"#1"},"up":{"uv":[11,13,15,14],"rotation":90,"texture":"#1"},"down":{"uv":[1,13,5,14],"rotation":90,"texture":"#1"}}},{"from":[7,2.87868,1.12132],"to":[8,4.87868,5.12132],"rotation":{"angle":-45,"axis":"x","origin":[12,8,5]},"faces":{"north":{"uv":[8,9,9,11],"texture":"#1"},"east":{"uv":[10,10,14,12],"texture":"#1"},"south":{"uv":[7,9,8,11],"texture":"#1"},"west":{"uv":[0,8,4,10],"texture":"#1"},"up":{"uv":[12,12,16,13],"rotation":270,"texture":"#1"},"down":{"uv":[10,14,14,15],"rotation":90,"texture":"#1"}}},{"from":[7,6.87868,-0.87868],"to":[8,8.87868,9.12132],"rotation":{"angle":-45,"axis":"x","origin":[12,8,5]},"faces":{"east":{"uv":[6,10,16,12],"texture":"#1"},"south":{"uv":[7,5,8,7],"texture":"#1"},"west":{"uv":[2,8,12,10],"texture":"#1"},"up":{"uv":[3,15,13,16],"rotation":270,"texture":"#1"},"down":{"uv":[5,13,15,14],"rotation":90,"texture":"#1"}}},{"from":[7,10.87868,3.12132],"to":[8,12.87868,9.12132],"rotation":{"angle":-45,"axis":"x","origin":[12,8,5]},"faces":{"east":{"uv":[2,10,8,12],"texture":"#1"},"south":{"uv":[7,1,8,3],"texture":"#1"},"west":{"uv":[2,8,8,10],"texture":"#1"},"up":{"uv":[6,13,12,14],"rotation":270,"texture":"#1"},"down":{"uv":[6,13,12,14],"rotation":90,"texture":"#1"}}},{"from":[8,3.12132,3.12132],"to":[9,5.12132,9.12132],"rotation":{"angle":45,"axis":"x","origin":[12,8,5]},"faces":{"east":{"uv":[8,8,14,10],"texture":"#1"},"south":{"uv":[8,13,9,15],"texture":"#1"},"west":{"uv":[8,10,14,12],"texture":"#1"},"up":{"uv":[3,15,9,16],"rotation":270,"texture":"#1"},"down":{"uv":[3,15,9,16],"rotation":270,"texture":"#1"}}},{"from":[8,7.12132,-0.87868],"to":[9,9.12132,9.12132],"rotation":{"angle":45,"axis":"x","origin":[12,8,5]},"faces":{"east":{"uv":[4,8,14,10],"texture":"#1"},"south":{"uv":[8,9,9,11],"texture":"#1"},"west":{"uv":[0,10,10,12],"texture":"#1"},"up":{"uv":[2,12,12,13],"rotation":270,"texture":"#1"},"down":{"uv":[6,12,16,13],"rotation":270,"texture":"#1"}}},{"from":[8,11.12132,1.12132],"to":[9,13.12132,5.12132],"rotation":{"angle":45,"axis":"x","origin":[12,8,5]},"faces":{"north":{"uv":[7,5,8,7],"texture":"#1"},"east":{"uv":[12,8,16,10],"texture":"#1"},"south":{"uv":[8,5,9,7],"texture":"#1"},"west":{"uv":[2,10,6,12],"texture":"#1"},"up":{"uv":[0,15,4,16],"rotation":270,"texture":"#1"},"down":{"uv":[10,15,14,16],"rotation":90,"texture":"#1"}}}]}