{"ambientocclusion":false,"textures":{"1":"block/cherry_fence_bits","particle":"block/cherry_planks"},"elements":[{"from":[6.5,13,10],"to":[9.5,15,16],"faces":{"east":{"uv":[6,3,12,5],"texture":"#1"},"south":{"uv":[7,9,10,11],"texture":"#1"},"west":{"uv":[0,3,6,5],"texture":"#1"},"up":{"uv":[6,0,12,3],"rotation":270,"texture":"#1"},"down":{"uv":[0,5,6,8],"rotation":270,"texture":"#1"}}},{"from":[6.5,1,10],"to":[9.5,3,16],"faces":{"east":{"uv":[6,3,12,5],"texture":"#1"},"south":{"uv":[9,14,12,16],"texture":"#1"},"west":{"uv":[0,3,6,5],"texture":"#1"},"up":{"uv":[6,0,12,3],"rotation":270,"texture":"#1"},"down":{"uv":[0,5,6,8],"rotation":270,"texture":"#1"}}},{"from":[7,2.87868,9.12132],"to":[8,4.87868,13.12132],"rotation":{"angle":-45,"axis":"x","origin":[12,8,13]},"faces":{"north":{"uv":[8,9,9,11],"texture":"#1"},"east":{"uv":[10,10,14,12],"texture":"#1"},"south":{"uv":[7,9,8,11],"texture":"#1"},"west":{"uv":[0,8,4,10],"texture":"#1"},"up":{"uv":[12,12,16,13],"rotation":270,"texture":"#1"},"down":{"uv":[10,14,14,15],"rotation":90,"texture":"#1"}}},{"from":[7,6.87868,7.12132],"to":[8,8.87868,17.12132],"rotation":{"angle":-45,"axis":"x","origin":[12,8,13]},"faces":{"east":{"uv":[6,10,16,12],"texture":"#1"},"south":{"uv":[7,5,8,7],"texture":"#1"},"west":{"uv":[2,8,12,10],"texture":"#1"},"up":{"uv":[3,15,13,16],"rotation":270,"texture":"#1"},"down":{"uv":[5,13,15,14],"rotation":90,"texture":"#1"}}},{"from":[7,10.87868,11.12132],"to":[8,12.87868,17.12132],"rotation":{"angle":-45,"axis":"x","origin":[12,8,13]},"faces":{"east":{"uv":[2,10,8,12],"texture":"#1"},"south":{"uv":[7,1,8,3],"texture":"#1"},"west":{"uv":[2,8,8,10],"texture":"#1"},"up":{"uv":[6,13,12,14],"rotation":270,"texture":"#1"},"down":{"uv":[6,13,12,14],"rotation":90,"texture":"#1"}}},{"from":[8,3.12132,11.12132],"to":[9,5.12132,17.12132],"rotation":{"angle":45,"axis":"x","origin":[12,8,13]},"faces":{"east":{"uv":[8,8,14,10],"texture":"#1"},"south":{"uv":[8,13,9,15],"texture":"#1"},"west":{"uv":[8,10,14,12],"texture":"#1"},"up":{"uv":[3,15,9,16],"rotation":270,"texture":"#1"},"down":{"uv":[3,15,9,16],"rotation":270,"texture":"#1"}}},{"from":[8,7.12132,7.12132],"to":[9,9.12132,17.12132],"rotation":{"angle":45,"axis":"x","origin":[12,8,13]},"faces":{"east":{"uv":[4,8,14,10],"texture":"#1"},"south":{"uv":[8,9,9,11],"texture":"#1"},"west":{"uv":[0,10,10,12],"texture":"#1"},"up":{"uv":[2,12,12,13],"rotation":270,"texture":"#1"},"down":{"uv":[6,12,16,13],"rotation":270,"texture":"#1"}}},{"from":[8,11.12132,9.12132],"to":[9,13.12132,13.12132],"rotation":{"angle":45,"axis":"x","origin":[12,8,13]},"faces":{"north":{"uv":[7,5,8,7],"texture":"#1"},"east":{"uv":[12,8,16,10],"texture":"#1"},"south":{"uv":[8,5,9,7],"texture":"#1"},"west":{"uv":[2,10,6,12],"texture":"#1"},"up":{"uv":[0,15,4,16],"rotation":270,"texture":"#1"},"down":{"uv":[10,15,14,16],"rotation":90,"texture":"#1"}}}]}