{"parent":"minecraft:display/fence","textures":{"1":"block/crimson_fence_bits","particle":"block/crimson_planks"},"elements":[{"from":[7,0,12],"to":[9,13,16],"rotation":{"angle":45,"axis":"y","origin":[8,1,14]},"faces":{"north":{"uv":[5,3,6,16],"texture":"#1"},"east":{"uv":[2,3,6,16],"texture":"#1"},"south":{"uv":[2,3,3,16],"texture":"#1"},"west":{"uv":[6,3,2,16],"texture":"#1"},"up":{"uv":[2,3,6,4],"rotation":270,"texture":"#1"},"down":{"uv":[2,15,6,16],"rotation":90,"texture":"#1"}}},{"from":[-3,0,6],"to":[7,2,10],"faces":{"north":{"uv":[9,6,10,16],"rotation":90,"texture":"#1"},"east":{"uv":[6,15,10,16],"texture":"#1"},"south":{"uv":[6,6,7,16],"rotation":270,"texture":"#1"},"west":{"uv":[6,6,10,7],"rotation":180,"texture":"#1"},"up":{"uv":[6,6,10,16],"rotation":270,"texture":"#1"},"down":{"uv":[10,6,6,16],"rotation":270,"texture":"#1"}}},{"from":[7,0,0],"to":[9,12,4],"rotation":{"angle":-45,"axis":"y","origin":[8,1,2]},"faces":{"north":{"uv":[13,4,14,16],"texture":"#1"},"east":{"uv":[10,4,14,16],"texture":"#1"},"south":{"uv":[10,4,11,16],"texture":"#1"},"west":{"uv":[14,4,10,16],"texture":"#1"},"up":{"uv":[10,4,14,5],"rotation":270,"texture":"#1"},"down":{"uv":[10,15,14,16],"rotation":90,"texture":"#1"}}}]}