{"parent":"display/fence","textures":{"particle":"block/dark_oak_planks","texture":"block/dark_oak_planks"},"elements":[{"from":[7,13,0],"to":[9,14,16],"faces":{"north":{"uv":[7,2,9,3],"texture":"#texture"},"east":{"uv":[0,2,16,3],"texture":"#texture"},"south":{"uv":[7,2,9,3],"texture":"#texture"},"west":{"uv":[0,2,16,3],"texture":"#texture"},"up":{"uv":[7,0,9,16],"texture":"#texture"},"down":{"uv":[7,0,9,16],"texture":"#texture"}}},{"from":[7,2,0],"to":[9,3,16],"faces":{"north":{"uv":[7,13,9,14],"texture":"#texture"},"east":{"uv":[0,13,16,14],"texture":"#texture"},"south":{"uv":[7,13,9,14],"texture":"#texture"},"west":{"uv":[0,13,16,14],"texture":"#texture"},"up":{"uv":[7,0,9,16],"texture":"#texture"},"down":{"uv":[7,0,9,16],"texture":"#texture"}}},{"from":[7,3,0],"to":[9,4,6],"faces":{"north":{"uv":[7,12,9,13],"texture":"#texture"},"east":{"uv":[10,12,16,13],"texture":"#texture"},"south":{"uv":[7,12,9,13],"texture":"#texture"},"west":{"uv":[0,12,6,13],"texture":"#texture"},"up":{"uv":[7,0,9,6],"texture":"#texture"}}},{"from":[7,12,0],"to":[9,13,6],"faces":{"north":{"uv":[7,3,9,4],"texture":"#texture"},"east":{"uv":[10,3,16,4],"texture":"#texture"},"south":{"uv":[7,3,9,4],"texture":"#texture"},"west":{"uv":[0,3,6,4],"texture":"#texture"},"down":{"uv":[7,10,9,16],"texture":"#texture"}}},{"from":[7,3,10],"to":[9,4,16],"faces":{"north":{"uv":[7,12,9,13],"texture":"#texture"},"east":{"uv":[0,12,6,13],"texture":"#texture"},"south":{"uv":[7,12,9,13],"texture":"#texture"},"west":{"uv":[10,12,16,13],"texture":"#texture"},"up":{"uv":[7,10,9,16],"texture":"#texture"}}},{"from":[7,12,10],"to":[9,13,16],"faces":{"north":{"uv":[7,3,9,4],"texture":"#texture"},"east":{"uv":[0,3,6,4],"texture":"#texture"},"south":{"uv":[7,3,9,4],"texture":"#texture"},"west":{"uv":[10,3,16,4],"texture":"#texture"},"down":{"uv":[7,0,9,6],"texture":"#texture"}}},{"from":[7,5,3],"to":[9,11,4],"faces":{"north":{"uv":[7,5,9,11],"texture":"#texture"},"east":{"uv":[12,5,13,11],"texture":"#texture"},"south":{"uv":[7,5,9,11],"texture":"#texture"},"west":{"uv":[3,5,4,11],"texture":"#texture"}}},{"from":[7,6,4],"to":[9,10,9],"faces":{"east":{"uv":[7,6,12,10],"texture":"#texture"},"south":{"uv":[7,6,9,10],"texture":"#texture"},"west":{"uv":[4,6,9,10],"texture":"#texture"},"up":{"uv":[7,4,9,9],"texture":"#texture"},"down":{"uv":[7,7,9,12],"texture":"#texture"}}},{"from":[7,5,5],"to":[9,11,8],"faces":{"north":{"uv":[7,5,9,11],"texture":"#texture"},"east":{"uv":[8,5,11,11],"texture":"#texture"},"south":{"uv":[7,5,9,11],"texture":"#texture"},"west":{"uv":[5,5,8,11],"texture":"#texture"},"up":{"uv":[7,5,9,8],"texture":"#texture"},"down":{"uv":[7,8,9,11],"texture":"#texture"}}},{"from":[7,5,12],"to":[9,11,13],"faces":{"north":{"uv":[7,5,9,11],"texture":"#texture"},"east":{"uv":[3,5,4,11],"texture":"#texture"},"south":{"uv":[7,5,9,11],"texture":"#texture"},"west":{"uv":[12,5,13,11],"texture":"#texture"}}},{"from":[7,11,2],"to":[9,12,5],"faces":{"north":{"uv":[7,4,9,5],"texture":"#texture"},"east":{"uv":[11,4,14,5],"texture":"#texture"},"south":{"uv":[7,4,9,5],"texture":"#texture"},"west":{"uv":[2,4,5,5],"texture":"#texture"},"down":{"uv":[7,11,9,14],"texture":"#texture"}}},{"from":[7,11,11],"to":[9,12,14],"faces":{"north":{"uv":[7,4,9,5],"texture":"#texture"},"east":{"uv":[2,4,5,5],"texture":"#texture"},"south":{"uv":[7,4,9,5],"texture":"#texture"},"west":{"uv":[11,4,14,5],"texture":"#texture"},"down":{"uv":[7,2,9,5],"texture":"#texture"}}},{"from":[7,4,2],"to":[9,5,5],"faces":{"north":{"uv":[7,11,9,12],"texture":"#texture"},"east":{"uv":[11,11,14,12],"texture":"#texture"},"south":{"uv":[7,11,9,12],"texture":"#texture"},"west":{"uv":[2,11,5,12],"texture":"#texture"},"up":{"uv":[7,2,9,5],"texture":"#texture"}}},{"from":[7,4,11],"to":[9,5,14],"faces":{"north":{"uv":[7,11,9,12],"texture":"#texture"},"east":{"uv":[2,11,5,12],"texture":"#texture"},"south":{"uv":[7,11,9,12],"texture":"#texture"},"west":{"uv":[11,11,14,12],"texture":"#texture"},"up":{"uv":[7,11,9,14],"texture":"#texture"}}}]}