{"textures":{"particle":"block/dark_oak_planks","texture":"block/dark_oak_planks"},"elements":[{"from":[1,13,0],"to":[9,14,2],"faces":{"north":{"uv":[7,2,15,3],"texture":"#texture"},"east":{"uv":[14,2,16,3],"texture":"#texture"},"south":{"uv":[1,2,9,3],"texture":"#texture"},"west":{"uv":[0,2,2,3],"texture":"#texture"},"up":{"uv":[1,0,9,2],"texture":"#texture"},"down":{"uv":[1,14,9,16],"texture":"#texture"}}},{"from":[1,2,0],"to":[9,3,2],"faces":{"north":{"uv":[7,13,15,14],"texture":"#texture"},"east":{"uv":[14,13,16,14],"texture":"#texture"},"south":{"uv":[1,13,9,14],"texture":"#texture"},"west":{"uv":[0,13,2,14],"texture":"#texture"},"up":{"uv":[1,0,9,2],"texture":"#texture"},"down":{"uv":[1,14,9,16],"texture":"#texture"}}},{"from":[3,3,0],"to":[9,4,2],"faces":{"north":{"uv":[7,12,13,13],"texture":"#texture"},"east":{"uv":[14,12,16,13],"texture":"#texture"},"south":{"uv":[3,12,9,13],"texture":"#texture"},"west":{"uv":[0,12,2,13],"texture":"#texture"},"up":{"uv":[3,0,9,2],"texture":"#texture"}}},{"from":[3,12,0],"to":[9,13,2],"faces":{"north":{"uv":[7,3,13,4],"texture":"#texture"},"east":{"uv":[14,3,16,4],"texture":"#texture"},"south":{"uv":[3,3,9,4],"texture":"#texture"},"west":{"uv":[0,3,2,4],"texture":"#texture"},"down":{"uv":[3,14,9,16],"texture":"#texture"}}},{"from":[5,5,0],"to":[6,11,2],"faces":{"north":{"uv":[10,5,11,11],"texture":"#texture"},"east":{"uv":[14,5,16,11],"texture":"#texture"},"south":{"uv":[5,5,6,11],"texture":"#texture"},"west":{"uv":[0,5,2,11],"texture":"#texture"}}},{"from":[0,6,0],"to":[5,10,2],"faces":{"north":{"uv":[11,6,16,10],"texture":"#texture"},"south":{"uv":[0,6,5,10],"texture":"#texture"},"west":{"uv":[0,6,2,10],"texture":"#texture"},"up":{"uv":[0,0,5,2],"texture":"#texture"},"down":{"uv":[0,14,5,16],"texture":"#texture"}}},{"from":[1,5,0],"to":[4,11,2],"faces":{"north":{"uv":[12,5,15,11],"texture":"#texture"},"east":{"uv":[14,5,16,11],"texture":"#texture"},"south":{"uv":[1,5,4,11],"texture":"#texture"},"west":{"uv":[0,5,2,11],"texture":"#texture"},"up":{"uv":[1,0,4,2],"texture":"#texture"},"down":{"uv":[1,14,4,16],"texture":"#texture"}}},{"from":[4,11,0],"to":[7,12,2],"faces":{"north":{"uv":[9,4,12,5],"texture":"#texture"},"east":{"uv":[14,4,16,5],"texture":"#texture"},"south":{"uv":[4,4,7,5],"texture":"#texture"},"west":{"uv":[0,4,2,5],"texture":"#texture"},"down":{"uv":[4,14,7,16],"texture":"#texture"}}},{"from":[4,4,0],"to":[7,5,2],"faces":{"north":{"uv":[9,11,12,12],"texture":"#texture"},"east":{"uv":[14,11,16,12],"texture":"#texture"},"south":{"uv":[4,11,7,12],"texture":"#texture"},"west":{"uv":[0,11,2,12],"texture":"#texture"},"up":{"uv":[4,0,7,2],"texture":"#texture"}}},{"from":[7,2,14],"to":[15,3,16],"faces":{"north":{"uv":[1,13,9,14],"texture":"#texture"},"east":{"uv":[0,13,2,14],"texture":"#texture"},"south":{"uv":[7,13,15,14],"texture":"#texture"},"west":{"uv":[14,13,16,14],"texture":"#texture"},"up":{"uv":[7,14,15,16],"texture":"#texture"},"down":{"uv":[7,0,15,2],"texture":"#texture"}}},{"from":[7,3,14],"to":[13,4,16],"faces":{"north":{"uv":[3,12,9,13],"texture":"#texture"},"east":{"uv":[0,12,2,13],"texture":"#texture"},"south":{"uv":[7,12,13,13],"texture":"#texture"},"west":{"uv":[14,12,16,13],"texture":"#texture"},"up":{"uv":[7,14,13,16],"texture":"#texture"}}},{"from":[9,4,14],"to":[12,5,16],"faces":{"north":{"uv":[4,11,7,12],"texture":"#texture"},"east":{"uv":[0,11,2,12],"texture":"#texture"},"south":{"uv":[9,11,12,12],"texture":"#texture"},"west":{"uv":[14,11,16,12],"texture":"#texture"},"up":{"uv":[9,14,12,16],"texture":"#texture"}}},{"from":[10,5,14],"to":[11,11,16],"faces":{"north":{"uv":[5,5,6,11],"texture":"#texture"},"east":{"uv":[0,5,2,11],"texture":"#texture"},"south":{"uv":[10,5,11,11],"texture":"#texture"},"west":{"uv":[14,5,16,11],"texture":"#texture"}}},{"from":[9,11,14],"to":[12,12,16],"faces":{"north":{"uv":[4,4,7,5],"texture":"#texture"},"east":{"uv":[0,4,2,5],"texture":"#texture"},"south":{"uv":[9,4,12,5],"texture":"#texture"},"west":{"uv":[14,4,16,5],"texture":"#texture"},"down":{"uv":[9,0,12,2],"texture":"#texture"}}},{"from":[7,12,14],"to":[13,13,16],"faces":{"north":{"uv":[3,3,9,4],"texture":"#texture"},"east":{"uv":[0,3,2,4],"texture":"#texture"},"south":{"uv":[7,3,13,4],"texture":"#texture"},"west":{"uv":[14,3,16,4],"texture":"#texture"},"down":{"uv":[7,0,13,2],"texture":"#texture"}}},{"from":[7,13,14],"to":[15,14,16],"faces":{"north":{"uv":[1,2,9,3],"texture":"#texture"},"east":{"uv":[0,2,2,3],"texture":"#texture"},"south":{"uv":[7,2,15,3],"texture":"#texture"},"west":{"uv":[14,2,16,3],"texture":"#texture"},"up":{"uv":[7,14,15,16],"texture":"#texture"},"down":{"uv":[7,0,15,2],"texture":"#texture"}}}]}