{"parent":"display/fence","textures":{"texture":"block/dark_oak_planks"},"elements":[{"from":[7,12,2],"to":[9,14,14],"faces":{"east":{"uv":[2,2,14,4],"texture":"#texture"},"west":{"uv":[2,2,14,4],"texture":"#texture"},"up":{"uv":[7,2,9,14],"texture":"#texture"},"down":{"uv":[7,2,9,14],"texture":"#texture"}}},{"from":[7,2,2],"to":[9,4,14],"faces":{"east":{"uv":[2,12,14,14],"texture":"#texture"},"west":{"uv":[2,12,14,14],"texture":"#texture"},"up":{"uv":[7,2,9,14],"texture":"#texture"},"down":{"uv":[7,2,9,14],"texture":"#texture"}}},{"from":[7,4,13],"to":[9,5,14],"faces":{"north":{"uv":[7,11,9,12],"texture":"#texture"},"east":{"uv":[2,11,3,12],"texture":"#texture"},"west":{"uv":[13,11,14,12],"texture":"#texture"},"up":{"uv":[7,13,9,14],"texture":"#texture"}}},{"from":[7,4,2],"to":[9,5,3],"faces":{"east":{"uv":[13,11,14,12],"texture":"#texture"},"south":{"uv":[7,11,9,12],"texture":"#texture"},"west":{"uv":[2,11,3,12],"texture":"#texture"},"up":{"uv":[7,2,9,3],"texture":"#texture"}}},{"from":[7,11,13],"to":[9,12,14],"faces":{"north":{"uv":[7,4,9,5],"texture":"#texture"},"east":{"uv":[2,4,3,5],"texture":"#texture"},"west":{"uv":[13,4,14,5],"texture":"#texture"},"down":{"uv":[7,2,9,3],"texture":"#texture"}}},{"from":[7,11,2],"to":[9,12,3],"faces":{"east":{"uv":[13,4,14,5],"texture":"#texture"},"south":{"uv":[7,4,9,5],"texture":"#texture"},"west":{"uv":[2,4,3,5],"texture":"#texture"},"down":{"uv":[7,13,9,14],"texture":"#texture"}}},{"from":[6,0,-2],"to":[10,16,2],"faces":{"north":{"uv":[6,0,10,16],"texture":"#texture"},"east":{"uv":[6,0,10,16],"texture":"#texture"},"south":{"uv":[6,0,10,16],"texture":"#texture"},"west":{"uv":[6,0,10,16],"texture":"#texture"},"up":{"uv":[6,6,10,10],"texture":"#texture"},"down":{"uv":[6,6,10,10],"texture":"#texture"}}},{"from":[6,0,14],"to":[10,16,18],"faces":{"north":{"uv":[6,0,10,16],"texture":"#texture"},"east":{"uv":[6,0,10,16],"texture":"#texture"},"south":{"uv":[6,0,10,16],"texture":"#texture"},"west":{"uv":[6,0,10,16],"texture":"#texture"},"up":{"uv":[6,6,10,10],"texture":"#texture"},"down":{"uv":[6,6,10,10],"texture":"#texture"}}}]}