{"parent":"display/fence","textures":{"1":"block/oak_planks"},"elements":[{"from":[6,0,-2],"to":[10,16,2],"faces":{"north":{"uv":[6,0,10,16],"texture":"#1"},"east":{"uv":[0,0,4,16],"texture":"#1"},"south":{"uv":[6,0,10,16],"texture":"#1"},"west":{"uv":[0,0,4,16],"texture":"#1"},"up":{"uv":[6,0,10,4],"texture":"#1"},"down":{"uv":[6,0,10,4],"texture":"#1"}}},{"from":[6,0,14],"to":[10,16,18],"faces":{"north":{"uv":[6,0,10,16],"texture":"#1"},"east":{"uv":[12,0,16,16],"texture":"#1"},"south":{"uv":[6,0,10,16],"texture":"#1"},"west":{"uv":[12,0,16,16],"texture":"#1"},"up":{"uv":[6,12,10,16],"texture":"#1"},"down":{"uv":[6,12,10,16],"texture":"#1"}}},{"from":[7,12,2],"to":[9,15,14],"faces":{"east":{"uv":[2,1,14,4],"texture":"#1"},"west":{"uv":[2,1,14,4],"texture":"#1"},"up":{"uv":[7,2,9,14],"texture":"#1"},"down":{"uv":[7,2,9,14],"texture":"#1"}}},{"from":[7,6,2],"to":[9,9,14],"faces":{"east":{"uv":[2,7,14,10],"texture":"#1"},"west":{"uv":[2,7,14,10],"texture":"#1"},"up":{"uv":[7,2,9,14],"texture":"#1"},"down":{"uv":[7,2,9,14],"texture":"#1"}}}]}