{"textures":{"2":"block/spruce_fence_extra"},"elements":[{"from":[7,2,0],"to":[9,8,6],"faces":{"north":{"uv":[7,10,9,16],"texture":"#2"},"east":{"uv":[10,10,16,16],"texture":"#2"},"west":{"uv":[0,10,6,16],"texture":"#2"},"up":{"uv":[7,0,9,6],"texture":"#2"},"down":{"uv":[7,10,9,16],"texture":"#2"}}},{"from":[7.5,12,0],"to":[8.5,13,6],"faces":{"north":{"uv":[0,6,1,7],"texture":"#2"},"east":{"uv":[10,9,16,10],"texture":"#2"},"west":{"uv":[0,6,6,7],"texture":"#2"},"up":{"uv":[9,0,10,6],"texture":"#2"},"down":{"uv":[6,10,7,16],"texture":"#2"}}}]}