{
	"credit": "Made with Blockbench",
	"textures": {
		"0": "block/saplings/rhododendron_stem",
		"1": "block/saplings/rhododendron_bottom",
		"2": "block/saplings/rhododendron_top1",
		"5": "block/saplings/potted_dirt",
		"6": "block/saplings/wood_box",
		"particle": "block/saplings/rhododendron_bottom"
	},
	"elements": [
		{
			"from": [-0.50515, 10.25469, -2.1497],
			"to": [17.09485, 20.15469, -2.1497],
			"rotation": {"angle": 22.5, "axis": "x", "origin": [-0.50515, 8.05469, -4.3497]},
			"faces": {
				"north": {"uv": [0, 0, 16, 9], "texture": "#1"},
				"south": {"uv": [0, 0, 16, 9], "texture": "#1"}
			}
		},
		{
			"from": [6.33886, 4, -6.83896],
			"to": [6.33886, 17.2, 10.76104],
			"rotation": {"angle": -45, "axis": "y", "origin": [-0.26114, 10.6, 7.46104]},
			"faces": {
				"east": {"uv": [16, 0, 0, 12], "texture": "#0"},
				"west": {"uv": [0, 0, 16, 12], "texture": "#0"}
			}
		},
		{
			"from": [-0.50515, 10.25469, 18.62743],
			"to": [17.09485, 20.15469, 18.62743],
			"rotation": {"angle": -22.5, "axis": "x", "origin": [-0.50515, 8.05469, 20.82743]},
			"faces": {
				"north": {"uv": [16, 0, 0, 9], "texture": "#1"},
				"south": {"uv": [16, 0, 0, 9], "texture": "#1"}
			}
		},
		{
			"from": [10.25084, 4, -6.83896],
			"to": [10.25084, 17.2, 10.76104],
			"rotation": {"angle": 45, "axis": "y", "origin": [16.85084, 10.6, 7.46104]},
			"faces": {
				"east": {"uv": [16, 0, 0, 12], "texture": "#0"},
				"west": {"uv": [0, 0, 16, 12], "texture": "#0"}
			}
		},
		{
			"from": [16.70438, 9.28906, -0.98669],
			"to": [16.70438, 19.18906, 16.61331],
			"rotation": {"angle": 22.5, "axis": "z", "origin": [20.00438, 14.23906, 11.11331]},
			"faces": {
				"east": {"uv": [0, 0, 16, 9], "texture": "#1"},
				"west": {"uv": [0, 0, 16, 9], "texture": "#1"}
			}
		},
		{
			"from": [-0.11468, 9.28906, -0.98669],
			"to": [-0.11468, 19.18906, 16.61331],
			"rotation": {"angle": -22.5, "axis": "z", "origin": [-3.41468, 14.23906, 11.11331]},
			"faces": {
				"east": {"uv": [16, 0, 0, 9], "texture": "#1"},
				"west": {"uv": [16, 0, 0, 9], "texture": "#1"}
			}
		},
		{
			"from": [-3.40127, 14.93675, 1.41331],
			"to": [9.79873, 14.93675, 14.61331],
			"rotation": {"angle": 22.5, "axis": "z", "origin": [-3.90127, 10.53675, 15.51331]},
			"faces": {
				"east": {"uv": [0, 0, 12, 0], "texture": "#2"},
				"up": {"uv": [14, 2, 2, 14], "texture": "#2"},
				"down": {"uv": [2, 2, 14, 14], "texture": "#2"}
			}
		},
		{
			"from": [1.49485, 14.77009, 7.56947],
			"to": [14.69485, 14.77009, 20.76947],
			"rotation": {"angle": 22.5, "axis": "x", "origin": [3.89485, 12.57009, 22.46947]},
			"faces": {
				"east": {"uv": [0, 0, 12, 0], "texture": "#2"},
				"up": {"uv": [14, 2, 2, 14], "texture": "#2"},
				"down": {"uv": [2, 2, 14, 14], "texture": "#2"}
			}
		},
		{
			"from": [6.7919, 14.93713, 1.41331],
			"to": [19.9919, 14.93713, 14.61331],
			"rotation": {"angle": -22.5, "axis": "z", "origin": [20.4919, 10.53713, 15.51331]},
			"faces": {
				"west": {"uv": [12, 0, 0, 0], "texture": "#2"},
				"up": {"uv": [14, 2, 2, 14], "texture": "#2"},
				"down": {"uv": [14, 2, 2, 14], "texture": "#2"}
			}
		},
		{
			"from": [1.49485, 14.7697, -4.29081],
			"to": [14.69485, 14.7697, 8.90919],
			"rotation": {"angle": -22.5, "axis": "x", "origin": [3.89485, 12.5697, -5.99081]},
			"faces": {
				"east": {"uv": [12, 0, 0, 0], "texture": "#2"},
				"up": {"uv": [14, 2, 2, 14], "texture": "#2"},
				"down": {"uv": [2, 14, 14, 2], "texture": "#2"}
			}
		},
		{
			"from": [1.69485, 19.88387, 1.63887],
			"to": [14.89485, 19.88387, 14.83887],
			"rotation": {"angle": 0, "axis": "z", "origin": [7.19485, 1.73387, 13.73887]},
			"faces": {
				"east": {"uv": [0, 0, 12, 0], "texture": "#2"},
				"up": {"uv": [2, 2, 14, 14], "texture": "#2"},
				"down": {"uv": [2, 2, 14, 14], "texture": "#2"}
			}
		},
		{
			"from": [0, 0, 0],
			"to": [16, 4, 16],
			"faces": {
				"north": {"uv": [0, 12, 16, 16], "texture": "#6"},
				"east": {"uv": [0, 12, 16, 16], "texture": "#6"},
				"south": {"uv": [0, 12, 16, 16], "texture": "#6"},
				"west": {"uv": [0, 12, 16, 16], "texture": "#6"},
				"up": {"uv": [0, 0, 16, 16], "texture": "#5"},
				"down": {"uv": [4, 15, 5, 16], "texture": "#6"}
			}
		},
		{
			"from": [0, 4, 0],
			"to": [16, 6, 2],
			"faces": {
				"north": {"uv": [0, 10, 16, 12], "texture": "#6"},
				"east": {"uv": [0, 10, 2, 12], "texture": "#6"},
				"south": {"uv": [0, 10, 16, 12], "texture": "#6"},
				"west": {"uv": [14, 10, 16, 12], "texture": "#6"},
				"up": {"uv": [0, 7, 16, 9], "texture": "#6"}
			}
		},
		{
			"from": [0, 4, 14],
			"to": [16, 6, 16],
			"faces": {
				"north": {"uv": [0, 10, 16, 12], "texture": "#6"},
				"east": {"uv": [0, 10, 2, 12], "texture": "#6"},
				"south": {"uv": [0, 10, 16, 12], "texture": "#6"},
				"west": {"uv": [14, 10, 16, 12], "texture": "#6"},
				"up": {"uv": [0, 7, 16, 9], "texture": "#6"}
			}
		},
		{
			"from": [0, 4, 2],
			"to": [2, 6, 14],
			"faces": {
				"east": {"uv": [2, 10, 14, 12], "texture": "#6"},
				"west": {"uv": [2, 10, 14, 12], "texture": "#6"},
				"up": {"uv": [2, 7, 14, 9], "rotation": 90, "texture": "#6"}
			}
		},
		{
			"from": [14, 4, 2],
			"to": [16, 6, 14],
			"faces": {
				"east": {"uv": [2, 10, 14, 12], "texture": "#6"},
				"west": {"uv": [2, 12, 14, 14], "texture": "#6"},
				"up": {"uv": [2, 7, 14, 9], "rotation": 90, "texture": "#6"}
			}
		}
	],
	"groups": [
		{
			"name": "bush",
			"origin": [7, -2.06012, 13],
			"color": 0,
			"children": [0, 1, 2, 3, 4, 5, 6, 7, 8, 9, 10]
		},
		11,
		12,
		13,
		14,
		15
	]
}