[
{
   "condition": "minecraft:inverted",
   "term": {
     "condition": "minecraft:entity_properties",
     "entity": "this",
     "predicate": {
       "type": "#travel:villager_rideable",
       "passenger": {}
     }
   }
 },
 {
  "condition": "minecraft:inverted",
  "term": {
    "condition": "minecraft:entity_properties",
    "entity": "this",
    "predicate": {
      "type": "camel",
      "passenger": {}
    }
  }
},
 {
  "condition": "minecraft:inverted",
  "term": {
    "condition": "minecraft:entity_properties",
    "entity": "this",
    "predicate": {
      "type": "#travel:llamas",
      "passenger": {}
    }
  }
}
]