{
	"credit": "Made with Blockbench",
	"ambientocclusion": false,
	"textures": {
		"1": "block/saplings/bonsai_pot_side",
		"2": "block/saplings/bonsai_pot_top",
		"3": "block/saplings/bamboo_small_leaves",
		"4": "block/saplings/bamboo_stalk",
		"particle": "block/saplings/bamboo_stalk"
	},
	"elements": [
		{
			"from": [12, 0, 1.6],
			"to": [14.4, 1.6, 4],
			"rotation": {"angle": 0, "axis": "y", "origin": [14.4, 0, 1.6]},
			"faces": {
				"north": {"uv": [16, 13, 13, 15], "texture": "#1"},
				"east": {"uv": [13, 13, 16, 15], "texture": "#1"},
				"south": {"uv": [16, 13, 13, 15], "texture": "#1"},
				"west": {"uv": [13, 13, 16, 15], "texture": "#1"},
				"up": {"uv": [13, 0, 16, 3], "texture": "#1"},
				"down": {"uv": [12, 0, 9, 3], "texture": "#1"}
			}
		},
		{
			"from": [1.6, 3.2, 1.6],
			"to": [14.4, 5.6, 14.4],
			"rotation": {"angle": 0, "axis": "y", "origin": [1.6, 0, 1.6]},
			"faces": {
				"north": {"uv": [0, 8, 16, 11], "texture": "#1"},
				"east": {"uv": [0, 8, 16, 11], "texture": "#1"},
				"south": {"uv": [0, 8, 16, 11], "texture": "#1"},
				"west": {"uv": [0, 8, 16, 11], "texture": "#1"},
				"up": {"uv": [0, 0, 16, 16], "texture": "#2"},
				"down": {"uv": [2, 11, 3, 12], "texture": "#1"}
			}
		},
		{
			"from": [2.4, 1.6, 2.4],
			"to": [13.6, 3.2, 13.6],
			"rotation": {"angle": 0, "axis": "y", "origin": [1.6, 0, 1.6]},
			"faces": {
				"north": {"uv": [1, 11, 15, 13], "texture": "#1"},
				"east": {"uv": [1, 11, 15, 13], "texture": "#1"},
				"south": {"uv": [1, 11, 15, 13], "texture": "#1"},
				"west": {"uv": [1, 11, 15, 13], "texture": "#1"},
				"down": {"uv": [1, 11, 2, 12], "texture": "#1"}
			}
		},
		{
			"from": [1.6, 0, 1.6],
			"to": [4, 1.6, 4],
			"rotation": {"angle": 0, "axis": "y", "origin": [1.6, 0, 1.6]},
			"faces": {
				"north": {"uv": [13, 13, 16, 15], "texture": "#1"},
				"east": {"uv": [16, 13, 13, 15], "texture": "#1"},
				"south": {"uv": [13, 13, 16, 15], "texture": "#1"},
				"west": {"uv": [16, 13, 13, 15], "texture": "#1"},
				"up": {"uv": [16, 0, 13, 3], "texture": "#1"},
				"down": {"uv": [9, 0, 12, 3], "texture": "#1"}
			}
		},
		{
			"from": [12, 0, 12],
			"to": [14.4, 1.6, 14.4],
			"rotation": {"angle": 0, "axis": "y", "origin": [14.4, 0, 14.4]},
			"faces": {
				"north": {"uv": [13, 13, 16, 15], "texture": "#1"},
				"east": {"uv": [16, 13, 13, 15], "texture": "#1"},
				"south": {"uv": [13, 13, 16, 15], "texture": "#1"},
				"west": {"uv": [16, 13, 13, 15], "texture": "#1"},
				"up": {"uv": [13, 3, 16, 0], "texture": "#1"},
				"down": {"uv": [9, 0, 12, 3], "texture": "#1"}
			}
		},
		{
			"from": [1.6, 0, 12],
			"to": [4, 1.6, 14.4],
			"rotation": {"angle": 0, "axis": "y", "origin": [1.6, 0, 14.4]},
			"faces": {
				"north": {"uv": [16, 13, 13, 15], "texture": "#1"},
				"east": {"uv": [13, 13, 16, 15], "texture": "#1"},
				"south": {"uv": [16, 13, 13, 15], "texture": "#1"},
				"west": {"uv": [13, 13, 16, 15], "texture": "#1"},
				"up": {"uv": [16, 3, 13, 0], "texture": "#1"},
				"down": {"uv": [9, 3, 12, 0], "texture": "#1"}
			}
		},
		{
			"from": [4, 5, 4],
			"to": [6, 16, 6],
			"rotation": {"angle": 0, "axis": "y", "origin": [-2.4, 2.6, -2.4]},
			"faces": {
				"north": {"uv": [9, 3, 11, 14], "texture": "#4"},
				"east": {"uv": [9, 3, 11, 14], "texture": "#4"},
				"south": {"uv": [9, 3, 11, 14], "texture": "#4"},
				"west": {"uv": [9, 3, 11, 14], "texture": "#4"},
				"up": {"uv": [13, 0, 15, 2], "texture": "#4"}
			}
		},
		{
			"from": [10, 5, 4],
			"to": [12, 12, 6],
			"rotation": {"angle": 0, "axis": "y", "origin": [3.6, 2.6, -2.4]},
			"faces": {
				"north": {"uv": [3, 7, 5, 14], "texture": "#4"},
				"east": {"uv": [3, 7, 5, 14], "texture": "#4"},
				"south": {"uv": [3, 7, 5, 14], "texture": "#4"},
				"west": {"uv": [3, 7, 5, 14], "texture": "#4"},
				"up": {"uv": [13, 0, 15, 2], "texture": "#4"}
			}
		},
		{
			"from": [4, 5, 10],
			"to": [6, 12, 12],
			"rotation": {"angle": 0, "axis": "y", "origin": [-2.4, 2.6, 3.6]},
			"faces": {
				"north": {"uv": [3, 7, 5, 14], "texture": "#4"},
				"east": {"uv": [3, 7, 5, 14], "texture": "#4"},
				"south": {"uv": [3, 7, 5, 14], "texture": "#4"},
				"west": {"uv": [3, 7, 5, 14], "texture": "#4"},
				"up": {"uv": [13, 0, 15, 2], "texture": "#4"}
			}
		},
		{
			"from": [5, 13, 11],
			"to": [17, 22, 11],
			"rotation": {"angle": 0, "axis": "y", "origin": [11, 17.5, 11]},
			"faces": {
				"north": {"uv": [2, 0, 14, 9], "texture": "#3"},
				"south": {"uv": [14, 0, 2, 9], "texture": "#3"}
			}
		},
		{
			"from": [11, 13, 5],
			"to": [11, 22, 17],
			"rotation": {"angle": 0, "axis": "y", "origin": [10, 13, 7]},
			"faces": {
				"east": {"uv": [2, 0, 14, 9], "texture": "#3"},
				"west": {"uv": [14, 0, 2, 9], "texture": "#3"}
			}
		},
		{
			"from": [10, 6, 10],
			"to": [12, 22, 12],
			"rotation": {"angle": 0, "axis": "y", "origin": [3.6, 8.6, 3.6]},
			"faces": {
				"north": {"uv": [6, 0, 8, 16], "texture": "#4"},
				"east": {"uv": [6, 0, 8, 16], "texture": "#4"},
				"south": {"uv": [6, 0, 8, 16], "texture": "#4"},
				"west": {"uv": [6, 0, 8, 16], "texture": "#4"},
				"up": {"uv": [13, 0, 15, 2], "texture": "#4"}
			}
		},
		{
			"from": [5, 7, -1],
			"to": [5, 16, 11],
			"rotation": {"angle": 0, "axis": "y", "origin": [4, 7, 1]},
			"faces": {
				"east": {"uv": [14, 0, 2, 9], "texture": "#3"},
				"west": {"uv": [2, 0, 14, 9], "texture": "#3"}
			}
		},
		{
			"from": [-1, 7, 5],
			"to": [11, 16, 5],
			"rotation": {"angle": 0, "axis": "y", "origin": [5, 11.5, 5]},
			"faces": {
				"north": {"uv": [14, 0, 2, 9], "texture": "#3"},
				"south": {"uv": [2, 0, 14, 9], "texture": "#3"}
			}
		}
	],
	"groups": [
		{
			"name": "pot",
			"origin": [0, 0, 16],
			"color": 0,
			"children": [0, 1, 2, 3, 4, 5]
		},
		6,
		7,
		8,
		9,
		10,
		11,
		12,
		13
	]
}