{
	"credit": "Made with Blockbench",
	"parent": "block/block",
	"ambientocclusion": false,
	"textures": {
		"flower": "block/chorus_flower_stage0",
		"plant": "block/chorus_plant",
		"particle": "block/chorus_flower_base_stage0",
		"base": "block/chorus_flower_base_stage0"
	},
	"elements": [
		{
			"from": [2, 14, 2],
			"to": [14, 16, 14],
			"faces": {
				"north": {"uv": [2, 0, 14, 2], "texture": "#base"},
				"east": {"uv": [2, 0, 14, 2], "texture": "#base"},
				"south": {"uv": [2, 0, 14, 2], "texture": "#base"},
				"west": {"uv": [2, 0, 14, 2], "texture": "#base"},
				"up": {"uv": [2, 2, 14, 14], "texture": "#base"}
			}
		},
		{
			"from": [0, 2, 2],
			"to": [2, 14, 14],
			"faces": {
				"north": {"uv": [14, 2, 16, 14], "texture": "#base"},
				"south": {"uv": [0, 2, 2, 14], "texture": "#base"},
				"west": {"uv": [2, 2, 14, 14], "texture": "#base"},
				"up": {"uv": [0, 2, 2, 14], "texture": "#base"},
				"down": {"uv": [16, 14, 14, 2], "texture": "#base"}
			}
		},
		{
			"from": [2, 2, 0],
			"to": [14, 14, 2],
			"faces": {
				"north": {"uv": [2, 2, 14, 14], "texture": "#base"},
				"east": {"uv": [14, 2, 16, 14], "texture": "#base"},
				"west": {"uv": [0, 2, 2, 14], "texture": "#base"},
				"up": {"uv": [2, 0, 14, 2], "texture": "#base"},
				"down": {"uv": [14, 2, 2, 0], "texture": "#base"}
			}
		},
		{
			"from": [2, 2, 14],
			"to": [14, 14, 16],
			"faces": {
				"east": {"uv": [0, 2, 2, 14], "texture": "#base"},
				"south": {"uv": [2, 2, 14, 14], "texture": "#base"},
				"west": {"uv": [14, 2, 16, 14], "texture": "#base"},
				"up": {"uv": [2, 14, 14, 16], "texture": "#base"},
				"down": {"uv": [14, 16, 2, 14], "texture": "#base"}
			}
		},
		{
			"from": [14, 2, 2],
			"to": [16, 14, 14],
			"faces": {
				"north": {"uv": [0, 2, 2, 14], "texture": "#base"},
				"east": {"uv": [2, 2, 14, 14], "texture": "#base"},
				"south": {"uv": [14, 2, 16, 14], "texture": "#base"},
				"up": {"uv": [14, 2, 16, 14], "texture": "#base"},
				"down": {"uv": [2, 14, 0, 2], "texture": "#base"}
			}
		},
		{
			"from": [2, 0, 2],
			"to": [14, 2, 14],
			"faces": {
				"north": {"uv": [2, 14, 14, 16], "texture": "#base"},
				"east": {"uv": [2, 14, 14, 16], "texture": "#base"},
				"south": {"uv": [2, 14, 14, 16], "texture": "#base"},
				"west": {"uv": [2, 14, 14, 16], "texture": "#base"},
				"down": {"uv": [14, 14, 2, 2], "texture": "#plant"}
			}
		},
		{
			"from": [2, 2, 2],
			"to": [14, 14, 14],
			"faces": {
				"north": {"uv": [2, 2, 14, 14], "texture": "#base"},
				"east": {"uv": [2, 2, 14, 14], "texture": "#base"},
				"south": {"uv": [2, 2, 14, 14], "texture": "#base"},
				"west": {"uv": [2, 2, 14, 14], "texture": "#base"},
				"up": {"uv": [2, 2, 14, 14], "texture": "#base"},
				"down": {"uv": [14, 14, 2, 2], "texture": "#base"}
			}
		},
		{
			"from": [4.75, 15.75, 8],
			"to": [11.25, 15.75, 14.5],
			"rotation": {"angle": -22.5, "axis": "x", "origin": [8, 15.75, 8]},
			"faces": {
				"north": {"uv": [0, 0, 5.5, 0], "texture": "#missing"},
				"east": {"uv": [0, 0, 5.5, 0], "texture": "#missing"},
				"south": {"uv": [0, 0, 5.5, 0], "texture": "#missing"},
				"west": {"uv": [0, 0, 5.5, 0], "texture": "#missing"},
				"up": {"uv": [0, 0, 6.5, 6.5], "rotation": 180, "texture": "#flower"},
				"down": {"uv": [0, 0, 6.5, 6.5], "texture": "#flower"}
			}
		},
		{
			"from": [8, 15.75, 4.75],
			"to": [14.5, 15.75, 11.25],
			"rotation": {"angle": 22.5, "axis": "z", "origin": [8, 15.75, 8]},
			"faces": {
				"north": {"uv": [0, 0, 5.5, 0], "texture": "#missing"},
				"east": {"uv": [0, 0, 5.5, 0], "texture": "#missing"},
				"south": {"uv": [0, 0, 5.5, 0], "texture": "#missing"},
				"west": {"uv": [0, 0, 5.5, 0], "texture": "#missing"},
				"up": {"uv": [0, 0, 6.5, 6.5], "rotation": 90, "texture": "#flower"},
				"down": {"uv": [0, 0, 6.5, 6.5], "rotation": 90, "texture": "#flower"}
			}
		},
		{
			"from": [4.75, 15.75, 1.5],
			"to": [11.25, 15.75, 8],
			"rotation": {"angle": 22.5, "axis": "x", "origin": [8, 15.75, 8]},
			"faces": {
				"north": {"uv": [0, 0, 5.5, 0], "texture": "#missing"},
				"east": {"uv": [0, 0, 5.5, 0], "texture": "#missing"},
				"south": {"uv": [0, 0, 5.5, 0], "texture": "#missing"},
				"west": {"uv": [0, 0, 5.5, 0], "texture": "#missing"},
				"up": {"uv": [0, 0, 6.5, 6.5], "texture": "#flower"},
				"down": {"uv": [0, 0, 6.5, 6.5], "rotation": 180, "texture": "#flower"}
			}
		},
		{
			"from": [1.5, 15.75, 4.75],
			"to": [8, 15.75, 11.25],
			"rotation": {"angle": -22.5, "axis": "z", "origin": [8, 15.75, 8]},
			"faces": {
				"north": {"uv": [0, 0, 5.5, 0], "texture": "#missing"},
				"east": {"uv": [0, 0, 5.5, 0], "texture": "#missing"},
				"south": {"uv": [0, 0, 5.5, 0], "texture": "#missing"},
				"west": {"uv": [0, 0, 5.5, 0], "texture": "#missing"},
				"up": {"uv": [0, 0, 6.5, 6.5], "rotation": 270, "texture": "#flower"},
				"down": {"uv": [0, 0, 6.5, 6.5], "rotation": 270, "texture": "#flower"}
			}
		},
		{
			"from": [8, 16, 5.5],
			"to": [8, 19.5, 10.5],
			"rotation": {"angle": 0, "axis": "y", "origin": [8, 17.75, 8]},
			"faces": {
				"north": {"uv": [0, 0, 0, 3], "texture": "#missing"},
				"east": {"uv": [6.5, 2.5, 11.5, 6.5], "texture": "#flower"},
				"south": {"uv": [0, 0, 0, 3], "texture": "#missing"},
				"west": {"uv": [6.5, 3, 11.5, 6.5], "texture": "#flower"},
				"up": {"uv": [0, 0, 3, 0], "rotation": 270, "texture": "#missing"},
				"down": {"uv": [0, 0, 3, 0], "rotation": 90, "texture": "#missing"}
			}
		},
		{
			"from": [5.5, 16, 8],
			"to": [10.5, 19.5, 8],
			"rotation": {"angle": 0, "axis": "y", "origin": [8, 17.75, 8]},
			"faces": {
				"north": {"uv": [6.5, 3, 11.5, 6.5], "texture": "#flower"},
				"east": {"uv": [0, 0, 0, 3], "texture": "#missing"},
				"south": {"uv": [6.5, 2.5, 11.5, 6.5], "texture": "#flower"},
				"west": {"uv": [0, 0, 0, 3], "texture": "#missing"},
				"up": {"uv": [0, 0, 3, 0], "texture": "#missing"},
				"down": {"uv": [0, 0, 3, 0], "texture": "#missing"}
			}
		},
		{
			"from": [7, 16, 7],
			"to": [9, 16.5, 9],
			"rotation": {"angle": 0, "axis": "y", "origin": [7.5, 0, 7.5]},
			"faces": {
				"north": {"uv": [6.5, 0, 8.5, 0.5], "texture": "#flower"},
				"east": {"uv": [8, 0, 8.5, 2], "rotation": 90, "texture": "#flower"},
				"south": {"uv": [6.5, 1.5, 8.5, 2], "texture": "#flower"},
				"west": {"uv": [6.5, 0, 7, 2], "rotation": 90, "texture": "#flower"},
				"up": {"uv": [6.5, 0, 8.5, 2], "texture": "#flower"}
			}
		},
		{
			"from": [4.75, 8, 0.25],
			"to": [11.25, 14.5, 0.25],
			"rotation": {"angle": -22.5, "axis": "x", "origin": [8, 8, 0.25]},
			"faces": {
				"north": {"uv": [0, 0, 6.5, 6.5], "texture": "#flower"},
				"east": {"uv": [0, 0, 5.5, 0], "rotation": 90, "texture": "#missing"},
				"south": {"uv": [0, 0, 6.5, 6.5], "texture": "#flower"},
				"west": {"uv": [0, 0, 5.5, 0], "rotation": 270, "texture": "#missing"},
				"up": {"uv": [0, 0, 5.5, 0], "texture": "#missing"},
				"down": {"uv": [0, 0, 5.5, 0], "rotation": 180, "texture": "#missing"}
			}
		},
		{
			"from": [8, 4.75, 0.25],
			"to": [14.5, 11.25, 0.25],
			"rotation": {"angle": 22.5, "axis": "y", "origin": [8, 8, 0.25]},
			"faces": {
				"north": {"uv": [0, 0, 6.5, 6.5], "rotation": 270, "texture": "#flower"},
				"east": {"uv": [0, 0, 5.5, 0], "rotation": 90, "texture": "#missing"},
				"south": {"uv": [0, 0, 6.5, 6.5], "rotation": 90, "texture": "#flower"},
				"west": {"uv": [0, 0, 5.5, 0], "rotation": 270, "texture": "#missing"},
				"up": {"uv": [0, 0, 5.5, 0], "texture": "#missing"},
				"down": {"uv": [0, 0, 5.5, 0], "rotation": 180, "texture": "#missing"}
			}
		},
		{
			"from": [4.75, 1.5, 0.25],
			"to": [11.25, 8, 0.25],
			"rotation": {"angle": 22.5, "axis": "x", "origin": [8, 8, 0.25]},
			"faces": {
				"north": {"uv": [0, 0, 6.5, 6.5], "rotation": 180, "texture": "#flower"},
				"east": {"uv": [0, 0, 5.5, 0], "rotation": 90, "texture": "#missing"},
				"south": {"uv": [0, 0, 6.5, 6.5], "rotation": 180, "texture": "#flower"},
				"west": {"uv": [0, 0, 5.5, 0], "rotation": 270, "texture": "#missing"},
				"up": {"uv": [0, 0, 5.5, 0], "texture": "#missing"},
				"down": {"uv": [0, 0, 5.5, 0], "rotation": 180, "texture": "#missing"}
			}
		},
		{
			"from": [1.5, 4.75, 0.25],
			"to": [8, 11.25, 0.25],
			"rotation": {"angle": -22.5, "axis": "y", "origin": [8, 8, 0.25]},
			"faces": {
				"north": {"uv": [0, 0, 6.5, 6.5], "rotation": 90, "texture": "#flower"},
				"east": {"uv": [0, 0, 5.5, 0], "rotation": 90, "texture": "#missing"},
				"south": {"uv": [0, 0, 6.5, 6.5], "rotation": 270, "texture": "#flower"},
				"west": {"uv": [0, 0, 5.5, 0], "rotation": 270, "texture": "#missing"},
				"up": {"uv": [0, 0, 5.5, 0], "texture": "#missing"},
				"down": {"uv": [0, 0, 5.5, 0], "rotation": 180, "texture": "#missing"}
			}
		},
		{
			"from": [5.5, 8, -3.5],
			"to": [10.5, 8, 0],
			"rotation": {"angle": 0, "axis": "x", "origin": [8, 8, 8]},
			"faces": {
				"north": {"uv": [0, 0, 3, 0], "rotation": 180, "texture": "#missing"},
				"east": {"uv": [0, 0, 0, 3], "rotation": 90, "texture": "#missing"},
				"south": {"uv": [0, 0, 3, 0], "texture": "#missing"},
				"west": {"uv": [0, 0, 0, 3], "rotation": 270, "texture": "#missing"},
				"up": {"uv": [6.5, 2.5, 11.5, 6.5], "texture": "#flower"},
				"down": {"uv": [6.5, 3, 11.5, 6.5], "rotation": 180, "texture": "#flower"}
			}
		},
		{
			"from": [8, 5.5, -3.5],
			"to": [8, 10.5, 0],
			"rotation": {"angle": 0, "axis": "x", "origin": [8, 8, 8]},
			"faces": {
				"north": {"uv": [0, 0, 3, 0], "rotation": 90, "texture": "#missing"},
				"east": {"uv": [6.5, 2.5, 11.5, 6.5], "rotation": 90, "texture": "#flower"},
				"south": {"uv": [0, 0, 3, 0], "rotation": 90, "texture": "#missing"},
				"west": {"uv": [6.5, 3, 11.5, 6.5], "rotation": 270, "texture": "#flower"},
				"up": {"uv": [0, 0, 0, 3], "texture": "#missing"},
				"down": {"uv": [0, 0, 0, 3], "rotation": 180, "texture": "#missing"}
			}
		},
		{
			"from": [7, 7, -0.5],
			"to": [9, 9, 0],
			"rotation": {"angle": 0, "axis": "x", "origin": [8, 8, 8]},
			"faces": {
				"north": {"uv": [6.5, 0, 8.5, 2], "rotation": 180, "texture": "#flower"},
				"east": {"uv": [8, 0, 8.5, 2], "rotation": 180, "texture": "#flower"},
				"west": {"uv": [6.5, 0, 7, 2], "texture": "#flower"},
				"up": {"uv": [6.5, 1.5, 8.5, 2], "texture": "#flower"},
				"down": {"uv": [6.5, 0, 8.5, 0.5], "rotation": 180, "texture": "#flower"}
			}
		},
		{
			"from": [4.75, 8, 15.75],
			"to": [11.25, 14.5, 15.75],
			"rotation": {"angle": 22.5, "axis": "x", "origin": [8, 8, 15.75]},
			"faces": {
				"north": {"uv": [6.5, 0, 0, 6.5], "texture": "#flower"},
				"east": {"uv": [0, 0, 5.5, 0], "rotation": 90, "texture": "#missing"},
				"south": {"uv": [6.5, 0, 0, 6.5], "texture": "#flower"},
				"west": {"uv": [0, 0, 5.5, 0], "rotation": 270, "texture": "#missing"},
				"up": {"uv": [0, 0, 5.5, 0], "texture": "#missing"},
				"down": {"uv": [0, 0, 5.5, 0], "rotation": 180, "texture": "#missing"}
			}
		},
		{
			"from": [8, 4.75, 15.75],
			"to": [14.5, 11.25, 15.75],
			"rotation": {"angle": -22.5, "axis": "y", "origin": [8, 8, 15.75]},
			"faces": {
				"north": {"uv": [0, 6.5, 6.5, 0], "rotation": 90, "texture": "#flower"},
				"east": {"uv": [0, 0, 5.5, 0], "rotation": 90, "texture": "#missing"},
				"south": {"uv": [0, 6.5, 6.5, 0], "rotation": 270, "texture": "#flower"},
				"west": {"uv": [0, 0, 5.5, 0], "rotation": 270, "texture": "#missing"},
				"up": {"uv": [0, 0, 5.5, 0], "texture": "#missing"},
				"down": {"uv": [0, 0, 5.5, 0], "rotation": 180, "texture": "#missing"}
			}
		},
		{
			"from": [4.75, 1.5, 15.75],
			"to": [11.25, 8, 15.75],
			"rotation": {"angle": -22.5, "axis": "x", "origin": [8, 8, 15.75]},
			"faces": {
				"north": {"uv": [6.5, 0, 0, 6.5], "rotation": 180, "texture": "#flower"},
				"east": {"uv": [0, 0, 5.5, 0], "rotation": 90, "texture": "#missing"},
				"south": {"uv": [6.5, 0, 0, 6.5], "rotation": 180, "texture": "#flower"},
				"west": {"uv": [0, 0, 5.5, 0], "rotation": 270, "texture": "#missing"},
				"up": {"uv": [0, 0, 5.5, 0], "texture": "#missing"},
				"down": {"uv": [0, 0, 5.5, 0], "rotation": 180, "texture": "#missing"}
			}
		},
		{
			"from": [1.5, 4.75, 15.75],
			"to": [8, 11.25, 15.75],
			"rotation": {"angle": 22.5, "axis": "y", "origin": [8, 8, 15.75]},
			"faces": {
				"north": {"uv": [0, 6.5, 6.5, 0], "rotation": 270, "texture": "#flower"},
				"east": {"uv": [0, 0, 5.5, 0], "rotation": 90, "texture": "#missing"},
				"south": {"uv": [0, 6.5, 6.5, 0], "rotation": 90, "texture": "#flower"},
				"west": {"uv": [0, 0, 5.5, 0], "rotation": 270, "texture": "#missing"},
				"up": {"uv": [0, 0, 5.5, 0], "texture": "#missing"},
				"down": {"uv": [0, 0, 5.5, 0], "rotation": 180, "texture": "#missing"}
			}
		},
		{
			"from": [5.5, 8, 16],
			"to": [10.5, 8, 19.5],
			"rotation": {"angle": 0, "axis": "x", "origin": [8, 8, 8]},
			"faces": {
				"north": {"uv": [3, 0, 0, 0], "texture": "#missing"},
				"east": {"uv": [0, 3, 0, 0], "rotation": 90, "texture": "#missing"},
				"south": {"uv": [3, 0, 0, 0], "rotation": 180, "texture": "#missing"},
				"west": {"uv": [0, 3, 0, 0], "rotation": 270, "texture": "#missing"},
				"up": {"uv": [6.5, 6.5, 11.5, 2.5], "texture": "#flower"},
				"down": {"uv": [6.5, 6.5, 11.5, 3], "rotation": 180, "texture": "#flower"}
			}
		},
		{
			"from": [8, 5.5, 16],
			"to": [8, 10.5, 19.5],
			"rotation": {"angle": 0, "axis": "x", "origin": [8, 8, 8]},
			"faces": {
				"north": {"uv": [0, 0, 3, 0], "rotation": 90, "texture": "#missing"},
				"east": {"uv": [6.5, 6.5, 11.5, 2.5], "rotation": 90, "texture": "#flower"},
				"south": {"uv": [0, 0, 3, 0], "rotation": 90, "texture": "#missing"},
				"west": {"uv": [6.5, 6.5, 11.5, 3], "rotation": 270, "texture": "#flower"},
				"up": {"uv": [0, 3, 0, 0], "texture": "#missing"},
				"down": {"uv": [0, 3, 0, 0], "rotation": 180, "texture": "#missing"}
			}
		},
		{
			"from": [7, 7, 16],
			"to": [9, 9, 16.5],
			"rotation": {"angle": 0, "axis": "x", "origin": [8, 8, 8]},
			"faces": {
				"east": {"uv": [8.5, 0, 8, 2], "rotation": 180, "texture": "#flower"},
				"south": {"uv": [8.5, 0, 6.5, 2], "rotation": 180, "texture": "#flower"},
				"west": {"uv": [7, 0, 6.5, 2], "texture": "#flower"},
				"up": {"uv": [6.5, 2, 8.5, 1.5], "texture": "#flower"},
				"down": {"uv": [6.5, 0.5, 8.5, 0], "rotation": 180, "texture": "#flower"}
			}
		},
		{
			"from": [0, 8, 4.75],
			"to": [0, 14.5, 11.25],
			"rotation": {"angle": 22.5, "axis": "z", "origin": [0, 8, 8]},
			"faces": {
				"north": {"uv": [0, 0, 5.5, 0], "rotation": 270, "texture": "#missing"},
				"east": {"uv": [6.5, 0, 0, 6.5], "texture": "#flower"},
				"south": {"uv": [0, 0, 5.5, 0], "rotation": 90, "texture": "#missing"},
				"west": {"uv": [6.5, 0, 0, 6.5], "texture": "#flower"},
				"up": {"uv": [0, 0, 5.5, 0], "rotation": 90, "texture": "#missing"},
				"down": {"uv": [0, 0, 5.5, 0], "rotation": 90, "texture": "#missing"}
			}
		},
		{
			"from": [0, 4.75, 8],
			"to": [0, 11.25, 14.5],
			"rotation": {"angle": -22.5, "axis": "y", "origin": [0, 8, 8]},
			"faces": {
				"north": {"uv": [0, 0, 5.5, 0], "rotation": 270, "texture": "#missing"},
				"east": {"uv": [0, 6.5, 6.5, 0], "rotation": 90, "texture": "#flower"},
				"south": {"uv": [0, 0, 5.5, 0], "rotation": 90, "texture": "#missing"},
				"west": {"uv": [0, 6.5, 6.5, 0], "rotation": 270, "texture": "#flower"},
				"up": {"uv": [0, 0, 5.5, 0], "rotation": 90, "texture": "#missing"},
				"down": {"uv": [0, 0, 5.5, 0], "rotation": 90, "texture": "#missing"}
			}
		},
		{
			"from": [0, 1.5, 4.75],
			"to": [0, 8, 11.25],
			"rotation": {"angle": -22.5, "axis": "z", "origin": [0, 8, 8]},
			"faces": {
				"north": {"uv": [0, 0, 5.5, 0], "rotation": 270, "texture": "#missing"},
				"east": {"uv": [6.5, 0, 0, 6.5], "rotation": 180, "texture": "#flower"},
				"south": {"uv": [0, 0, 5.5, 0], "rotation": 90, "texture": "#missing"},
				"west": {"uv": [6.5, 0, 0, 6.5], "rotation": 180, "texture": "#flower"},
				"up": {"uv": [0, 0, 5.5, 0], "rotation": 90, "texture": "#missing"},
				"down": {"uv": [0, 0, 5.5, 0], "rotation": 90, "texture": "#missing"}
			}
		},
		{
			"from": [0, 4.75, 1.5],
			"to": [0, 11.25, 8],
			"rotation": {"angle": 22.5, "axis": "y", "origin": [0, 8, 8]},
			"faces": {
				"north": {"uv": [0, 0, 5.5, 0], "rotation": 270, "texture": "#missing"},
				"east": {"uv": [0, 6.5, 6.5, 0], "rotation": 270, "texture": "#flower"},
				"south": {"uv": [0, 0, 5.5, 0], "rotation": 90, "texture": "#missing"},
				"west": {"uv": [0, 6.5, 6.5, 0], "rotation": 90, "texture": "#flower"},
				"up": {"uv": [0, 0, 5.5, 0], "rotation": 90, "texture": "#missing"},
				"down": {"uv": [0, 0, 5.5, 0], "rotation": 90, "texture": "#missing"}
			}
		},
		{
			"from": [-3.75, 8, 5.5],
			"to": [-0.25, 8, 10.5],
			"rotation": {"angle": 0, "axis": "x", "origin": [7.75, 8, 8]},
			"faces": {
				"north": {"uv": [0, 3, 0, 0], "rotation": 270, "texture": "#missing"},
				"east": {"uv": [3, 0, 0, 0], "texture": "#missing"},
				"south": {"uv": [0, 3, 0, 0], "rotation": 90, "texture": "#missing"},
				"west": {"uv": [3, 0, 0, 0], "rotation": 180, "texture": "#missing"},
				"up": {"uv": [6.5, 6.5, 11.5, 2.5], "rotation": 90, "texture": "#flower"},
				"down": {"uv": [6.5, 6.5, 11.5, 3], "rotation": 90, "texture": "#flower"}
			}
		},
		{
			"from": [-3.75, 5.5, 8],
			"to": [-0.25, 10.5, 8],
			"rotation": {"angle": 0, "axis": "x", "origin": [7.75, 8, 8]},
			"faces": {
				"north": {"uv": [6.5, 6.5, 11.5, 3], "rotation": 270, "texture": "#flower"},
				"east": {"uv": [0, 0, 3, 0], "rotation": 90, "texture": "#missing"},
				"south": {"uv": [6.5, 6.5, 11.5, 2.5], "rotation": 90, "texture": "#flower"},
				"west": {"uv": [0, 0, 3, 0], "rotation": 90, "texture": "#missing"},
				"up": {"uv": [0, 3, 0, 0], "rotation": 90, "texture": "#missing"},
				"down": {"uv": [0, 3, 0, 0], "rotation": 90, "texture": "#missing"}
			}
		},
		{
			"from": [-0.75, 7, 7],
			"to": [-0.25, 9, 9],
			"rotation": {"angle": 0, "axis": "x", "origin": [7.75, 8, 8]},
			"faces": {
				"north": {"uv": [7, 0, 6.5, 2], "texture": "#flower"},
				"south": {"uv": [8.5, 0, 8, 2], "rotation": 180, "texture": "#flower"},
				"west": {"uv": [8.5, 0, 6.5, 2], "rotation": 180, "texture": "#flower"},
				"up": {"uv": [6.5, 2, 8.5, 1.5], "rotation": 90, "texture": "#flower"},
				"down": {"uv": [6.5, 0.5, 8.5, 0], "rotation": 90, "texture": "#flower"}
			}
		},
		{
			"from": [16, 8, 4.75],
			"to": [16, 14.5, 11.25],
			"rotation": {"angle": -22.5, "axis": "z", "origin": [16, 8, 8]},
			"faces": {
				"north": {"uv": [0, 0, 5.5, 0], "rotation": 270, "texture": "#missing"},
				"east": {"uv": [0, 0, 6.5, 6.5], "texture": "#flower"},
				"south": {"uv": [0, 0, 5.5, 0], "rotation": 90, "texture": "#missing"},
				"west": {"uv": [0, 0, 6.5, 6.5], "texture": "#flower"},
				"up": {"uv": [0, 0, 5.5, 0], "rotation": 90, "texture": "#missing"},
				"down": {"uv": [0, 0, 5.5, 0], "rotation": 90, "texture": "#missing"}
			}
		},
		{
			"from": [16, 4.75, 8],
			"to": [16, 11.25, 14.5],
			"rotation": {"angle": 22.5, "axis": "y", "origin": [16, 8, 8]},
			"faces": {
				"north": {"uv": [0, 0, 5.5, 0], "rotation": 270, "texture": "#missing"},
				"east": {"uv": [0, 0, 6.5, 6.5], "rotation": 270, "texture": "#flower"},
				"south": {"uv": [0, 0, 5.5, 0], "rotation": 90, "texture": "#missing"},
				"west": {"uv": [0, 0, 6.5, 6.5], "rotation": 90, "texture": "#flower"},
				"up": {"uv": [0, 0, 5.5, 0], "rotation": 90, "texture": "#missing"},
				"down": {"uv": [0, 0, 5.5, 0], "rotation": 90, "texture": "#missing"}
			}
		},
		{
			"from": [16, 1.5, 4.75],
			"to": [16, 8, 11.25],
			"rotation": {"angle": 22.5, "axis": "z", "origin": [16, 8, 8]},
			"faces": {
				"north": {"uv": [0, 0, 5.5, 0], "rotation": 270, "texture": "#missing"},
				"east": {"uv": [0, 0, 6.5, 6.5], "rotation": 180, "texture": "#flower"},
				"south": {"uv": [0, 0, 5.5, 0], "rotation": 90, "texture": "#missing"},
				"west": {"uv": [0, 0, 6.5, 6.5], "rotation": 180, "texture": "#flower"},
				"up": {"uv": [0, 0, 5.5, 0], "rotation": 90, "texture": "#missing"},
				"down": {"uv": [0, 0, 5.5, 0], "rotation": 90, "texture": "#missing"}
			}
		},
		{
			"from": [16, 4.75, 1.5],
			"to": [16, 11.25, 8],
			"rotation": {"angle": -22.5, "axis": "y", "origin": [16, 8, 8]},
			"faces": {
				"north": {"uv": [0, 0, 5.5, 0], "rotation": 270, "texture": "#missing"},
				"east": {"uv": [0, 0, 6.5, 6.5], "rotation": 90, "texture": "#flower"},
				"south": {"uv": [0, 0, 5.5, 0], "rotation": 90, "texture": "#missing"},
				"west": {"uv": [0, 0, 6.5, 6.5], "rotation": 270, "texture": "#flower"},
				"up": {"uv": [0, 0, 5.5, 0], "rotation": 90, "texture": "#missing"},
				"down": {"uv": [0, 0, 5.5, 0], "rotation": 90, "texture": "#missing"}
			}
		},
		{
			"from": [16.25, 8, 5.5],
			"to": [19.75, 8, 10.5],
			"rotation": {"angle": 0, "axis": "x", "origin": [8.25, 8, 8]},
			"faces": {
				"north": {"uv": [0, 0, 0, 3], "rotation": 270, "texture": "#missing"},
				"east": {"uv": [0, 0, 3, 0], "rotation": 180, "texture": "#missing"},
				"south": {"uv": [0, 0, 0, 3], "rotation": 90, "texture": "#missing"},
				"west": {"uv": [0, 0, 3, 0], "texture": "#missing"},
				"up": {"uv": [6.5, 2.5, 11.5, 6.5], "rotation": 90, "texture": "#flower"},
				"down": {"uv": [6.5, 3, 11.5, 6.5], "rotation": 90, "texture": "#flower"}
			}
		},
		{
			"from": [16.25, 5.5, 8],
			"to": [19.75, 10.5, 8],
			"rotation": {"angle": 0, "axis": "x", "origin": [8.25, 8, 8]},
			"faces": {
				"north": {"uv": [6.5, 3, 11.5, 6.5], "rotation": 270, "texture": "#flower"},
				"east": {"uv": [0, 0, 3, 0], "rotation": 90, "texture": "#missing"},
				"south": {"uv": [6.5, 2.5, 11.5, 6.5], "rotation": 90, "texture": "#flower"},
				"west": {"uv": [0, 0, 3, 0], "rotation": 90, "texture": "#missing"},
				"up": {"uv": [0, 0, 0, 3], "rotation": 90, "texture": "#missing"},
				"down": {"uv": [0, 0, 0, 3], "rotation": 90, "texture": "#missing"}
			}
		},
		{
			"from": [16.25, 7, 7],
			"to": [16.75, 9, 9],
			"rotation": {"angle": 0, "axis": "x", "origin": [8.25, 8, 8]},
			"faces": {
				"north": {"uv": [6.5, 0, 7, 2], "texture": "#flower"},
				"east": {"uv": [6.5, 0, 8.5, 2], "rotation": 180, "texture": "#flower"},
				"south": {"uv": [8, 0, 8.5, 2], "rotation": 180, "texture": "#flower"},
				"up": {"uv": [6.5, 1.5, 8.5, 2], "rotation": 90, "texture": "#flower"},
				"down": {"uv": [6.5, 0, 8.5, 0.5], "rotation": 90, "texture": "#flower"}
			}
		}
	],
	"groups": [
		{
			"name": "Base",
			"origin": [0, 0, 0],
			"color": 0,
			"children": [0, 1, 2, 3, 4, 5, 6]
		},
		{
			"name": "Flower Up",
			"origin": [7.5, 0, 7.5],
			"color": 0,
			"children": [7, 8, 9, 10, 11, 12, 13]
		},
		{
			"name": "Flower N",
			"origin": [8, 8, 8],
			"color": 0,
			"children": [14, 15, 16, 17, 18, 19, 20]
		},
		{
			"name": "Flower S",
			"origin": [8, 8, 8],
			"color": 0,
			"children": [21, 22, 23, 24, 25, 26, 27]
		},
		{
			"name": "Flower W",
			"origin": [8, 8, 8],
			"color": 0,
			"children": [28, 29, 30, 31, 32, 33, 34]
		},
		{
			"name": "Flower E",
			"origin": [8, 8, 8],
			"color": 0,
			"children": [35, 36, 37, 38, 39, 40, 41]
		}
	]
}